downtime_id,date,machine_id,line_id,shift_id,downtime_reason,downtime_minutes,planned_flag
DT-000001,2026-01-09,M-005,LINE-02,S1,Electrical Failure,75.3,No
DT-000002,2026-06-12,M-008,LINE-03,S2,Electrical Failure,30.6,No
DT-000003,2026-06-14,M-009,LINE-03,S2,Quality Hold,21.0,No
DT-000004,2026-05-23,M-010,LINE-04,S1,Changeover,6.2,Yes
DT-000005,2026-01-27,M-011,LINE-04,S1,Mechanical Failure,8.3,No
DT-000006,2026-06-19,M-007,LINE-03,S1,Preventive Maintenance,61.9,Yes
DT-000007,2026-04-22,M-009,LINE-03,S1,Material Shortage,33.6,No
DT-000008,2026-06-18,M-008,LINE-03,S2,Mechanical Failure,124.6,No
DT-000009,2026-01-10,M-003,LINE-01,S3,Operator Delay,27.2,No
DT-000010,2026-06-09,M-008,LINE-03,S3,Changeover,27.1,Yes
DT-000011,2026-06-20,M-003,LINE-01,S1,Changeover,31.1,Yes
DT-000012,2026-03-11,M-012,LINE-04,S3,Mechanical Failure,3.7,No
DT-000013,2026-05-01,M-002,LINE-01,S1,Mechanical Failure,25.6,No
DT-000014,2026-01-21,M-008,LINE-03,S2,Mechanical Failure,41.3,No
DT-000015,2026-01-04,M-005,LINE-02,S2,Material Shortage,69.4,No
DT-000016,2026-04-23,M-008,LINE-03,S2,Mechanical Failure,62.9,No
DT-000017,2026-06-03,M-012,LINE-04,S1,Material Shortage,22.8,No
DT-000018,2026-03-23,M-007,LINE-03,S2,Mechanical Failure,40.8,No
DT-000019,2026-04-06,M-002,LINE-01,S1,Changeover,6.8,Yes
DT-000020,2026-05-24,M-010,LINE-04,S2,Quality Hold,26.1,No
DT-000021,2026-01-09,M-008,LINE-03,S2,Mechanical Failure,42.5,No
DT-000022,2026-04-30,M-012,LINE-04,S1,Mechanical Failure,57.4,No
DT-000023,2026-04-05,M-003,LINE-01,S1,Changeover,14.7,Yes
DT-000024,2026-04-26,M-005,LINE-02,S3,Mechanical Failure,41.3,No
DT-000025,2026-05-17,M-011,LINE-04,S1,Operator Delay,7.3,No
DT-000026,2026-05-04,M-004,LINE-02,S2,Mechanical Failure,5.1,No
DT-000027,2026-04-29,M-011,LINE-04,S3,Material Shortage,53.0,No
DT-000028,2026-02-26,M-010,LINE-04,S2,Preventive Maintenance,8.8,Yes
DT-000029,2026-04-06,M-012,LINE-04,S1,Material Shortage,60.3,No
DT-000030,2026-03-18,M-012,LINE-04,S3,Mechanical Failure,35.1,No
DT-000031,2026-02-02,M-009,LINE-03,S1,Preventive Maintenance,9.5,Yes
DT-000032,2026-03-18,M-003,LINE-01,S1,Mechanical Failure,37.8,No
DT-000033,2026-06-01,M-002,LINE-01,S1,Electrical Failure,11.7,No
DT-000034,2026-06-25,M-002,LINE-01,S1,Changeover,18.2,Yes
DT-000035,2026-02-28,M-010,LINE-04,S3,Mechanical Failure,33.3,No
DT-000036,2026-04-23,M-009,LINE-03,S3,Electrical Failure,12.6,No
DT-000037,2026-04-13,M-001,LINE-01,S1,Cleaning,59.4,No
DT-000038,2026-05-14,M-003,LINE-01,S3,Material Shortage,35.6,No
DT-000039,2026-04-20,M-009,LINE-03,S2,Electrical Failure,13.3,No
DT-000040,2026-06-21,M-008,LINE-03,S3,Electrical Failure,11.1,No
DT-000041,2026-02-19,M-008,LINE-03,S1,Operator Delay,5.3,No
DT-000042,2026-01-22,M-010,LINE-04,S2,Cleaning,14.7,No
DT-000043,2026-02-26,M-004,LINE-02,S1,Quality Hold,16.3,No
DT-000044,2026-01-25,M-004,LINE-02,S3,Mechanical Failure,43.1,No
DT-000045,2026-04-02,M-008,LINE-03,S2,Mechanical Failure,165.8,No
DT-000046,2026-05-29,M-010,LINE-04,S3,Electrical Failure,24.5,No
DT-000047,2026-05-28,M-012,LINE-04,S2,Changeover,74.5,Yes
DT-000048,2026-06-24,M-001,LINE-01,S3,Mechanical Failure,43.9,No
DT-000049,2026-04-19,M-004,LINE-02,S2,Cleaning,4.8,No
DT-000050,2026-06-19,M-008,LINE-03,S2,Electrical Failure,21.4,No
DT-000051,2026-06-19,M-006,LINE-02,S2,Changeover,7.9,Yes
DT-000052,2026-01-07,M-009,LINE-03,S1,Mechanical Failure,45.4,No
DT-000053,2026-06-06,M-007,LINE-03,S2,Mechanical Failure,29.6,No
DT-000054,2026-03-03,M-008,LINE-03,S3,Mechanical Failure,42.6,No
DT-000055,2026-01-17,M-003,LINE-01,S1,Operator Delay,23.5,No
DT-000056,2026-02-02,M-001,LINE-01,S1,Cleaning,11.3,No
DT-000057,2026-06-25,M-006,LINE-02,S2,Electrical Failure,57.9,No
DT-000058,2026-04-19,M-007,LINE-03,S2,Changeover,20.1,Yes
DT-000059,2026-06-13,M-010,LINE-04,S1,Electrical Failure,20.8,No
DT-000060,2026-05-07,M-008,LINE-03,S1,Cleaning,14.9,No
DT-000061,2026-04-03,M-008,LINE-03,S2,Material Shortage,18.2,No
DT-000062,2026-06-24,M-008,LINE-03,S1,Electrical Failure,26.2,No
DT-000063,2026-06-28,M-009,LINE-03,S1,Electrical Failure,26.1,No
DT-000064,2026-06-02,M-007,LINE-03,S1,Changeover,8.9,Yes
DT-000065,2026-01-01,M-011,LINE-04,S2,Electrical Failure,34.6,No
DT-000066,2026-01-14,M-009,LINE-03,S1,Mechanical Failure,40.3,No
DT-000067,2026-03-05,M-009,LINE-03,S1,Mechanical Failure,37.2,No
DT-000068,2026-02-25,M-012,LINE-04,S2,Changeover,22.6,Yes
DT-000069,2026-03-23,M-004,LINE-02,S1,Cleaning,62.9,No
DT-000070,2026-01-08,M-010,LINE-04,S1,Mechanical Failure,24.8,No
DT-000071,2026-02-08,M-012,LINE-04,S3,Mechanical Failure,15.4,No
DT-000072,2026-02-20,M-001,LINE-01,S1,Electrical Failure,23.8,No
DT-000073,2026-05-22,M-006,LINE-02,S1,Electrical Failure,29.9,No
DT-000074,2026-01-04,M-004,LINE-02,S1,Electrical Failure,84.7,No
DT-000075,2026-04-19,M-012,LINE-04,S1,Electrical Failure,18.4,No
DT-000076,2026-06-16,M-002,LINE-01,S2,Changeover,10.3,Yes
DT-000077,2026-01-22,M-010,LINE-04,S3,Material Shortage,19.2,No
DT-000078,2026-01-26,M-003,LINE-01,S1,Electrical Failure,6.7,No
DT-000079,2026-05-14,M-009,LINE-03,S3,Mechanical Failure,39.8,No
DT-000080,2026-01-28,M-003,LINE-01,S3,Electrical Failure,33.7,No
DT-000081,2026-05-16,M-003,LINE-01,S3,Cleaning,21.6,No
DT-000082,2026-03-19,M-008,LINE-03,S2,Mechanical Failure,14.6,No
DT-000083,2026-01-15,M-002,LINE-01,S2,Cleaning,37.3,No
DT-000084,2026-03-19,M-012,LINE-04,S3,Cleaning,13.3,No
DT-000085,2026-03-30,M-008,LINE-03,S1,Mechanical Failure,63.1,No
DT-000086,2026-06-19,M-004,LINE-02,S3,Material Shortage,5.2,No
DT-000087,2026-05-06,M-001,LINE-01,S1,Cleaning,16.5,No
DT-000088,2026-06-02,M-006,LINE-02,S2,Electrical Failure,35.4,No
DT-000089,2026-01-10,M-002,LINE-01,S2,Quality Hold,37.4,No
DT-000090,2026-05-01,M-009,LINE-03,S2,Mechanical Failure,28.4,No
DT-000091,2026-05-15,M-011,LINE-04,S2,Electrical Failure,14.5,No
DT-000092,2026-04-07,M-004,LINE-02,S2,Mechanical Failure,30.9,No
DT-000093,2026-04-30,M-008,LINE-03,S3,Cleaning,16.8,No
DT-000094,2026-04-22,M-001,LINE-01,S3,Mechanical Failure,18.2,No
DT-000095,2026-06-29,M-001,LINE-01,S3,Electrical Failure,34.9,No
DT-000096,2026-02-12,M-003,LINE-01,S1,Cleaning,24.6,No
DT-000097,2026-02-12,M-009,LINE-03,S1,Electrical Failure,76.8,No
DT-000098,2026-01-24,M-001,LINE-01,S1,Electrical Failure,42.6,No
DT-000099,2026-04-09,M-012,LINE-04,S1,Electrical Failure,5.9,No
DT-000100,2026-04-01,M-009,LINE-03,S1,Mechanical Failure,13.6,No
DT-000101,2026-03-22,M-006,LINE-02,S2,Mechanical Failure,3.0,No
DT-000102,2026-05-26,M-003,LINE-01,S1,Electrical Failure,25.4,No
DT-000103,2026-02-17,M-004,LINE-02,S2,Electrical Failure,34.5,No
DT-000104,2026-01-07,M-009,LINE-03,S1,Material Shortage,80.4,No
DT-000105,2026-04-03,M-008,LINE-03,S1,Mechanical Failure,18.8,No
DT-000106,2026-03-02,M-001,LINE-01,S1,Electrical Failure,40.5,No
DT-000107,2026-05-09,M-004,LINE-02,S1,Mechanical Failure,45.7,No
DT-000108,2026-06-07,M-011,LINE-04,S3,Quality Hold,18.6,No
DT-000109,2026-04-18,M-009,LINE-03,S1,Quality Hold,17.4,No
DT-000110,2026-03-30,M-001,LINE-01,S2,Mechanical Failure,94.9,No
DT-000111,2026-01-24,M-011,LINE-04,S1,Mechanical Failure,14.3,No
DT-000112,2026-04-03,M-006,LINE-02,S2,Mechanical Failure,52.9,No
DT-000113,2026-04-05,M-002,LINE-01,S1,Cleaning,6.0,No
DT-000114,2026-04-21,M-010,LINE-04,S1,Cleaning,31.1,No
DT-000115,2026-02-19,M-007,LINE-03,S2,Cleaning,4.5,No
DT-000116,2026-02-06,M-004,LINE-02,S2,Mechanical Failure,18.5,No
DT-000117,2026-05-13,M-006,LINE-02,S1,Mechanical Failure,5.7,No
DT-000118,2026-03-05,M-011,LINE-04,S1,Operator Delay,3.0,No
DT-000119,2026-03-27,M-001,LINE-01,S1,Electrical Failure,22.0,No
DT-000120,2026-05-26,M-006,LINE-02,S3,Mechanical Failure,95.6,No
DT-000121,2026-03-29,M-003,LINE-01,S1,Electrical Failure,20.3,No
DT-000122,2026-02-27,M-010,LINE-04,S3,Operator Delay,20.9,No
DT-000123,2026-06-16,M-008,LINE-03,S1,Cleaning,37.7,No
DT-000124,2026-04-02,M-012,LINE-04,S2,Electrical Failure,52.1,No
DT-000125,2026-04-16,M-003,LINE-01,S1,Cleaning,3.0,No
DT-000126,2026-05-15,M-010,LINE-04,S3,Electrical Failure,89.5,No
DT-000127,2026-05-24,M-005,LINE-02,S1,Mechanical Failure,62.6,No
DT-000128,2026-06-15,M-001,LINE-01,S3,Material Shortage,12.0,No
DT-000129,2026-03-03,M-002,LINE-01,S1,Mechanical Failure,20.5,No
DT-000130,2026-06-10,M-002,LINE-01,S1,Mechanical Failure,61.0,No
DT-000131,2026-03-11,M-011,LINE-04,S1,Electrical Failure,29.7,No
DT-000132,2026-01-09,M-010,LINE-04,S1,Operator Delay,10.7,No
DT-000133,2026-04-04,M-003,LINE-01,S2,Quality Hold,28.4,No
DT-000134,2026-02-21,M-012,LINE-04,S1,Material Shortage,48.8,No
DT-000135,2026-03-19,M-012,LINE-04,S1,Mechanical Failure,56.1,No
DT-000136,2026-04-12,M-003,LINE-01,S2,Material Shortage,42.4,No
DT-000137,2026-06-10,M-012,LINE-04,S3,Material Shortage,101.6,No
DT-000138,2026-02-06,M-006,LINE-02,S2,Changeover,29.2,Yes
DT-000139,2026-02-07,M-003,LINE-01,S3,Cleaning,20.0,No
DT-000140,2026-04-11,M-011,LINE-04,S2,Operator Delay,34.9,No
DT-000141,2026-02-06,M-003,LINE-01,S1,Mechanical Failure,29.1,No
DT-000142,2026-05-13,M-007,LINE-03,S3,Changeover,4.0,Yes
DT-000143,2026-06-16,M-006,LINE-02,S3,Changeover,13.8,Yes
DT-000144,2026-01-18,M-010,LINE-04,S3,Changeover,18.3,Yes
DT-000145,2026-01-14,M-003,LINE-01,S1,Preventive Maintenance,115.6,Yes
DT-000146,2026-04-06,M-004,LINE-02,S2,Mechanical Failure,3.2,No
DT-000147,2026-03-26,M-008,LINE-03,S2,Mechanical Failure,51.6,No
DT-000148,2026-05-13,M-007,LINE-03,S3,Mechanical Failure,32.2,No
DT-000149,2026-05-27,M-004,LINE-02,S1,Electrical Failure,14.8,No
DT-000150,2026-03-07,M-003,LINE-01,S1,Mechanical Failure,56.0,No
DT-000151,2026-06-03,M-006,LINE-02,S1,Mechanical Failure,41.2,No
DT-000152,2026-01-12,M-012,LINE-04,S1,Electrical Failure,37.7,No
DT-000153,2026-04-05,M-010,LINE-04,S2,Quality Hold,19.1,No
DT-000154,2026-06-16,M-002,LINE-01,S1,Preventive Maintenance,47.1,Yes
DT-000155,2026-06-21,M-009,LINE-03,S1,Mechanical Failure,146.7,No
DT-000156,2026-03-05,M-011,LINE-04,S2,Mechanical Failure,23.8,No
DT-000157,2026-01-01,M-007,LINE-03,S2,Mechanical Failure,28.4,No
DT-000158,2026-03-29,M-005,LINE-02,S3,Changeover,44.0,Yes
DT-000159,2026-01-16,M-011,LINE-04,S1,Changeover,74.5,Yes
DT-000160,2026-01-06,M-005,LINE-02,S3,Mechanical Failure,32.0,No
DT-000161,2026-06-08,M-005,LINE-02,S3,Operator Delay,12.5,No
DT-000162,2026-03-16,M-011,LINE-04,S3,Mechanical Failure,19.6,No
DT-000163,2026-03-12,M-003,LINE-01,S3,Electrical Failure,21.5,No
DT-000164,2026-04-26,M-001,LINE-01,S2,Material Shortage,15.3,No
DT-000165,2026-06-05,M-007,LINE-03,S1,Material Shortage,40.4,No
DT-000166,2026-03-29,M-010,LINE-04,S1,Mechanical Failure,46.8,No
DT-000167,2026-05-16,M-005,LINE-02,S3,Changeover,3.9,Yes
DT-000168,2026-03-11,M-010,LINE-04,S1,Operator Delay,3.9,No
DT-000169,2026-03-25,M-011,LINE-04,S2,Mechanical Failure,57.0,No
DT-000170,2026-06-15,M-003,LINE-01,S3,Mechanical Failure,71.4,No
DT-000171,2026-06-01,M-009,LINE-03,S1,Quality Hold,27.2,No
DT-000172,2026-04-10,M-003,LINE-01,S2,Material Shortage,5.4,No
DT-000173,2026-02-28,M-008,LINE-03,S3,Mechanical Failure,53.7,No
DT-000174,2026-04-08,M-004,LINE-02,S1,Quality Hold,7.1,No
DT-000175,2026-06-05,M-005,LINE-02,S2,Mechanical Failure,33.9,No
DT-000176,2026-06-07,M-005,LINE-02,S3,Mechanical Failure,71.2,No
DT-000177,2026-01-16,M-007,LINE-03,S2,Quality Hold,59.6,No
DT-000178,2026-03-05,M-004,LINE-02,S1,Mechanical Failure,27.7,No
DT-000179,2026-06-12,M-002,LINE-01,S1,Operator Delay,15.5,No
DT-000180,2026-03-17,M-003,LINE-01,S1,Mechanical Failure,22.1,No
DT-000181,2026-03-01,M-008,LINE-03,S2,Cleaning,40.7,No
DT-000182,2026-03-24,M-003,LINE-01,S2,Mechanical Failure,5.8,No
DT-000183,2026-02-02,M-007,LINE-03,S2,Changeover,18.8,Yes
DT-000184,2026-03-02,M-006,LINE-02,S2,Mechanical Failure,35.8,No
DT-000185,2026-02-10,M-001,LINE-01,S1,Mechanical Failure,32.5,No
DT-000186,2026-06-26,M-008,LINE-03,S3,Electrical Failure,13.5,No
DT-000187,2026-05-04,M-003,LINE-01,S2,Mechanical Failure,44.5,No
DT-000188,2026-03-10,M-010,LINE-04,S1,Material Shortage,24.0,No
DT-000189,2026-01-23,M-011,LINE-04,S3,Material Shortage,22.6,No
DT-000190,2026-05-12,M-009,LINE-03,S1,Mechanical Failure,81.4,No
DT-000191,2026-01-14,M-006,LINE-02,S1,Cleaning,42.1,No
DT-000192,2026-04-15,M-008,LINE-03,S3,Mechanical Failure,8.9,No
DT-000193,2026-03-11,M-002,LINE-01,S1,Material Shortage,24.4,No
DT-000194,2026-03-27,M-004,LINE-02,S2,Operator Delay,21.6,No
DT-000195,2026-06-21,M-006,LINE-02,S3,Electrical Failure,42.0,No
DT-000196,2026-04-06,M-002,LINE-01,S3,Electrical Failure,17.1,No
DT-000197,2026-03-27,M-003,LINE-01,S1,Electrical Failure,76.7,No
DT-000198,2026-03-06,M-003,LINE-01,S1,Operator Delay,7.3,No
DT-000199,2026-01-26,M-005,LINE-02,S1,Quality Hold,11.0,No
DT-000200,2026-05-28,M-011,LINE-04,S3,Mechanical Failure,4.0,No
DT-000201,2026-02-12,M-008,LINE-03,S3,Mechanical Failure,48.9,No
DT-000202,2026-05-01,M-007,LINE-03,S2,Mechanical Failure,35.2,No
DT-000203,2026-04-14,M-008,LINE-03,S2,Changeover,45.6,Yes
DT-000204,2026-01-22,M-007,LINE-03,S3,Changeover,8.8,Yes
DT-000205,2026-04-09,M-007,LINE-03,S2,Material Shortage,57.4,No
DT-000206,2026-06-15,M-012,LINE-04,S3,Operator Delay,25.7,No
DT-000207,2026-01-09,M-011,LINE-04,S1,Material Shortage,6.8,No
DT-000208,2026-04-08,M-001,LINE-01,S1,Changeover,27.8,Yes
DT-000209,2026-06-02,M-005,LINE-02,S1,Electrical Failure,31.0,No
DT-000210,2026-02-20,M-011,LINE-04,S1,Quality Hold,23.1,No
DT-000211,2026-03-02,M-012,LINE-04,S1,Quality Hold,56.9,No
DT-000212,2026-02-08,M-012,LINE-04,S1,Mechanical Failure,70.9,No
DT-000213,2026-01-31,M-006,LINE-02,S2,Electrical Failure,40.6,No
DT-000214,2026-06-11,M-003,LINE-01,S2,Mechanical Failure,62.0,No
DT-000215,2026-01-16,M-008,LINE-03,S2,Preventive Maintenance,21.3,Yes
DT-000216,2026-05-26,M-006,LINE-02,S1,Operator Delay,10.8,No
DT-000217,2026-05-26,M-008,LINE-03,S3,Preventive Maintenance,14.0,Yes
DT-000218,2026-05-04,M-008,LINE-03,S1,Material Shortage,42.7,No
DT-000219,2026-03-17,M-004,LINE-02,S3,Material Shortage,24.9,No
DT-000220,2026-02-12,M-012,LINE-04,S1,Mechanical Failure,47.5,No
DT-000221,2026-05-27,M-004,LINE-02,S2,Electrical Failure,45.9,No
DT-000222,2026-06-29,M-009,LINE-03,S1,Electrical Failure,61.1,No
DT-000223,2026-03-19,M-004,LINE-02,S1,Material Shortage,43.9,No
DT-000224,2026-03-06,M-006,LINE-02,S2,Material Shortage,48.7,No
DT-000225,2026-02-03,M-006,LINE-02,S2,Mechanical Failure,77.0,No
DT-000226,2026-01-08,M-007,LINE-03,S2,Electrical Failure,24.7,No
DT-000227,2026-06-15,M-008,LINE-03,S2,Quality Hold,9.5,No
DT-000228,2026-03-30,M-005,LINE-02,S3,Electrical Failure,19.6,No
DT-000229,2026-02-13,M-012,LINE-04,S1,Electrical Failure,30.9,No
DT-000230,2026-05-14,M-007,LINE-03,S3,Material Shortage,51.8,No
DT-000231,2026-06-19,M-011,LINE-04,S2,Electrical Failure,14.1,No
DT-000232,2026-04-30,M-006,LINE-02,S1,Quality Hold,42.2,No
DT-000233,2026-01-11,M-002,LINE-01,S3,Quality Hold,29.9,No
DT-000234,2026-04-14,M-001,LINE-01,S1,Mechanical Failure,26.5,No
DT-000235,2026-02-01,M-012,LINE-04,S2,Electrical Failure,56.1,No
DT-000236,2026-02-10,M-007,LINE-03,S1,Cleaning,11.0,No
DT-000237,2026-01-15,M-007,LINE-03,S1,Changeover,22.7,Yes
DT-000238,2026-01-09,M-001,LINE-01,S3,Mechanical Failure,5.2,No
DT-000239,2026-01-26,M-009,LINE-03,S1,Electrical Failure,44.7,No
DT-000240,2026-02-15,M-008,LINE-03,S3,Cleaning,37.5,No
DT-000241,2026-04-18,M-003,LINE-01,S2,Electrical Failure,28.1,No
DT-000242,2026-05-07,M-005,LINE-02,S1,Mechanical Failure,3.0,No
DT-000243,2026-05-29,M-007,LINE-03,S1,Changeover,53.7,Yes
DT-000244,2026-01-30,M-012,LINE-04,S2,Quality Hold,17.8,No
DT-000245,2026-02-12,M-002,LINE-01,S2,Mechanical Failure,56.0,No
DT-000246,2026-06-15,M-011,LINE-04,S3,Cleaning,10.9,No
DT-000247,2026-04-06,M-002,LINE-01,S1,Changeover,7.6,Yes
DT-000248,2026-04-29,M-007,LINE-03,S1,Material Shortage,52.6,No
DT-000249,2026-05-01,M-011,LINE-04,S1,Material Shortage,15.2,No
DT-000250,2026-05-23,M-010,LINE-04,S2,Changeover,9.0,Yes
DT-000251,2026-03-04,M-004,LINE-02,S2,Material Shortage,50.4,No
DT-000252,2026-06-23,M-007,LINE-03,S3,Electrical Failure,31.5,No
DT-000253,2026-06-06,M-006,LINE-02,S1,Preventive Maintenance,14.6,Yes
DT-000254,2026-05-06,M-007,LINE-03,S1,Electrical Failure,19.8,No
DT-000255,2026-02-17,M-012,LINE-04,S2,Changeover,10.7,Yes
DT-000256,2026-03-07,M-010,LINE-04,S1,Cleaning,4.9,No
DT-000257,2026-01-17,M-001,LINE-01,S1,Electrical Failure,19.4,No
DT-000258,2026-03-28,M-002,LINE-01,S3,Mechanical Failure,136.7,No
DT-000259,2026-06-20,M-010,LINE-04,S2,Changeover,35.4,Yes
DT-000260,2026-04-08,M-007,LINE-03,S1,Electrical Failure,28.2,No
DT-000261,2026-02-19,M-012,LINE-04,S1,Mechanical Failure,57.0,No
DT-000262,2026-05-08,M-004,LINE-02,S3,Mechanical Failure,4.9,No
DT-000263,2026-03-12,M-012,LINE-04,S1,Mechanical Failure,10.7,No
DT-000264,2026-01-24,M-010,LINE-04,S3,Electrical Failure,28.1,No
DT-000265,2026-06-06,M-002,LINE-01,S2,Electrical Failure,30.4,No
DT-000266,2026-03-11,M-011,LINE-04,S1,Cleaning,3.0,No
DT-000267,2026-03-26,M-007,LINE-03,S1,Material Shortage,64.0,No
DT-000268,2026-06-28,M-008,LINE-03,S1,Mechanical Failure,42.9,No
DT-000269,2026-03-21,M-011,LINE-04,S1,Quality Hold,36.1,No
DT-000270,2026-05-18,M-005,LINE-02,S1,Operator Delay,18.2,No
DT-000271,2026-03-04,M-002,LINE-01,S2,Cleaning,37.1,No
DT-000272,2026-06-21,M-008,LINE-03,S3,Electrical Failure,7.8,No
DT-000273,2026-01-22,M-007,LINE-03,S3,Cleaning,13.5,No
DT-000274,2026-05-12,M-008,LINE-03,S1,Mechanical Failure,175.4,No
DT-000275,2026-06-06,M-011,LINE-04,S2,Electrical Failure,20.3,No
DT-000276,2026-03-01,M-003,LINE-01,S2,Cleaning,5.4,No
DT-000277,2026-01-06,M-004,LINE-02,S2,Material Shortage,40.4,No
DT-000278,2026-01-04,M-010,LINE-04,S3,Mechanical Failure,14.9,No
DT-000279,2026-05-27,M-001,LINE-01,S1,Material Shortage,11.1,No
DT-000280,2026-05-27,M-006,LINE-02,S1,Operator Delay,3.5,No
DT-000281,2026-05-12,M-009,LINE-03,S1,Electrical Failure,25.2,No
DT-000282,2026-04-04,M-001,LINE-01,S3,Electrical Failure,27.6,No
DT-000283,2026-02-19,M-009,LINE-03,S1,Mechanical Failure,10.2,No
DT-000284,2026-04-17,M-009,LINE-03,S2,Cleaning,8.8,No
DT-000285,2026-06-22,M-007,LINE-03,S3,Changeover,24.5,Yes
DT-000286,2026-01-30,M-011,LINE-04,S2,Material Shortage,3.0,No
DT-000287,2026-04-27,M-004,LINE-02,S3,Mechanical Failure,100.0,No
DT-000288,2026-03-25,M-002,LINE-01,S1,Changeover,15.4,Yes
DT-000289,2026-05-20,M-007,LINE-03,S1,Material Shortage,13.4,No
DT-000290,2026-01-11,M-003,LINE-01,S2,Changeover,127.7,Yes
DT-000291,2026-04-04,M-010,LINE-04,S2,Changeover,47.7,Yes
DT-000292,2026-01-28,M-001,LINE-01,S1,Quality Hold,12.5,No
DT-000293,2026-04-24,M-010,LINE-04,S2,Changeover,21.4,Yes
DT-000294,2026-01-23,M-009,LINE-03,S2,Cleaning,8.4,No
DT-000295,2026-05-29,M-006,LINE-02,S3,Electrical Failure,101.9,No
DT-000296,2026-03-30,M-005,LINE-02,S1,Electrical Failure,26.3,No
DT-000297,2026-01-28,M-004,LINE-02,S3,Material Shortage,10.0,No
DT-000298,2026-06-01,M-008,LINE-03,S2,Mechanical Failure,79.7,No
DT-000299,2026-01-25,M-003,LINE-01,S1,Operator Delay,45.2,No
DT-000300,2026-06-12,M-005,LINE-02,S3,Electrical Failure,77.4,No
DT-000301,2026-02-09,M-007,LINE-03,S1,Mechanical Failure,45.6,No
DT-000302,2026-03-25,M-006,LINE-02,S3,Mechanical Failure,70.9,No
DT-000303,2026-04-03,M-006,LINE-02,S2,Material Shortage,36.6,No
DT-000304,2026-01-20,M-001,LINE-01,S3,Mechanical Failure,102.5,No
DT-000305,2026-01-29,M-003,LINE-01,S2,Operator Delay,8.3,No
DT-000306,2026-02-26,M-006,LINE-02,S2,Mechanical Failure,48.0,No
DT-000307,2026-01-22,M-008,LINE-03,S3,Changeover,23.7,Yes
DT-000308,2026-06-12,M-001,LINE-01,S3,Electrical Failure,18.4,No
DT-000309,2026-03-25,M-011,LINE-04,S1,Mechanical Failure,56.7,No
DT-000310,2026-05-12,M-004,LINE-02,S1,Quality Hold,76.2,No
DT-000311,2026-05-28,M-010,LINE-04,S1,Electrical Failure,29.8,No
DT-000312,2026-06-07,M-011,LINE-04,S2,Cleaning,50.3,No
DT-000313,2026-03-01,M-007,LINE-03,S2,Mechanical Failure,9.8,No
DT-000314,2026-01-02,M-008,LINE-03,S2,Cleaning,7.1,No
DT-000315,2026-05-27,M-005,LINE-02,S2,Mechanical Failure,78.4,No
DT-000316,2026-02-09,M-004,LINE-02,S1,Material Shortage,31.2,No
DT-000317,2026-06-04,M-005,LINE-02,S1,Electrical Failure,12.7,No
DT-000318,2026-06-16,M-007,LINE-03,S2,Electrical Failure,18.6,No
DT-000319,2026-04-17,M-006,LINE-02,S2,Operator Delay,13.3,No
DT-000320,2026-02-27,M-007,LINE-03,S1,Mechanical Failure,59.2,No
DT-000321,2026-05-10,M-009,LINE-03,S2,Changeover,22.0,Yes
DT-000322,2026-05-21,M-009,LINE-03,S2,Quality Hold,19.1,No
DT-000323,2026-05-29,M-005,LINE-02,S1,Quality Hold,25.9,No
DT-000324,2026-01-08,M-002,LINE-01,S1,Quality Hold,44.9,No
DT-000325,2026-03-25,M-006,LINE-02,S2,Changeover,3.0,Yes
DT-000326,2026-04-17,M-012,LINE-04,S1,Operator Delay,32.6,No
DT-000327,2026-01-24,M-008,LINE-03,S1,Material Shortage,25.2,No
DT-000328,2026-01-04,M-012,LINE-04,S2,Changeover,65.7,Yes
DT-000329,2026-04-25,M-008,LINE-03,S1,Electrical Failure,32.8,No
DT-000330,2026-02-19,M-004,LINE-02,S1,Material Shortage,8.6,No
DT-000331,2026-05-27,M-004,LINE-02,S3,Mechanical Failure,42.5,No
DT-000332,2026-01-07,M-009,LINE-03,S1,Mechanical Failure,33.4,No
DT-000333,2026-01-30,M-012,LINE-04,S1,Electrical Failure,41.7,No
DT-000334,2026-02-08,M-007,LINE-03,S2,Changeover,20.5,Yes
DT-000335,2026-02-03,M-004,LINE-02,S1,Quality Hold,21.9,No
DT-000336,2026-06-30,M-009,LINE-03,S1,Cleaning,9.8,No
DT-000337,2026-06-16,M-006,LINE-02,S2,Electrical Failure,62.8,No
DT-000338,2026-04-18,M-012,LINE-04,S1,Changeover,10.8,Yes
DT-000339,2026-02-19,M-012,LINE-04,S1,Operator Delay,46.4,No
DT-000340,2026-05-06,M-007,LINE-03,S1,Operator Delay,6.9,No
DT-000341,2026-06-05,M-010,LINE-04,S3,Mechanical Failure,47.0,No
DT-000342,2026-04-30,M-002,LINE-01,S2,Electrical Failure,56.8,No
DT-000343,2026-03-09,M-002,LINE-01,S3,Mechanical Failure,72.5,No
DT-000344,2026-01-20,M-011,LINE-04,S3,Material Shortage,19.0,No
DT-000345,2026-05-24,M-002,LINE-01,S1,Preventive Maintenance,22.8,Yes
DT-000346,2026-05-21,M-011,LINE-04,S2,Preventive Maintenance,15.4,Yes
DT-000347,2026-04-09,M-004,LINE-02,S2,Material Shortage,6.3,No
DT-000348,2026-01-11,M-009,LINE-03,S3,Electrical Failure,15.7,No
DT-000349,2026-02-18,M-003,LINE-01,S2,Changeover,26.6,Yes
DT-000350,2026-06-14,M-001,LINE-01,S1,Electrical Failure,75.2,No
DT-000351,2026-03-06,M-004,LINE-02,S3,Mechanical Failure,47.2,No
DT-000352,2026-03-02,M-006,LINE-02,S2,Electrical Failure,21.0,No
DT-000353,2026-01-20,M-005,LINE-02,S2,Cleaning,13.9,No
DT-000354,2026-05-13,M-011,LINE-04,S1,Mechanical Failure,37.8,No
DT-000355,2026-06-23,M-001,LINE-01,S1,Mechanical Failure,37.3,No
DT-000356,2026-06-27,M-008,LINE-03,S2,Changeover,38.8,Yes
DT-000357,2026-03-12,M-004,LINE-02,S1,Mechanical Failure,56.8,No
DT-000358,2026-01-24,M-002,LINE-01,S1,Operator Delay,25.6,No
DT-000359,2026-05-14,M-001,LINE-01,S3,Mechanical Failure,23.3,No
DT-000360,2026-02-11,M-011,LINE-04,S1,Material Shortage,72.3,No
DT-000361,2026-05-01,M-004,LINE-02,S1,Operator Delay,3.0,No
DT-000362,2026-02-22,M-008,LINE-03,S3,Operator Delay,20.9,No
DT-000363,2026-01-14,M-005,LINE-02,S1,Cleaning,60.3,No
DT-000364,2026-04-09,M-002,LINE-01,S1,Mechanical Failure,89.4,No
DT-000365,2026-01-04,M-002,LINE-01,S1,Mechanical Failure,33.3,No
DT-000366,2026-03-17,M-005,LINE-02,S2,Material Shortage,34.7,No
DT-000367,2026-03-08,M-006,LINE-02,S2,Material Shortage,18.0,No
DT-000368,2026-02-13,M-003,LINE-01,S3,Changeover,24.6,Yes
DT-000369,2026-03-25,M-004,LINE-02,S3,Electrical Failure,6.9,No
DT-000370,2026-02-17,M-005,LINE-02,S3,Mechanical Failure,56.0,No
DT-000371,2026-02-10,M-005,LINE-02,S1,Operator Delay,23.1,No
DT-000372,2026-06-09,M-012,LINE-04,S1,Mechanical Failure,40.8,No
DT-000373,2026-03-04,M-012,LINE-04,S1,Mechanical Failure,40.8,No
DT-000374,2026-05-01,M-005,LINE-02,S3,Mechanical Failure,30.0,No
DT-000375,2026-06-14,M-004,LINE-02,S2,Cleaning,9.3,No
DT-000376,2026-03-24,M-005,LINE-02,S3,Preventive Maintenance,29.9,Yes
DT-000377,2026-03-24,M-012,LINE-04,S1,Material Shortage,13.2,No
DT-000378,2026-05-02,M-012,LINE-04,S1,Mechanical Failure,47.0,No
DT-000379,2026-05-25,M-004,LINE-02,S3,Material Shortage,12.7,No
DT-000380,2026-06-02,M-012,LINE-04,S1,Mechanical Failure,32.8,No
DT-000381,2026-05-30,M-008,LINE-03,S2,Mechanical Failure,10.5,No
DT-000382,2026-06-17,M-009,LINE-03,S3,Electrical Failure,15.6,No
DT-000383,2026-01-19,M-004,LINE-02,S2,Preventive Maintenance,16.8,Yes
DT-000384,2026-06-27,M-010,LINE-04,S1,Changeover,30.0,Yes
DT-000385,2026-04-08,M-002,LINE-01,S3,Material Shortage,16.8,No
DT-000386,2026-01-29,M-009,LINE-03,S2,Preventive Maintenance,67.8,Yes
DT-000387,2026-02-06,M-004,LINE-02,S2,Electrical Failure,27.1,No
DT-000388,2026-01-02,M-004,LINE-02,S1,Changeover,37.9,Yes
DT-000389,2026-01-18,M-010,LINE-04,S3,Electrical Failure,4.0,No
DT-000390,2026-05-14,M-010,LINE-04,S2,Electrical Failure,73.0,No
DT-000391,2026-02-25,M-011,LINE-04,S1,Mechanical Failure,117.4,No
DT-000392,2026-03-24,M-006,LINE-02,S2,Mechanical Failure,48.5,No
DT-000393,2026-02-13,M-009,LINE-03,S3,Changeover,3.0,Yes
DT-000394,2026-02-10,M-006,LINE-02,S3,Changeover,3.0,Yes
DT-000395,2026-03-05,M-004,LINE-02,S2,Material Shortage,23.0,No
DT-000396,2026-04-26,M-009,LINE-03,S3,Changeover,25.2,Yes
DT-000397,2026-04-01,M-008,LINE-03,S1,Mechanical Failure,14.9,No
DT-000398,2026-03-20,M-009,LINE-03,S1,Cleaning,26.0,No
DT-000399,2026-05-20,M-010,LINE-04,S3,Cleaning,3.0,No
DT-000400,2026-01-10,M-011,LINE-04,S3,Mechanical Failure,28.0,No
DT-000401,2026-06-03,M-011,LINE-04,S1,Mechanical Failure,36.8,No
DT-000402,2026-04-08,M-009,LINE-03,S3,Mechanical Failure,48.7,No
DT-000403,2026-01-13,M-012,LINE-04,S3,Cleaning,8.1,No
DT-000404,2026-04-29,M-008,LINE-03,S2,Cleaning,20.8,No
DT-000405,2026-05-22,M-004,LINE-02,S2,Electrical Failure,32.6,No
DT-000406,2026-06-25,M-009,LINE-03,S1,Quality Hold,23.0,No
DT-000407,2026-06-05,M-011,LINE-04,S1,Changeover,13.8,Yes
DT-000408,2026-05-26,M-010,LINE-04,S2,Changeover,5.0,Yes
DT-000409,2026-05-07,M-007,LINE-03,S1,Operator Delay,52.3,No
DT-000410,2026-06-06,M-005,LINE-02,S2,Operator Delay,14.8,No
DT-000411,2026-05-26,M-009,LINE-03,S1,Electrical Failure,64.8,No
DT-000412,2026-01-15,M-006,LINE-02,S3,Electrical Failure,126.0,No
DT-000413,2026-01-27,M-003,LINE-01,S1,Mechanical Failure,17.6,No
DT-000414,2026-01-04,M-007,LINE-03,S1,Electrical Failure,45.3,No
DT-000415,2026-02-28,M-005,LINE-02,S3,Quality Hold,112.5,No
DT-000416,2026-01-29,M-010,LINE-04,S1,Mechanical Failure,46.3,No
DT-000417,2026-05-24,M-004,LINE-02,S2,Operator Delay,24.7,No
DT-000418,2026-01-10,M-010,LINE-04,S1,Mechanical Failure,22.0,No
DT-000419,2026-06-21,M-006,LINE-02,S3,Material Shortage,22.8,No
DT-000420,2026-06-22,M-006,LINE-02,S2,Cleaning,11.8,No
DT-000421,2026-04-18,M-006,LINE-02,S2,Mechanical Failure,65.0,No
DT-000422,2026-06-22,M-010,LINE-04,S1,Mechanical Failure,41.3,No
DT-000423,2026-06-15,M-003,LINE-01,S1,Mechanical Failure,34.9,No
DT-000424,2026-05-28,M-010,LINE-04,S2,Operator Delay,19.8,No
DT-000425,2026-04-03,M-006,LINE-02,S1,Electrical Failure,61.7,No
DT-000426,2026-04-15,M-009,LINE-03,S3,Electrical Failure,23.6,No
DT-000427,2026-05-14,M-007,LINE-03,S3,Operator Delay,19.6,No
DT-000428,2026-05-29,M-003,LINE-01,S1,Quality Hold,10.0,No
DT-000429,2026-03-09,M-003,LINE-01,S1,Operator Delay,50.5,No
DT-000430,2026-05-24,M-004,LINE-02,S1,Changeover,10.0,Yes
DT-000431,2026-03-06,M-012,LINE-04,S2,Mechanical Failure,12.8,No
DT-000432,2026-04-05,M-008,LINE-03,S2,Mechanical Failure,19.8,No
DT-000433,2026-04-12,M-010,LINE-04,S1,Electrical Failure,66.1,No
DT-000434,2026-03-23,M-004,LINE-02,S3,Mechanical Failure,3.0,No
DT-000435,2026-04-25,M-001,LINE-01,S2,Mechanical Failure,73.6,No
DT-000436,2026-03-24,M-008,LINE-03,S1,Mechanical Failure,39.0,No
DT-000437,2026-06-23,M-008,LINE-03,S1,Electrical Failure,5.9,No
DT-000438,2026-05-13,M-009,LINE-03,S3,Electrical Failure,94.8,No
DT-000439,2026-02-27,M-006,LINE-02,S1,Preventive Maintenance,75.3,Yes
DT-000440,2026-04-23,M-010,LINE-04,S1,Changeover,32.3,Yes
DT-000441,2026-03-29,M-007,LINE-03,S2,Electrical Failure,42.5,No
DT-000442,2026-01-10,M-007,LINE-03,S1,Changeover,6.7,Yes
DT-000443,2026-03-19,M-006,LINE-02,S3,Material Shortage,31.4,No
DT-000444,2026-03-16,M-006,LINE-02,S3,Preventive Maintenance,23.0,Yes
DT-000445,2026-06-07,M-006,LINE-02,S1,Electrical Failure,119.0,No
DT-000446,2026-04-24,M-005,LINE-02,S1,Mechanical Failure,3.3,No
DT-000447,2026-03-25,M-007,LINE-03,S2,Preventive Maintenance,48.8,Yes
DT-000448,2026-05-25,M-009,LINE-03,S2,Electrical Failure,37.6,No
DT-000449,2026-06-03,M-003,LINE-01,S3,Cleaning,18.4,No
DT-000450,2026-05-08,M-009,LINE-03,S1,Electrical Failure,41.2,No
DT-000451,2026-05-15,M-008,LINE-03,S2,Operator Delay,92.5,No
DT-000452,2026-02-21,M-002,LINE-01,S2,Cleaning,29.5,No
DT-000453,2026-03-14,M-009,LINE-03,S2,Material Shortage,16.0,No
DT-000454,2026-01-07,M-012,LINE-04,S1,Changeover,3.0,Yes
DT-000455,2026-03-30,M-006,LINE-02,S3,Mechanical Failure,23.1,No
DT-000456,2026-02-08,M-007,LINE-03,S3,Operator Delay,17.1,No
DT-000457,2026-04-24,M-009,LINE-03,S2,Material Shortage,41.2,No
DT-000458,2026-02-13,M-010,LINE-04,S3,Electrical Failure,37.8,No
DT-000459,2026-03-14,M-007,LINE-03,S1,Electrical Failure,6.0,No
DT-000460,2026-06-13,M-003,LINE-01,S2,Mechanical Failure,15.7,No
DT-000461,2026-06-19,M-012,LINE-04,S2,Quality Hold,10.1,No
DT-000462,2026-06-22,M-008,LINE-03,S1,Electrical Failure,20.2,No
DT-000463,2026-03-19,M-007,LINE-03,S1,Changeover,42.2,Yes
DT-000464,2026-04-22,M-004,LINE-02,S2,Mechanical Failure,16.5,No
DT-000465,2026-05-19,M-010,LINE-04,S3,Mechanical Failure,41.1,No
DT-000466,2026-03-25,M-012,LINE-04,S1,Mechanical Failure,21.1,No
DT-000467,2026-01-20,M-011,LINE-04,S2,Changeover,29.7,Yes
DT-000468,2026-05-19,M-011,LINE-04,S2,Electrical Failure,49.1,No
DT-000469,2026-01-07,M-008,LINE-03,S1,Mechanical Failure,25.2,No
DT-000470,2026-06-15,M-006,LINE-02,S2,Material Shortage,11.7,No
DT-000471,2026-03-31,M-008,LINE-03,S1,Mechanical Failure,26.5,No
DT-000472,2026-03-16,M-001,LINE-01,S2,Preventive Maintenance,39.0,Yes
DT-000473,2026-03-19,M-005,LINE-02,S2,Material Shortage,17.4,No
DT-000474,2026-02-21,M-008,LINE-03,S2,Electrical Failure,22.6,No
DT-000475,2026-01-03,M-006,LINE-02,S3,Cleaning,15.7,No
DT-000476,2026-02-05,M-010,LINE-04,S1,Quality Hold,3.0,No
DT-000477,2026-03-04,M-008,LINE-03,S2,Cleaning,8.1,No
DT-000478,2026-01-27,M-004,LINE-02,S3,Mechanical Failure,101.1,No
DT-000479,2026-05-23,M-004,LINE-02,S1,Cleaning,58.7,No
DT-000480,2026-06-01,M-006,LINE-02,S2,Electrical Failure,52.9,No
DT-000481,2026-02-27,M-006,LINE-02,S2,Quality Hold,59.3,No
DT-000482,2026-06-22,M-005,LINE-02,S2,Quality Hold,39.0,No
DT-000483,2026-03-14,M-006,LINE-02,S1,Material Shortage,3.0,No
DT-000484,2026-06-03,M-006,LINE-02,S2,Operator Delay,29.0,No
DT-000485,2026-06-12,M-009,LINE-03,S3,Electrical Failure,27.9,No
DT-000486,2026-06-05,M-001,LINE-01,S1,Changeover,26.3,Yes
DT-000487,2026-01-12,M-007,LINE-03,S1,Electrical Failure,81.0,No
DT-000488,2026-03-04,M-012,LINE-04,S3,Mechanical Failure,37.0,No
DT-000489,2026-04-06,M-005,LINE-02,S1,Mechanical Failure,107.8,No
DT-000490,2026-03-31,M-008,LINE-03,S1,Mechanical Failure,7.8,No
DT-000491,2026-06-04,M-010,LINE-04,S3,Changeover,36.6,Yes
DT-000492,2026-04-26,M-011,LINE-04,S1,Mechanical Failure,91.7,No
DT-000493,2026-01-20,M-012,LINE-04,S1,Changeover,23.8,Yes
DT-000494,2026-05-04,M-007,LINE-03,S2,Cleaning,3.0,No
DT-000495,2026-01-07,M-012,LINE-04,S1,Mechanical Failure,31.6,No
DT-000496,2026-05-23,M-007,LINE-03,S2,Changeover,3.8,Yes
DT-000497,2026-06-13,M-004,LINE-02,S2,Electrical Failure,64.0,No
DT-000498,2026-05-21,M-002,LINE-01,S3,Mechanical Failure,53.6,No
DT-000499,2026-02-22,M-005,LINE-02,S1,Material Shortage,3.0,No
DT-000500,2026-02-07,M-008,LINE-03,S2,Material Shortage,18.3,No
DT-000501,2026-06-05,M-005,LINE-02,S3,Mechanical Failure,42.2,No
DT-000502,2026-01-14,M-009,LINE-03,S2,Operator Delay,28.1,No
DT-000503,2026-06-22,M-005,LINE-02,S2,Mechanical Failure,11.6,No
DT-000504,2026-03-25,M-004,LINE-02,S1,Changeover,5.9,Yes
DT-000505,2026-05-21,M-008,LINE-03,S2,Changeover,16.0,Yes
DT-000506,2026-03-07,M-004,LINE-02,S3,Operator Delay,4.9,No
DT-000507,2026-03-07,M-009,LINE-03,S3,Operator Delay,18.3,No
DT-000508,2026-05-06,M-003,LINE-01,S2,Mechanical Failure,28.6,No
DT-000509,2026-02-17,M-012,LINE-04,S1,Material Shortage,3.0,No
DT-000510,2026-06-17,M-009,LINE-03,S3,Electrical Failure,32.7,No
DT-000511,2026-05-14,M-004,LINE-02,S1,Cleaning,9.4,No
DT-000512,2026-04-19,M-008,LINE-03,S2,Quality Hold,19.7,No
DT-000513,2026-06-08,M-006,LINE-02,S3,Material Shortage,27.4,No
DT-000514,2026-01-10,M-002,LINE-01,S2,Mechanical Failure,22.7,No
DT-000515,2026-01-02,M-003,LINE-01,S3,Preventive Maintenance,63.5,Yes
DT-000516,2026-05-02,M-005,LINE-02,S3,Mechanical Failure,92.9,No
DT-000517,2026-04-26,M-010,LINE-04,S2,Changeover,25.1,Yes
DT-000518,2026-05-15,M-011,LINE-04,S2,Mechanical Failure,30.3,No
DT-000519,2026-05-12,M-012,LINE-04,S1,Electrical Failure,22.7,No
DT-000520,2026-02-10,M-008,LINE-03,S1,Material Shortage,40.4,No
DT-000521,2026-01-17,M-011,LINE-04,S2,Mechanical Failure,53.4,No
DT-000522,2026-06-20,M-010,LINE-04,S1,Mechanical Failure,3.0,No
DT-000523,2026-06-04,M-006,LINE-02,S2,Mechanical Failure,104.7,No
DT-000524,2026-03-28,M-006,LINE-02,S2,Quality Hold,29.3,No
DT-000525,2026-05-19,M-006,LINE-02,S1,Mechanical Failure,15.4,No
DT-000526,2026-06-22,M-009,LINE-03,S3,Electrical Failure,122.4,No
DT-000527,2026-06-30,M-006,LINE-02,S2,Changeover,66.6,Yes
DT-000528,2026-01-03,M-005,LINE-02,S1,Material Shortage,54.8,No
DT-000529,2026-06-22,M-009,LINE-03,S2,Preventive Maintenance,38.2,Yes
DT-000530,2026-06-03,M-006,LINE-02,S2,Material Shortage,38.3,No
DT-000531,2026-04-22,M-012,LINE-04,S2,Mechanical Failure,42.4,No
DT-000532,2026-04-14,M-001,LINE-01,S1,Mechanical Failure,88.6,No
DT-000533,2026-04-09,M-007,LINE-03,S2,Quality Hold,10.8,No
DT-000534,2026-01-16,M-012,LINE-04,S2,Preventive Maintenance,23.0,Yes
DT-000535,2026-02-02,M-004,LINE-02,S2,Mechanical Failure,37.2,No
DT-000536,2026-05-09,M-005,LINE-02,S3,Mechanical Failure,70.1,No
DT-000537,2026-06-20,M-012,LINE-04,S2,Mechanical Failure,64.7,No
DT-000538,2026-03-15,M-010,LINE-04,S3,Mechanical Failure,47.2,No
DT-000539,2026-03-22,M-003,LINE-01,S2,Mechanical Failure,39.9,No
DT-000540,2026-01-13,M-003,LINE-01,S2,Mechanical Failure,85.5,No
DT-000541,2026-02-16,M-012,LINE-04,S3,Operator Delay,6.0,No
DT-000542,2026-06-10,M-007,LINE-03,S3,Cleaning,4.9,No
DT-000543,2026-06-29,M-012,LINE-04,S2,Electrical Failure,53.8,No
DT-000544,2026-06-22,M-008,LINE-03,S1,Mechanical Failure,56.4,No
DT-000545,2026-04-04,M-002,LINE-01,S1,Electrical Failure,12.0,No
DT-000546,2026-05-27,M-012,LINE-04,S3,Mechanical Failure,46.0,No
DT-000547,2026-06-07,M-009,LINE-03,S2,Operator Delay,20.9,No
DT-000548,2026-01-01,M-004,LINE-02,S2,Material Shortage,7.5,No
DT-000549,2026-06-26,M-012,LINE-04,S3,Material Shortage,12.3,No
DT-000550,2026-03-24,M-007,LINE-03,S1,Mechanical Failure,77.0,No
DT-000551,2026-05-05,M-012,LINE-04,S2,Material Shortage,36.8,No
DT-000552,2026-05-16,M-007,LINE-03,S1,Mechanical Failure,46.4,No
DT-000553,2026-05-27,M-011,LINE-04,S2,Electrical Failure,53.3,No
DT-000554,2026-06-19,M-010,LINE-04,S3,Preventive Maintenance,35.4,Yes
DT-000555,2026-06-10,M-004,LINE-02,S3,Preventive Maintenance,43.3,Yes
DT-000556,2026-04-19,M-004,LINE-02,S3,Electrical Failure,5.6,No
DT-000557,2026-05-08,M-009,LINE-03,S3,Material Shortage,49.3,No
DT-000558,2026-04-22,M-009,LINE-03,S1,Material Shortage,17.6,No
DT-000559,2026-03-09,M-009,LINE-03,S1,Material Shortage,13.7,No
DT-000560,2026-05-30,M-008,LINE-03,S1,Mechanical Failure,60.8,No
DT-000561,2026-02-28,M-008,LINE-03,S3,Quality Hold,23.1,No
DT-000562,2026-03-28,M-010,LINE-04,S2,Cleaning,7.0,No
DT-000563,2026-01-31,M-001,LINE-01,S2,Operator Delay,36.5,No
DT-000564,2026-03-12,M-001,LINE-01,S1,Mechanical Failure,32.7,No
DT-000565,2026-03-03,M-010,LINE-04,S1,Changeover,10.9,Yes
DT-000566,2026-05-18,M-010,LINE-04,S2,Electrical Failure,19.8,No
DT-000567,2026-06-10,M-008,LINE-03,S3,Electrical Failure,71.9,No
DT-000568,2026-03-25,M-007,LINE-03,S1,Operator Delay,10.9,No
DT-000569,2026-05-26,M-005,LINE-02,S2,Electrical Failure,10.6,No
DT-000570,2026-05-01,M-008,LINE-03,S1,Operator Delay,5.4,No
DT-000571,2026-01-14,M-003,LINE-01,S1,Material Shortage,43.0,No
DT-000572,2026-04-18,M-011,LINE-04,S3,Electrical Failure,36.6,No
DT-000573,2026-04-12,M-001,LINE-01,S2,Preventive Maintenance,5.5,Yes
DT-000574,2026-01-06,M-001,LINE-01,S1,Preventive Maintenance,8.9,Yes
DT-000575,2026-01-11,M-004,LINE-02,S1,Electrical Failure,65.2,No
DT-000576,2026-05-03,M-005,LINE-02,S2,Material Shortage,14.8,No
DT-000577,2026-05-03,M-003,LINE-01,S3,Mechanical Failure,42.8,No
DT-000578,2026-03-02,M-010,LINE-04,S1,Mechanical Failure,25.0,No
DT-000579,2026-05-05,M-012,LINE-04,S1,Changeover,21.0,Yes
DT-000580,2026-02-25,M-012,LINE-04,S2,Mechanical Failure,54.3,No
DT-000581,2026-05-25,M-009,LINE-03,S3,Mechanical Failure,27.1,No
DT-000582,2026-03-27,M-010,LINE-04,S2,Electrical Failure,43.5,No
DT-000583,2026-01-02,M-009,LINE-03,S2,Mechanical Failure,11.3,No
DT-000584,2026-05-31,M-011,LINE-04,S1,Mechanical Failure,70.9,No
DT-000585,2026-05-04,M-002,LINE-01,S2,Quality Hold,19.1,No
DT-000586,2026-01-10,M-001,LINE-01,S1,Operator Delay,20.7,No
DT-000587,2026-05-05,M-011,LINE-04,S2,Operator Delay,6.7,No
DT-000588,2026-04-05,M-003,LINE-01,S2,Electrical Failure,48.0,No
DT-000589,2026-01-10,M-002,LINE-01,S1,Mechanical Failure,24.0,No
DT-000590,2026-06-06,M-011,LINE-04,S2,Mechanical Failure,3.3,No
DT-000591,2026-06-25,M-011,LINE-04,S1,Changeover,23.8,Yes
DT-000592,2026-02-15,M-012,LINE-04,S3,Mechanical Failure,3.3,No
DT-000593,2026-06-15,M-007,LINE-03,S3,Operator Delay,14.3,No
DT-000594,2026-03-25,M-004,LINE-02,S1,Material Shortage,42.3,No
DT-000595,2026-03-06,M-005,LINE-02,S1,Operator Delay,22.0,No
DT-000596,2026-06-21,M-011,LINE-04,S1,Operator Delay,38.1,No
DT-000597,2026-06-09,M-009,LINE-03,S1,Material Shortage,5.1,No
DT-000598,2026-06-07,M-002,LINE-01,S3,Mechanical Failure,23.4,No
DT-000599,2026-05-24,M-002,LINE-01,S3,Operator Delay,14.6,No
DT-000600,2026-01-31,M-002,LINE-01,S3,Mechanical Failure,50.0,No
DT-000601,2026-03-13,M-005,LINE-02,S3,Mechanical Failure,6.6,No
DT-000602,2026-05-10,M-010,LINE-04,S2,Mechanical Failure,130.7,No
DT-000603,2026-02-11,M-011,LINE-04,S1,Cleaning,11.3,No
DT-000604,2026-04-09,M-011,LINE-04,S3,Electrical Failure,26.5,No
DT-000605,2026-03-11,M-001,LINE-01,S3,Mechanical Failure,24.8,No
DT-000606,2026-01-17,M-012,LINE-04,S2,Operator Delay,7.0,No
DT-000607,2026-01-06,M-002,LINE-01,S2,Electrical Failure,13.1,No
DT-000608,2026-05-28,M-002,LINE-01,S1,Material Shortage,90.0,No
DT-000609,2026-01-07,M-004,LINE-02,S3,Electrical Failure,64.0,No
DT-000610,2026-01-12,M-008,LINE-03,S2,Cleaning,4.7,No
DT-000611,2026-02-02,M-007,LINE-03,S3,Quality Hold,12.4,No
DT-000612,2026-04-28,M-006,LINE-02,S2,Electrical Failure,34.0,No
DT-000613,2026-02-22,M-007,LINE-03,S1,Quality Hold,23.4,No
DT-000614,2026-06-14,M-006,LINE-02,S1,Mechanical Failure,77.0,No
DT-000615,2026-02-11,M-008,LINE-03,S2,Cleaning,13.2,No
DT-000616,2026-06-22,M-008,LINE-03,S2,Mechanical Failure,95.8,No
DT-000617,2026-03-23,M-001,LINE-01,S3,Mechanical Failure,48.6,No
DT-000618,2026-04-09,M-011,LINE-04,S1,Changeover,73.7,Yes
DT-000619,2026-02-21,M-002,LINE-01,S2,Changeover,20.5,Yes
DT-000620,2026-02-16,M-012,LINE-04,S2,Mechanical Failure,57.9,No
DT-000621,2026-01-11,M-011,LINE-04,S2,Quality Hold,34.3,No
DT-000622,2026-05-22,M-007,LINE-03,S1,Changeover,3.2,Yes
DT-000623,2026-02-09,M-005,LINE-02,S2,Material Shortage,13.5,No
DT-000624,2026-02-01,M-008,LINE-03,S1,Material Shortage,20.9,No
DT-000625,2026-02-21,M-002,LINE-01,S3,Mechanical Failure,45.1,No
DT-000626,2026-03-30,M-009,LINE-03,S1,Electrical Failure,14.0,No
DT-000627,2026-04-07,M-004,LINE-02,S1,Changeover,21.2,Yes
DT-000628,2026-03-14,M-009,LINE-03,S2,Mechanical Failure,180.0,No
DT-000629,2026-02-13,M-007,LINE-03,S2,Changeover,28.5,Yes
DT-000630,2026-02-24,M-010,LINE-04,S3,Mechanical Failure,15.9,No
DT-000631,2026-01-22,M-004,LINE-02,S2,Operator Delay,14.4,No
DT-000632,2026-05-22,M-002,LINE-01,S1,Electrical Failure,21.8,No
DT-000633,2026-04-28,M-011,LINE-04,S3,Material Shortage,15.3,No
DT-000634,2026-04-13,M-007,LINE-03,S2,Mechanical Failure,12.7,No
DT-000635,2026-05-30,M-005,LINE-02,S3,Changeover,7.8,Yes
DT-000636,2026-05-31,M-009,LINE-03,S3,Cleaning,12.1,No
DT-000637,2026-01-12,M-001,LINE-01,S3,Electrical Failure,31.6,No
DT-000638,2026-06-04,M-003,LINE-01,S3,Material Shortage,24.1,No
DT-000639,2026-04-10,M-006,LINE-02,S2,Material Shortage,18.6,No
DT-000640,2026-02-06,M-009,LINE-03,S1,Changeover,6.0,Yes
DT-000641,2026-02-13,M-003,LINE-01,S2,Mechanical Failure,53.5,No
DT-000642,2026-04-25,M-001,LINE-01,S1,Operator Delay,9.0,No
DT-000643,2026-03-09,M-005,LINE-02,S3,Mechanical Failure,73.1,No
DT-000644,2026-02-17,M-009,LINE-03,S2,Mechanical Failure,57.7,No
DT-000645,2026-03-22,M-008,LINE-03,S3,Cleaning,19.7,No
DT-000646,2026-06-23,M-006,LINE-02,S1,Mechanical Failure,71.9,No
DT-000647,2026-02-12,M-001,LINE-01,S2,Mechanical Failure,20.2,No
DT-000648,2026-02-18,M-008,LINE-03,S1,Mechanical Failure,95.9,No
DT-000649,2026-06-30,M-002,LINE-01,S1,Changeover,22.5,Yes
DT-000650,2026-03-14,M-004,LINE-02,S1,Cleaning,3.9,No
DT-000651,2026-06-26,M-005,LINE-02,S2,Electrical Failure,19.4,No
DT-000652,2026-04-09,M-005,LINE-02,S1,Mechanical Failure,25.6,No
DT-000653,2026-01-12,M-007,LINE-03,S2,Mechanical Failure,28.9,No
DT-000654,2026-02-04,M-003,LINE-01,S3,Electrical Failure,13.1,No
DT-000655,2026-04-24,M-011,LINE-04,S2,Changeover,3.8,Yes
DT-000656,2026-01-16,M-005,LINE-02,S2,Mechanical Failure,106.5,No
DT-000657,2026-03-23,M-010,LINE-04,S2,Mechanical Failure,46.5,No
DT-000658,2026-01-12,M-002,LINE-01,S2,Mechanical Failure,18.5,No
DT-000659,2026-05-30,M-003,LINE-01,S2,Operator Delay,22.3,No
DT-000660,2026-06-08,M-011,LINE-04,S1,Mechanical Failure,11.8,No
DT-000661,2026-02-01,M-011,LINE-04,S1,Material Shortage,25.2,No
DT-000662,2026-04-09,M-006,LINE-02,S1,Mechanical Failure,116.7,No
DT-000663,2026-02-09,M-009,LINE-03,S1,Mechanical Failure,36.7,No
DT-000664,2026-04-06,M-002,LINE-01,S2,Mechanical Failure,56.8,No
DT-000665,2026-04-28,M-001,LINE-01,S2,Electrical Failure,77.3,No
DT-000666,2026-03-04,M-010,LINE-04,S1,Changeover,31.2,Yes
DT-000667,2026-06-11,M-009,LINE-03,S1,Mechanical Failure,14.5,No
DT-000668,2026-03-12,M-012,LINE-04,S1,Preventive Maintenance,32.9,Yes
DT-000669,2026-04-10,M-002,LINE-01,S1,Cleaning,3.0,No
DT-000670,2026-02-28,M-007,LINE-03,S1,Operator Delay,3.0,No
DT-000671,2026-02-11,M-003,LINE-01,S1,Preventive Maintenance,44.4,Yes
DT-000672,2026-03-13,M-004,LINE-02,S1,Mechanical Failure,15.1,No
DT-000673,2026-01-26,M-002,LINE-01,S1,Material Shortage,18.4,No
DT-000674,2026-03-31,M-010,LINE-04,S2,Operator Delay,3.0,No
DT-000675,2026-02-16,M-009,LINE-03,S2,Material Shortage,14.7,No
DT-000676,2026-03-04,M-011,LINE-04,S2,Quality Hold,8.3,No
DT-000677,2026-01-24,M-011,LINE-04,S3,Changeover,35.2,Yes
DT-000678,2026-01-31,M-008,LINE-03,S2,Changeover,23.0,Yes
DT-000679,2026-01-15,M-010,LINE-04,S2,Mechanical Failure,66.8,No
DT-000680,2026-05-27,M-007,LINE-03,S2,Changeover,11.7,Yes
DT-000681,2026-05-08,M-003,LINE-01,S2,Mechanical Failure,25.2,No
DT-000682,2026-02-26,M-009,LINE-03,S1,Mechanical Failure,71.7,No
DT-000683,2026-06-09,M-009,LINE-03,S3,Preventive Maintenance,31.5,Yes
DT-000684,2026-06-26,M-004,LINE-02,S3,Cleaning,6.1,No
DT-000685,2026-01-03,M-007,LINE-03,S3,Changeover,11.1,Yes
DT-000686,2026-04-10,M-010,LINE-04,S3,Mechanical Failure,26.5,No
DT-000687,2026-04-01,M-006,LINE-02,S3,Quality Hold,22.2,No
DT-000688,2026-03-25,M-010,LINE-04,S3,Electrical Failure,11.8,No
DT-000689,2026-01-17,M-003,LINE-01,S3,Quality Hold,28.4,No
DT-000690,2026-03-10,M-002,LINE-01,S2,Electrical Failure,49.4,No
DT-000691,2026-06-12,M-007,LINE-03,S1,Cleaning,26.5,No
DT-000692,2026-06-30,M-005,LINE-02,S1,Mechanical Failure,29.0,No
DT-000693,2026-01-18,M-005,LINE-02,S2,Mechanical Failure,19.1,No
DT-000694,2026-04-08,M-012,LINE-04,S2,Electrical Failure,44.0,No
DT-000695,2026-04-30,M-010,LINE-04,S2,Mechanical Failure,7.2,No
DT-000696,2026-01-03,M-001,LINE-01,S3,Changeover,28.2,Yes
DT-000697,2026-03-03,M-008,LINE-03,S3,Changeover,31.4,Yes
DT-000698,2026-05-12,M-007,LINE-03,S1,Electrical Failure,10.7,No
DT-000699,2026-01-12,M-006,LINE-02,S2,Material Shortage,41.2,No
DT-000700,2026-01-07,M-007,LINE-03,S2,Changeover,25.1,Yes
DT-000701,2026-01-13,M-003,LINE-01,S1,Mechanical Failure,20.6,No
DT-000702,2026-06-14,M-007,LINE-03,S2,Electrical Failure,35.6,No
DT-000703,2026-06-23,M-011,LINE-04,S2,Quality Hold,35.3,No
DT-000704,2026-05-11,M-005,LINE-02,S2,Quality Hold,27.8,No
DT-000705,2026-06-02,M-001,LINE-01,S2,Quality Hold,26.6,No
DT-000706,2026-06-19,M-002,LINE-01,S2,Quality Hold,4.6,No
DT-000707,2026-04-26,M-011,LINE-04,S1,Material Shortage,8.7,No
DT-000708,2026-01-14,M-009,LINE-03,S3,Mechanical Failure,73.6,No
DT-000709,2026-06-24,M-012,LINE-04,S3,Mechanical Failure,14.4,No
DT-000710,2026-03-25,M-010,LINE-04,S3,Material Shortage,28.2,No
DT-000711,2026-05-08,M-010,LINE-04,S2,Material Shortage,14.9,No
DT-000712,2026-02-13,M-004,LINE-02,S2,Material Shortage,37.9,No
DT-000713,2026-05-18,M-012,LINE-04,S1,Mechanical Failure,52.7,No
DT-000714,2026-03-26,M-011,LINE-04,S1,Material Shortage,9.6,No
DT-000715,2026-03-02,M-011,LINE-04,S3,Mechanical Failure,15.3,No
DT-000716,2026-05-11,M-002,LINE-01,S1,Mechanical Failure,77.5,No
DT-000717,2026-06-30,M-004,LINE-02,S1,Mechanical Failure,33.5,No
DT-000718,2026-02-11,M-004,LINE-02,S1,Material Shortage,30.7,No
DT-000719,2026-03-14,M-010,LINE-04,S2,Changeover,3.7,Yes
DT-000720,2026-04-28,M-007,LINE-03,S3,Quality Hold,11.1,No
DT-000721,2026-04-02,M-003,LINE-01,S1,Operator Delay,27.2,No
DT-000722,2026-03-09,M-001,LINE-01,S2,Changeover,3.0,Yes
DT-000723,2026-02-27,M-010,LINE-04,S2,Mechanical Failure,55.2,No
DT-000724,2026-04-25,M-005,LINE-02,S1,Cleaning,8.6,No
DT-000725,2026-04-30,M-005,LINE-02,S2,Operator Delay,8.1,No
DT-000726,2026-03-20,M-009,LINE-03,S1,Mechanical Failure,8.1,No
DT-000727,2026-05-15,M-004,LINE-02,S1,Changeover,12.8,Yes
DT-000728,2026-04-11,M-012,LINE-04,S1,Mechanical Failure,41.6,No
DT-000729,2026-06-17,M-007,LINE-03,S1,Changeover,5.2,Yes
DT-000730,2026-01-19,M-004,LINE-02,S1,Cleaning,15.4,No
DT-000731,2026-01-03,M-002,LINE-01,S1,Changeover,6.3,Yes
DT-000732,2026-02-27,M-006,LINE-02,S2,Material Shortage,21.1,No
DT-000733,2026-01-06,M-008,LINE-03,S3,Cleaning,44.5,No
DT-000734,2026-06-28,M-005,LINE-02,S3,Quality Hold,17.3,No
DT-000735,2026-03-23,M-003,LINE-01,S2,Electrical Failure,56.0,No
DT-000736,2026-02-01,M-012,LINE-04,S2,Changeover,20.1,Yes
DT-000737,2026-01-24,M-005,LINE-02,S1,Material Shortage,6.2,No
DT-000738,2026-02-08,M-010,LINE-04,S2,Mechanical Failure,109.9,No
DT-000739,2026-02-20,M-011,LINE-04,S1,Preventive Maintenance,38.7,Yes
DT-000740,2026-05-19,M-009,LINE-03,S1,Preventive Maintenance,11.6,Yes
DT-000741,2026-06-10,M-010,LINE-04,S3,Changeover,19.6,Yes
DT-000742,2026-02-12,M-010,LINE-04,S2,Material Shortage,36.1,No
DT-000743,2026-06-20,M-012,LINE-04,S1,Mechanical Failure,4.3,No
DT-000744,2026-06-09,M-010,LINE-04,S1,Mechanical Failure,23.1,No
DT-000745,2026-03-20,M-007,LINE-03,S1,Changeover,50.5,Yes
DT-000746,2026-01-27,M-012,LINE-04,S3,Changeover,34.8,Yes
DT-000747,2026-02-09,M-010,LINE-04,S1,Cleaning,3.0,No
DT-000748,2026-05-02,M-011,LINE-04,S2,Mechanical Failure,20.1,No
DT-000749,2026-03-14,M-005,LINE-02,S2,Electrical Failure,48.1,No
DT-000750,2026-04-20,M-004,LINE-02,S2,Electrical Failure,12.2,No
DT-000751,2026-01-21,M-006,LINE-02,S1,Mechanical Failure,13.6,No
DT-000752,2026-03-03,M-001,LINE-01,S2,Material Shortage,43.9,No
DT-000753,2026-06-04,M-008,LINE-03,S1,Preventive Maintenance,6.6,Yes
DT-000754,2026-02-06,M-001,LINE-01,S1,Material Shortage,22.0,No
DT-000755,2026-02-05,M-002,LINE-01,S2,Preventive Maintenance,40.5,Yes
DT-000756,2026-06-05,M-001,LINE-01,S3,Mechanical Failure,18.1,No
DT-000757,2026-01-28,M-011,LINE-04,S3,Changeover,85.1,Yes
DT-000758,2026-03-30,M-006,LINE-02,S3,Mechanical Failure,80.5,No
DT-000759,2026-03-20,M-004,LINE-02,S1,Quality Hold,78.5,No
DT-000760,2026-04-23,M-007,LINE-03,S2,Material Shortage,10.3,No
DT-000761,2026-01-20,M-009,LINE-03,S2,Mechanical Failure,44.2,No
DT-000762,2026-05-26,M-004,LINE-02,S1,Electrical Failure,43.8,No
DT-000763,2026-03-03,M-003,LINE-01,S2,Material Shortage,28.1,No
DT-000764,2026-05-09,M-010,LINE-04,S3,Material Shortage,51.1,No
DT-000765,2026-01-11,M-012,LINE-04,S1,Mechanical Failure,10.4,No
DT-000766,2026-05-23,M-009,LINE-03,S2,Electrical Failure,69.9,No
DT-000767,2026-02-14,M-008,LINE-03,S2,Cleaning,23.8,No
DT-000768,2026-02-11,M-001,LINE-01,S2,Changeover,21.1,Yes
DT-000769,2026-01-02,M-005,LINE-02,S3,Quality Hold,16.0,No
DT-000770,2026-04-13,M-007,LINE-03,S1,Mechanical Failure,22.0,No
DT-000771,2026-01-23,M-011,LINE-04,S2,Quality Hold,10.5,No
DT-000772,2026-02-06,M-001,LINE-01,S1,Operator Delay,19.7,No
DT-000773,2026-05-20,M-005,LINE-02,S3,Mechanical Failure,17.2,No
DT-000774,2026-06-02,M-006,LINE-02,S2,Mechanical Failure,3.9,No
DT-000775,2026-02-10,M-010,LINE-04,S1,Preventive Maintenance,48.5,Yes
DT-000776,2026-02-18,M-012,LINE-04,S3,Mechanical Failure,152.8,No
DT-000777,2026-01-12,M-001,LINE-01,S3,Mechanical Failure,80.4,No
DT-000778,2026-06-18,M-009,LINE-03,S3,Preventive Maintenance,13.7,Yes
DT-000779,2026-05-25,M-007,LINE-03,S1,Electrical Failure,21.9,No
DT-000780,2026-05-17,M-009,LINE-03,S3,Material Shortage,8.8,No
DT-000781,2026-06-27,M-011,LINE-04,S2,Preventive Maintenance,24.7,Yes
DT-000782,2026-01-12,M-007,LINE-03,S1,Operator Delay,31.2,No
DT-000783,2026-06-07,M-012,LINE-04,S1,Material Shortage,21.5,No
DT-000784,2026-02-25,M-007,LINE-03,S1,Changeover,88.9,Yes
DT-000785,2026-06-04,M-006,LINE-02,S2,Operator Delay,23.4,No
DT-000786,2026-06-10,M-002,LINE-01,S2,Mechanical Failure,91.7,No
DT-000787,2026-04-01,M-012,LINE-04,S1,Material Shortage,27.5,No
DT-000788,2026-02-12,M-003,LINE-01,S2,Mechanical Failure,18.3,No
DT-000789,2026-01-24,M-003,LINE-01,S3,Mechanical Failure,37.6,No
DT-000790,2026-01-03,M-001,LINE-01,S1,Mechanical Failure,35.2,No
DT-000791,2026-01-21,M-009,LINE-03,S1,Quality Hold,10.2,No
DT-000792,2026-04-28,M-011,LINE-04,S1,Electrical Failure,24.1,No
DT-000793,2026-03-18,M-004,LINE-02,S3,Electrical Failure,65.1,No
DT-000794,2026-02-17,M-008,LINE-03,S2,Changeover,39.6,Yes
DT-000795,2026-04-12,M-007,LINE-03,S3,Operator Delay,8.0,No
DT-000796,2026-04-23,M-008,LINE-03,S3,Mechanical Failure,38.3,No
DT-000797,2026-01-22,M-009,LINE-03,S3,Material Shortage,23.3,No
DT-000798,2026-04-24,M-002,LINE-01,S1,Operator Delay,17.2,No
DT-000799,2026-02-20,M-011,LINE-04,S3,Mechanical Failure,49.2,No
DT-000800,2026-03-25,M-005,LINE-02,S1,Quality Hold,50.2,No
DT-000801,2026-06-02,M-008,LINE-03,S3,Material Shortage,19.9,No
DT-000802,2026-04-30,M-010,LINE-04,S2,Material Shortage,76.3,No
DT-000803,2026-04-18,M-003,LINE-01,S1,Material Shortage,16.4,No
DT-000804,2026-05-04,M-001,LINE-01,S2,Changeover,7.6,Yes
DT-000805,2026-04-29,M-009,LINE-03,S3,Changeover,3.0,Yes
DT-000806,2026-03-13,M-006,LINE-02,S2,Mechanical Failure,47.4,No
DT-000807,2026-02-03,M-001,LINE-01,S2,Changeover,60.5,Yes
DT-000808,2026-05-30,M-001,LINE-01,S2,Preventive Maintenance,22.6,Yes
DT-000809,2026-03-29,M-005,LINE-02,S1,Mechanical Failure,55.1,No
DT-000810,2026-01-28,M-012,LINE-04,S3,Mechanical Failure,58.8,No
DT-000811,2026-01-08,M-008,LINE-03,S1,Material Shortage,76.0,No
DT-000812,2026-04-23,M-012,LINE-04,S2,Material Shortage,69.9,No
DT-000813,2026-06-05,M-006,LINE-02,S3,Cleaning,28.4,No
DT-000814,2026-05-28,M-005,LINE-02,S2,Mechanical Failure,80.4,No
DT-000815,2026-02-06,M-002,LINE-01,S2,Material Shortage,27.9,No
DT-000816,2026-01-25,M-001,LINE-01,S3,Electrical Failure,27.7,No
DT-000817,2026-03-22,M-002,LINE-01,S1,Mechanical Failure,9.9,No
DT-000818,2026-04-07,M-002,LINE-01,S1,Mechanical Failure,8.3,No
DT-000819,2026-06-27,M-010,LINE-04,S2,Electrical Failure,65.6,No
DT-000820,2026-01-07,M-002,LINE-01,S1,Mechanical Failure,29.5,No
DT-000821,2026-04-20,M-012,LINE-04,S1,Mechanical Failure,112.2,No
DT-000822,2026-01-12,M-004,LINE-02,S2,Mechanical Failure,32.2,No
DT-000823,2026-06-03,M-004,LINE-02,S2,Electrical Failure,14.3,No
DT-000824,2026-05-07,M-005,LINE-02,S1,Material Shortage,16.2,No
DT-000825,2026-02-05,M-011,LINE-04,S3,Mechanical Failure,66.0,No
DT-000826,2026-06-22,M-010,LINE-04,S1,Mechanical Failure,39.4,No
DT-000827,2026-04-29,M-005,LINE-02,S2,Mechanical Failure,14.9,No
DT-000828,2026-05-02,M-004,LINE-02,S1,Mechanical Failure,23.4,No
DT-000829,2026-05-08,M-003,LINE-01,S2,Cleaning,21.6,No
DT-000830,2026-03-20,M-009,LINE-03,S3,Material Shortage,3.7,No
DT-000831,2026-05-08,M-011,LINE-04,S3,Cleaning,25.9,No
DT-000832,2026-06-24,M-009,LINE-03,S1,Changeover,20.4,Yes
DT-000833,2026-05-19,M-010,LINE-04,S2,Material Shortage,6.9,No
DT-000834,2026-03-20,M-009,LINE-03,S1,Cleaning,14.3,No
DT-000835,2026-04-30,M-006,LINE-02,S1,Mechanical Failure,23.9,No
DT-000836,2026-03-30,M-004,LINE-02,S3,Changeover,37.7,Yes
DT-000837,2026-04-02,M-001,LINE-01,S2,Changeover,9.0,Yes
DT-000838,2026-01-11,M-012,LINE-04,S2,Mechanical Failure,61.9,No
DT-000839,2026-04-12,M-002,LINE-01,S2,Mechanical Failure,68.8,No
DT-000840,2026-03-18,M-010,LINE-04,S3,Operator Delay,67.0,No
DT-000841,2026-02-07,M-008,LINE-03,S3,Cleaning,14.5,No
DT-000842,2026-04-29,M-006,LINE-02,S1,Preventive Maintenance,7.0,Yes
DT-000843,2026-01-17,M-003,LINE-01,S1,Mechanical Failure,25.2,No
DT-000844,2026-06-22,M-009,LINE-03,S2,Electrical Failure,15.8,No
DT-000845,2026-03-24,M-004,LINE-02,S2,Material Shortage,22.9,No
DT-000846,2026-05-28,M-004,LINE-02,S1,Electrical Failure,33.5,No
DT-000847,2026-06-27,M-001,LINE-01,S1,Mechanical Failure,42.7,No
DT-000848,2026-06-12,M-006,LINE-02,S1,Material Shortage,6.3,No
DT-000849,2026-05-19,M-011,LINE-04,S3,Mechanical Failure,22.3,No
DT-000850,2026-02-22,M-010,LINE-04,S1,Electrical Failure,20.8,No
DT-000851,2026-04-25,M-011,LINE-04,S2,Cleaning,6.1,No
DT-000852,2026-04-10,M-002,LINE-01,S2,Preventive Maintenance,18.5,Yes
DT-000853,2026-06-12,M-002,LINE-01,S3,Electrical Failure,47.0,No
DT-000854,2026-01-03,M-001,LINE-01,S2,Preventive Maintenance,34.8,Yes
DT-000855,2026-01-07,M-010,LINE-04,S1,Material Shortage,44.6,No
DT-000856,2026-01-23,M-006,LINE-02,S1,Electrical Failure,39.0,No
DT-000857,2026-03-24,M-012,LINE-04,S2,Electrical Failure,65.6,No
DT-000858,2026-02-05,M-007,LINE-03,S2,Quality Hold,58.3,No
DT-000859,2026-06-02,M-002,LINE-01,S1,Mechanical Failure,39.5,No
DT-000860,2026-05-05,M-011,LINE-04,S3,Cleaning,3.6,No
DT-000861,2026-04-01,M-008,LINE-03,S3,Mechanical Failure,34.7,No
DT-000862,2026-04-01,M-012,LINE-04,S2,Mechanical Failure,67.1,No
DT-000863,2026-03-24,M-009,LINE-03,S2,Electrical Failure,32.8,No
DT-000864,2026-04-21,M-009,LINE-03,S1,Electrical Failure,6.2,No
DT-000865,2026-06-03,M-009,LINE-03,S2,Quality Hold,25.1,No
DT-000866,2026-06-11,M-010,LINE-04,S2,Mechanical Failure,26.7,No
DT-000867,2026-05-04,M-005,LINE-02,S3,Mechanical Failure,45.7,No
DT-000868,2026-02-14,M-005,LINE-02,S2,Cleaning,17.5,No
DT-000869,2026-05-29,M-005,LINE-02,S2,Electrical Failure,37.4,No
DT-000870,2026-03-10,M-009,LINE-03,S2,Material Shortage,16.4,No
DT-000871,2026-01-15,M-009,LINE-03,S2,Mechanical Failure,27.4,No
DT-000872,2026-05-02,M-008,LINE-03,S2,Mechanical Failure,7.7,No
DT-000873,2026-01-28,M-005,LINE-02,S2,Mechanical Failure,53.3,No
DT-000874,2026-03-20,M-003,LINE-01,S1,Operator Delay,32.1,No
DT-000875,2026-06-08,M-004,LINE-02,S3,Operator Delay,24.1,No
DT-000876,2026-06-16,M-004,LINE-02,S2,Material Shortage,84.0,No
DT-000877,2026-03-28,M-005,LINE-02,S3,Mechanical Failure,10.6,No
DT-000878,2026-06-15,M-007,LINE-03,S1,Electrical Failure,96.1,No
DT-000879,2026-03-07,M-007,LINE-03,S1,Quality Hold,55.5,No
DT-000880,2026-05-13,M-012,LINE-04,S2,Mechanical Failure,25.1,No
DT-000881,2026-02-03,M-012,LINE-04,S3,Quality Hold,37.7,No
DT-000882,2026-04-04,M-001,LINE-01,S1,Changeover,29.9,Yes
DT-000883,2026-06-23,M-005,LINE-02,S3,Cleaning,5.5,No
DT-000884,2026-04-29,M-002,LINE-01,S3,Mechanical Failure,33.2,No
DT-000885,2026-05-05,M-001,LINE-01,S2,Cleaning,30.6,No
DT-000886,2026-02-27,M-004,LINE-02,S1,Material Shortage,17.6,No
DT-000887,2026-03-22,M-012,LINE-04,S1,Mechanical Failure,156.0,No
DT-000888,2026-06-02,M-009,LINE-03,S1,Mechanical Failure,10.4,No
DT-000889,2026-02-02,M-004,LINE-02,S3,Electrical Failure,3.0,No
DT-000890,2026-04-06,M-005,LINE-02,S3,Cleaning,18.4,No
DT-000891,2026-04-12,M-012,LINE-04,S3,Mechanical Failure,90.2,No
DT-000892,2026-03-17,M-005,LINE-02,S2,Mechanical Failure,46.9,No
DT-000893,2026-05-25,M-011,LINE-04,S2,Mechanical Failure,4.9,No
DT-000894,2026-03-13,M-007,LINE-03,S2,Changeover,8.1,Yes
DT-000895,2026-02-14,M-009,LINE-03,S1,Preventive Maintenance,3.0,Yes
DT-000896,2026-05-28,M-001,LINE-01,S2,Operator Delay,27.2,No
DT-000897,2026-05-20,M-006,LINE-02,S1,Material Shortage,19.7,No
DT-000898,2026-01-19,M-012,LINE-04,S2,Changeover,41.9,Yes
DT-000899,2026-04-16,M-012,LINE-04,S2,Quality Hold,40.7,No
DT-000900,2026-03-12,M-010,LINE-04,S2,Preventive Maintenance,26.3,Yes
DT-000901,2026-05-11,M-004,LINE-02,S3,Operator Delay,3.0,No
DT-000902,2026-06-03,M-006,LINE-02,S1,Cleaning,15.1,No
DT-000903,2026-02-22,M-007,LINE-03,S2,Quality Hold,47.6,No
DT-000904,2026-03-05,M-010,LINE-04,S3,Electrical Failure,25.0,No
DT-000905,2026-01-23,M-003,LINE-01,S2,Electrical Failure,39.5,No
DT-000906,2026-01-04,M-007,LINE-03,S3,Operator Delay,12.7,No
DT-000907,2026-02-11,M-011,LINE-04,S2,Quality Hold,15.6,No
DT-000908,2026-02-14,M-001,LINE-01,S1,Material Shortage,19.9,No
DT-000909,2026-01-21,M-005,LINE-02,S1,Changeover,24.3,Yes
DT-000910,2026-05-12,M-010,LINE-04,S1,Changeover,9.8,Yes
DT-000911,2026-03-28,M-007,LINE-03,S1,Material Shortage,9.6,No
DT-000912,2026-01-03,M-011,LINE-04,S1,Operator Delay,38.2,No
DT-000913,2026-04-14,M-009,LINE-03,S1,Mechanical Failure,12.7,No
DT-000914,2026-04-01,M-009,LINE-03,S1,Mechanical Failure,152.8,No
DT-000915,2026-01-10,M-009,LINE-03,S1,Material Shortage,22.8,No
DT-000916,2026-01-15,M-002,LINE-01,S2,Preventive Maintenance,117.0,Yes
DT-000917,2026-04-14,M-006,LINE-02,S3,Material Shortage,3.0,No
DT-000918,2026-02-25,M-011,LINE-04,S1,Changeover,21.6,Yes
DT-000919,2026-03-24,M-005,LINE-02,S1,Changeover,3.0,Yes
DT-000920,2026-02-13,M-006,LINE-02,S2,Operator Delay,3.2,No
DT-000921,2026-05-09,M-003,LINE-01,S2,Material Shortage,55.6,No
DT-000922,2026-05-26,M-009,LINE-03,S1,Electrical Failure,38.8,No
DT-000923,2026-01-08,M-009,LINE-03,S1,Operator Delay,30.2,No
DT-000924,2026-03-29,M-012,LINE-04,S3,Cleaning,18.5,No
DT-000925,2026-05-22,M-004,LINE-02,S3,Mechanical Failure,6.3,No
DT-000926,2026-01-31,M-003,LINE-01,S2,Operator Delay,53.7,No
DT-000927,2026-02-02,M-012,LINE-04,S1,Operator Delay,16.4,No
DT-000928,2026-01-26,M-005,LINE-02,S1,Operator Delay,31.9,No
DT-000929,2026-01-23,M-008,LINE-03,S3,Changeover,76.1,Yes
DT-000930,2026-05-16,M-001,LINE-01,S2,Electrical Failure,14.6,No
DT-000931,2026-06-24,M-003,LINE-01,S1,Electrical Failure,75.2,No
DT-000932,2026-03-28,M-011,LINE-04,S2,Electrical Failure,150.6,No
DT-000933,2026-03-15,M-009,LINE-03,S1,Changeover,30.6,Yes
DT-000934,2026-02-05,M-010,LINE-04,S1,Mechanical Failure,72.2,No
DT-000935,2026-01-30,M-009,LINE-03,S3,Material Shortage,15.5,No
DT-000936,2026-04-10,M-008,LINE-03,S2,Electrical Failure,127.1,No
DT-000937,2026-02-12,M-008,LINE-03,S2,Mechanical Failure,43.1,No
DT-000938,2026-06-10,M-011,LINE-04,S3,Operator Delay,32.7,No
DT-000939,2026-01-11,M-007,LINE-03,S2,Preventive Maintenance,8.8,Yes
DT-000940,2026-04-12,M-003,LINE-01,S1,Mechanical Failure,72.3,No
DT-000941,2026-06-19,M-008,LINE-03,S2,Cleaning,49.6,No
DT-000942,2026-05-22,M-003,LINE-01,S3,Material Shortage,4.3,No
DT-000943,2026-02-19,M-012,LINE-04,S2,Mechanical Failure,55.1,No
DT-000944,2026-02-04,M-007,LINE-03,S1,Mechanical Failure,21.7,No
DT-000945,2026-02-08,M-009,LINE-03,S3,Mechanical Failure,35.8,No
DT-000946,2026-02-11,M-003,LINE-01,S1,Changeover,35.2,Yes
DT-000947,2026-04-10,M-011,LINE-04,S2,Cleaning,13.3,No
DT-000948,2026-01-15,M-003,LINE-01,S3,Quality Hold,35.8,No
DT-000949,2026-01-18,M-006,LINE-02,S2,Mechanical Failure,62.0,No
DT-000950,2026-03-15,M-009,LINE-03,S2,Quality Hold,10.4,No
DT-000951,2026-05-05,M-001,LINE-01,S1,Operator Delay,57.4,No
DT-000952,2026-03-25,M-003,LINE-01,S1,Operator Delay,6.9,No
DT-000953,2026-02-05,M-002,LINE-01,S2,Changeover,57.0,Yes
DT-000954,2026-06-16,M-001,LINE-01,S2,Mechanical Failure,58.9,No
DT-000955,2026-05-28,M-006,LINE-02,S1,Material Shortage,15.0,No
DT-000956,2026-01-26,M-011,LINE-04,S1,Mechanical Failure,15.2,No
DT-000957,2026-04-24,M-006,LINE-02,S2,Changeover,19.0,Yes
DT-000958,2026-04-25,M-012,LINE-04,S1,Mechanical Failure,56.9,No
DT-000959,2026-02-25,M-001,LINE-01,S2,Changeover,52.5,Yes
DT-000960,2026-05-11,M-001,LINE-01,S2,Mechanical Failure,20.8,No
DT-000961,2026-06-16,M-002,LINE-01,S2,Mechanical Failure,42.1,No
DT-000962,2026-03-12,M-005,LINE-02,S1,Changeover,56.8,Yes
DT-000963,2026-01-04,M-001,LINE-01,S2,Mechanical Failure,40.1,No
DT-000964,2026-02-21,M-009,LINE-03,S2,Changeover,20.8,Yes
DT-000965,2026-05-17,M-001,LINE-01,S3,Mechanical Failure,4.6,No
DT-000966,2026-03-17,M-001,LINE-01,S1,Quality Hold,47.9,No
DT-000967,2026-06-23,M-003,LINE-01,S1,Cleaning,16.5,No
DT-000968,2026-01-29,M-003,LINE-01,S1,Preventive Maintenance,24.3,Yes
DT-000969,2026-04-21,M-002,LINE-01,S1,Electrical Failure,29.9,No
DT-000970,2026-04-26,M-006,LINE-02,S2,Quality Hold,31.1,No
DT-000971,2026-04-11,M-003,LINE-01,S2,Mechanical Failure,28.9,No
DT-000972,2026-04-07,M-004,LINE-02,S1,Material Shortage,57.4,No
DT-000973,2026-03-04,M-004,LINE-02,S3,Changeover,60.5,Yes
DT-000974,2026-05-08,M-006,LINE-02,S1,Material Shortage,12.6,No
DT-000975,2026-03-24,M-003,LINE-01,S3,Changeover,9.8,Yes
DT-000976,2026-05-05,M-006,LINE-02,S3,Changeover,3.6,Yes
DT-000977,2026-06-26,M-003,LINE-01,S1,Operator Delay,5.7,No
DT-000978,2026-01-26,M-001,LINE-01,S2,Electrical Failure,42.5,No
DT-000979,2026-05-23,M-006,LINE-02,S2,Mechanical Failure,13.7,No
DT-000980,2026-04-22,M-007,LINE-03,S1,Electrical Failure,77.1,No
DT-000981,2026-02-11,M-009,LINE-03,S3,Material Shortage,18.9,No
DT-000982,2026-03-23,M-006,LINE-02,S1,Mechanical Failure,50.4,No
DT-000983,2026-04-23,M-004,LINE-02,S1,Preventive Maintenance,5.4,Yes
DT-000984,2026-03-12,M-008,LINE-03,S2,Changeover,17.5,Yes
DT-000985,2026-03-23,M-002,LINE-01,S3,Mechanical Failure,46.5,No
DT-000986,2026-06-22,M-005,LINE-02,S1,Mechanical Failure,76.6,No
DT-000987,2026-02-10,M-004,LINE-02,S1,Cleaning,41.7,No
DT-000988,2026-01-30,M-007,LINE-03,S1,Electrical Failure,60.8,No
DT-000989,2026-01-16,M-001,LINE-01,S2,Mechanical Failure,28.4,No
DT-000990,2026-04-11,M-005,LINE-02,S2,Mechanical Failure,24.7,No
DT-000991,2026-03-31,M-010,LINE-04,S2,Mechanical Failure,18.3,No
DT-000992,2026-03-30,M-004,LINE-02,S1,Electrical Failure,49.1,No
DT-000993,2026-06-28,M-009,LINE-03,S2,Electrical Failure,36.6,No
DT-000994,2026-01-01,M-010,LINE-04,S1,Operator Delay,60.1,No
DT-000995,2026-05-30,M-009,LINE-03,S2,Mechanical Failure,71.8,No
DT-000996,2026-01-19,M-003,LINE-01,S1,Mechanical Failure,28.1,No
DT-000997,2026-02-13,M-011,LINE-04,S2,Material Shortage,8.0,No
DT-000998,2026-04-07,M-005,LINE-02,S1,Material Shortage,23.5,No
DT-000999,2026-01-15,M-001,LINE-01,S2,Changeover,4.5,Yes
DT-001000,2026-04-13,M-012,LINE-04,S1,Electrical Failure,55.6,No
DT-001001,2026-02-18,M-009,LINE-03,S1,Mechanical Failure,30.3,No
DT-001002,2026-01-17,M-012,LINE-04,S3,Electrical Failure,11.9,No
DT-001003,2026-05-15,M-009,LINE-03,S2,Mechanical Failure,12.1,No
DT-001004,2026-05-16,M-001,LINE-01,S1,Mechanical Failure,125.3,No
DT-001005,2026-02-09,M-004,LINE-02,S3,Mechanical Failure,25.7,No
DT-001006,2026-06-30,M-002,LINE-01,S2,Electrical Failure,38.6,No
DT-001007,2026-01-13,M-005,LINE-02,S2,Changeover,27.4,Yes
DT-001008,2026-05-23,M-011,LINE-04,S1,Mechanical Failure,19.6,No
DT-001009,2026-04-05,M-009,LINE-03,S2,Electrical Failure,7.0,No
DT-001010,2026-04-27,M-009,LINE-03,S1,Changeover,44.0,Yes
DT-001011,2026-04-06,M-006,LINE-02,S3,Mechanical Failure,41.1,No
DT-001012,2026-04-30,M-009,LINE-03,S2,Operator Delay,10.5,No
DT-001013,2026-06-05,M-009,LINE-03,S2,Mechanical Failure,51.6,No
DT-001014,2026-02-17,M-004,LINE-02,S3,Changeover,22.2,Yes
DT-001015,2026-05-13,M-003,LINE-01,S1,Electrical Failure,35.9,No
DT-001016,2026-04-16,M-007,LINE-03,S1,Changeover,4.4,Yes
DT-001017,2026-06-09,M-003,LINE-01,S1,Material Shortage,54.2,No
DT-001018,2026-06-12,M-002,LINE-01,S1,Quality Hold,8.5,No
DT-001019,2026-05-25,M-011,LINE-04,S1,Mechanical Failure,13.0,No
DT-001020,2026-01-23,M-004,LINE-02,S2,Electrical Failure,36.4,No
DT-001021,2026-03-29,M-005,LINE-02,S1,Preventive Maintenance,16.4,Yes
DT-001022,2026-02-01,M-008,LINE-03,S3,Electrical Failure,21.9,No
DT-001023,2026-02-03,M-004,LINE-02,S3,Electrical Failure,78.5,No
DT-001024,2026-04-15,M-001,LINE-01,S2,Mechanical Failure,5.1,No
DT-001025,2026-05-30,M-008,LINE-03,S1,Mechanical Failure,84.1,No
DT-001026,2026-03-23,M-001,LINE-01,S1,Mechanical Failure,32.0,No
DT-001027,2026-02-22,M-005,LINE-02,S2,Material Shortage,125.6,No
DT-001028,2026-02-16,M-010,LINE-04,S2,Changeover,10.4,Yes
DT-001029,2026-03-13,M-001,LINE-01,S3,Material Shortage,20.4,No
DT-001030,2026-01-12,M-009,LINE-03,S1,Material Shortage,16.4,No
DT-001031,2026-01-06,M-003,LINE-01,S2,Operator Delay,37.4,No
DT-001032,2026-02-24,M-010,LINE-04,S1,Mechanical Failure,44.7,No
DT-001033,2026-01-03,M-010,LINE-04,S1,Electrical Failure,15.4,No
DT-001034,2026-01-20,M-005,LINE-02,S3,Changeover,10.4,Yes
DT-001035,2026-03-22,M-009,LINE-03,S3,Material Shortage,36.2,No
DT-001036,2026-04-07,M-003,LINE-01,S2,Mechanical Failure,58.4,No
DT-001037,2026-01-01,M-011,LINE-04,S1,Operator Delay,8.9,No
DT-001038,2026-06-16,M-002,LINE-01,S1,Mechanical Failure,53.5,No
DT-001039,2026-03-09,M-009,LINE-03,S2,Mechanical Failure,42.7,No
DT-001040,2026-05-04,M-008,LINE-03,S1,Cleaning,3.0,No
DT-001041,2026-05-28,M-007,LINE-03,S2,Mechanical Failure,41.7,No
DT-001042,2026-05-03,M-002,LINE-01,S2,Mechanical Failure,44.7,No
DT-001043,2026-01-10,M-006,LINE-02,S1,Mechanical Failure,57.0,No
DT-001044,2026-06-19,M-004,LINE-02,S1,Material Shortage,27.6,No
DT-001045,2026-01-12,M-005,LINE-02,S3,Preventive Maintenance,19.9,Yes
DT-001046,2026-03-11,M-002,LINE-01,S2,Cleaning,5.4,No
DT-001047,2026-01-11,M-001,LINE-01,S2,Operator Delay,11.5,No
DT-001048,2026-04-26,M-010,LINE-04,S3,Cleaning,16.1,No
DT-001049,2026-01-21,M-006,LINE-02,S3,Mechanical Failure,28.4,No
DT-001050,2026-02-10,M-008,LINE-03,S2,Electrical Failure,36.1,No
DT-001051,2026-06-30,M-006,LINE-02,S2,Cleaning,27.3,No
DT-001052,2026-01-23,M-006,LINE-02,S3,Electrical Failure,92.6,No
DT-001053,2026-04-21,M-010,LINE-04,S1,Mechanical Failure,10.0,No
DT-001054,2026-01-31,M-011,LINE-04,S2,Cleaning,22.2,No
DT-001055,2026-01-26,M-002,LINE-01,S3,Quality Hold,18.6,No
DT-001056,2026-01-20,M-004,LINE-02,S2,Preventive Maintenance,18.2,Yes
DT-001057,2026-06-21,M-007,LINE-03,S2,Cleaning,22.0,No
DT-001058,2026-04-25,M-012,LINE-04,S1,Mechanical Failure,58.7,No
DT-001059,2026-04-06,M-004,LINE-02,S2,Material Shortage,11.6,No
DT-001060,2026-04-14,M-005,LINE-02,S2,Changeover,7.3,Yes
DT-001061,2026-06-21,M-012,LINE-04,S1,Changeover,38.7,Yes
DT-001062,2026-02-25,M-004,LINE-02,S2,Cleaning,15.4,No
DT-001063,2026-03-23,M-004,LINE-02,S1,Mechanical Failure,29.1,No
DT-001064,2026-02-15,M-007,LINE-03,S1,Material Shortage,13.5,No
DT-001065,2026-06-29,M-003,LINE-01,S2,Operator Delay,3.4,No
DT-001066,2026-03-30,M-010,LINE-04,S1,Mechanical Failure,92.8,No
DT-001067,2026-02-24,M-012,LINE-04,S2,Electrical Failure,32.3,No
DT-001068,2026-03-09,M-006,LINE-02,S1,Mechanical Failure,9.6,No
DT-001069,2026-06-11,M-005,LINE-02,S1,Mechanical Failure,87.6,No
DT-001070,2026-05-27,M-012,LINE-04,S1,Electrical Failure,43.7,No
DT-001071,2026-06-18,M-002,LINE-01,S2,Mechanical Failure,16.4,No
DT-001072,2026-06-05,M-008,LINE-03,S1,Quality Hold,62.1,No
DT-001073,2026-05-22,M-007,LINE-03,S3,Material Shortage,13.9,No
DT-001074,2026-05-21,M-008,LINE-03,S2,Cleaning,27.5,No
DT-001075,2026-04-20,M-004,LINE-02,S2,Material Shortage,6.6,No
DT-001076,2026-01-21,M-008,LINE-03,S1,Mechanical Failure,16.8,No
DT-001077,2026-01-24,M-005,LINE-02,S2,Material Shortage,8.0,No
DT-001078,2026-04-16,M-009,LINE-03,S1,Material Shortage,6.9,No
DT-001079,2026-02-15,M-009,LINE-03,S2,Cleaning,9.0,No
DT-001080,2026-05-24,M-004,LINE-02,S1,Material Shortage,36.9,No
DT-001081,2026-03-22,M-006,LINE-02,S1,Mechanical Failure,61.7,No
DT-001082,2026-06-14,M-005,LINE-02,S1,Material Shortage,7.0,No
DT-001083,2026-01-20,M-004,LINE-02,S1,Preventive Maintenance,11.8,Yes
DT-001084,2026-05-11,M-012,LINE-04,S2,Electrical Failure,67.3,No
DT-001085,2026-05-09,M-005,LINE-02,S1,Cleaning,13.8,No
DT-001086,2026-06-30,M-012,LINE-04,S3,Material Shortage,44.6,No
DT-001087,2026-05-27,M-005,LINE-02,S3,Mechanical Failure,67.3,No
DT-001088,2026-01-20,M-008,LINE-03,S3,Electrical Failure,94.5,No
DT-001089,2026-05-31,M-007,LINE-03,S3,Quality Hold,11.8,No
DT-001090,2026-06-20,M-006,LINE-02,S1,Electrical Failure,73.7,No
DT-001091,2026-03-10,M-006,LINE-02,S3,Mechanical Failure,21.0,No
DT-001092,2026-03-15,M-007,LINE-03,S2,Mechanical Failure,82.0,No
DT-001093,2026-05-01,M-011,LINE-04,S3,Material Shortage,10.0,No
DT-001094,2026-03-04,M-001,LINE-01,S2,Material Shortage,37.3,No
DT-001095,2026-06-01,M-008,LINE-03,S2,Electrical Failure,34.8,No
DT-001096,2026-06-21,M-011,LINE-04,S3,Material Shortage,78.0,No
DT-001097,2026-03-18,M-004,LINE-02,S2,Changeover,8.0,Yes
DT-001098,2026-02-11,M-012,LINE-04,S2,Quality Hold,43.6,No
DT-001099,2026-02-26,M-004,LINE-02,S1,Changeover,80.0,Yes
DT-001100,2026-03-01,M-003,LINE-01,S2,Electrical Failure,3.9,No
DT-001101,2026-03-10,M-011,LINE-04,S1,Changeover,14.5,Yes
DT-001102,2026-03-15,M-004,LINE-02,S1,Mechanical Failure,87.3,No
DT-001103,2026-06-02,M-010,LINE-04,S2,Operator Delay,42.9,No
DT-001104,2026-05-08,M-007,LINE-03,S2,Changeover,26.0,Yes
DT-001105,2026-02-26,M-010,LINE-04,S3,Changeover,7.6,Yes
DT-001106,2026-01-25,M-004,LINE-02,S1,Material Shortage,30.6,No
DT-001107,2026-04-16,M-009,LINE-03,S1,Material Shortage,12.5,No
DT-001108,2026-06-11,M-001,LINE-01,S1,Electrical Failure,32.6,No
DT-001109,2026-04-20,M-003,LINE-01,S2,Mechanical Failure,120.5,No
DT-001110,2026-03-04,M-005,LINE-02,S2,Electrical Failure,13.2,No
DT-001111,2026-03-17,M-003,LINE-01,S2,Cleaning,13.2,No
DT-001112,2026-04-10,M-008,LINE-03,S2,Mechanical Failure,67.5,No
DT-001113,2026-02-09,M-007,LINE-03,S1,Material Shortage,19.1,No
DT-001114,2026-04-18,M-012,LINE-04,S3,Mechanical Failure,98.8,No
DT-001115,2026-06-25,M-004,LINE-02,S2,Mechanical Failure,7.8,No
DT-001116,2026-05-22,M-010,LINE-04,S2,Material Shortage,22.2,No
DT-001117,2026-06-10,M-007,LINE-03,S1,Electrical Failure,22.4,No
DT-001118,2026-05-20,M-003,LINE-01,S2,Electrical Failure,38.1,No
DT-001119,2026-01-22,M-003,LINE-01,S2,Material Shortage,48.6,No
DT-001120,2026-01-21,M-004,LINE-02,S2,Changeover,32.3,Yes
DT-001121,2026-01-14,M-005,LINE-02,S3,Mechanical Failure,12.1,No
DT-001122,2026-03-20,M-006,LINE-02,S2,Cleaning,14.3,No
DT-001123,2026-06-18,M-006,LINE-02,S3,Mechanical Failure,6.2,No
DT-001124,2026-03-10,M-010,LINE-04,S2,Electrical Failure,33.7,No
DT-001125,2026-04-09,M-008,LINE-03,S1,Cleaning,3.0,No
DT-001126,2026-04-15,M-004,LINE-02,S3,Mechanical Failure,33.5,No
DT-001127,2026-02-04,M-008,LINE-03,S1,Operator Delay,11.5,No
DT-001128,2026-03-15,M-008,LINE-03,S3,Electrical Failure,56.5,No
DT-001129,2026-02-16,M-006,LINE-02,S1,Preventive Maintenance,19.1,Yes
DT-001130,2026-04-05,M-005,LINE-02,S3,Mechanical Failure,24.2,No
DT-001131,2026-03-31,M-012,LINE-04,S1,Material Shortage,9.6,No
DT-001132,2026-04-05,M-004,LINE-02,S1,Changeover,11.7,Yes
DT-001133,2026-01-19,M-009,LINE-03,S1,Changeover,18.5,Yes
DT-001134,2026-06-27,M-004,LINE-02,S3,Mechanical Failure,52.4,No
DT-001135,2026-06-09,M-012,LINE-04,S2,Mechanical Failure,76.2,No
DT-001136,2026-03-25,M-002,LINE-01,S2,Cleaning,9.8,No
DT-001137,2026-04-02,M-005,LINE-02,S1,Material Shortage,25.9,No
DT-001138,2026-01-19,M-004,LINE-02,S2,Electrical Failure,33.1,No
DT-001139,2026-02-07,M-008,LINE-03,S3,Mechanical Failure,33.4,No
DT-001140,2026-04-17,M-004,LINE-02,S1,Mechanical Failure,26.6,No
DT-001141,2026-01-16,M-007,LINE-03,S2,Preventive Maintenance,9.1,Yes
DT-001142,2026-03-06,M-005,LINE-02,S1,Changeover,48.9,Yes
DT-001143,2026-06-22,M-011,LINE-04,S2,Material Shortage,94.3,No
DT-001144,2026-05-09,M-002,LINE-01,S2,Changeover,47.0,Yes
DT-001145,2026-05-04,M-007,LINE-03,S3,Mechanical Failure,17.6,No
DT-001146,2026-02-18,M-007,LINE-03,S1,Changeover,29.5,Yes
DT-001147,2026-01-11,M-011,LINE-04,S2,Quality Hold,71.9,No
DT-001148,2026-05-18,M-011,LINE-04,S1,Material Shortage,40.7,No
DT-001149,2026-05-16,M-012,LINE-04,S3,Changeover,21.2,Yes
DT-001150,2026-01-14,M-008,LINE-03,S1,Material Shortage,4.6,No
DT-001151,2026-04-20,M-008,LINE-03,S1,Electrical Failure,81.2,No
DT-001152,2026-03-12,M-012,LINE-04,S1,Changeover,3.0,Yes
DT-001153,2026-05-29,M-005,LINE-02,S2,Mechanical Failure,60.4,No
DT-001154,2026-06-25,M-003,LINE-01,S3,Changeover,62.1,Yes
DT-001155,2026-04-17,M-008,LINE-03,S2,Quality Hold,12.6,No
DT-001156,2026-06-24,M-010,LINE-04,S3,Material Shortage,14.1,No
DT-001157,2026-04-14,M-003,LINE-01,S1,Cleaning,13.2,No
DT-001158,2026-06-02,M-001,LINE-01,S3,Mechanical Failure,94.2,No
DT-001159,2026-01-30,M-002,LINE-01,S2,Electrical Failure,112.4,No
DT-001160,2026-01-19,M-012,LINE-04,S2,Changeover,3.0,Yes
DT-001161,2026-01-30,M-002,LINE-01,S2,Electrical Failure,28.2,No
DT-001162,2026-01-26,M-004,LINE-02,S1,Changeover,11.6,Yes
DT-001163,2026-04-25,M-010,LINE-04,S1,Mechanical Failure,4.8,No
DT-001164,2026-03-11,M-006,LINE-02,S1,Mechanical Failure,45.1,No
DT-001165,2026-02-22,M-006,LINE-02,S3,Changeover,13.4,Yes
DT-001166,2026-05-13,M-002,LINE-01,S1,Changeover,27.0,Yes
DT-001167,2026-03-22,M-010,LINE-04,S1,Electrical Failure,31.5,No
DT-001168,2026-03-30,M-003,LINE-01,S2,Changeover,53.6,Yes
DT-001169,2026-03-19,M-004,LINE-02,S1,Mechanical Failure,113.9,No
DT-001170,2026-05-17,M-005,LINE-02,S1,Material Shortage,8.7,No
DT-001171,2026-01-06,M-008,LINE-03,S1,Material Shortage,11.8,No
DT-001172,2026-06-04,M-007,LINE-03,S1,Electrical Failure,10.6,No
DT-001173,2026-06-12,M-003,LINE-01,S3,Changeover,37.4,Yes
DT-001174,2026-04-24,M-012,LINE-04,S2,Mechanical Failure,30.7,No
DT-001175,2026-02-21,M-010,LINE-04,S2,Material Shortage,5.3,No
DT-001176,2026-05-14,M-003,LINE-01,S2,Changeover,23.1,Yes
DT-001177,2026-06-21,M-004,LINE-02,S1,Electrical Failure,53.9,No
DT-001178,2026-03-27,M-010,LINE-04,S1,Mechanical Failure,84.6,No
DT-001179,2026-02-11,M-003,LINE-01,S3,Material Shortage,19.8,No
DT-001180,2026-06-29,M-004,LINE-02,S2,Material Shortage,23.7,No
DT-001181,2026-01-07,M-003,LINE-01,S3,Mechanical Failure,9.6,No
DT-001182,2026-02-04,M-012,LINE-04,S3,Mechanical Failure,118.8,No
DT-001183,2026-03-26,M-005,LINE-02,S1,Changeover,51.0,Yes
DT-001184,2026-01-22,M-010,LINE-04,S3,Electrical Failure,56.2,No
DT-001185,2026-05-16,M-003,LINE-01,S2,Preventive Maintenance,38.5,Yes
DT-001186,2026-06-13,M-003,LINE-01,S2,Electrical Failure,10.9,No
DT-001187,2026-03-17,M-007,LINE-03,S2,Material Shortage,30.0,No
DT-001188,2026-01-30,M-005,LINE-02,S1,Quality Hold,49.2,No
DT-001189,2026-05-08,M-010,LINE-04,S3,Material Shortage,36.2,No
DT-001190,2026-01-24,M-008,LINE-03,S1,Mechanical Failure,41.0,No
DT-001191,2026-06-10,M-011,LINE-04,S1,Cleaning,16.1,No
DT-001192,2026-02-26,M-009,LINE-03,S3,Mechanical Failure,69.4,No
DT-001193,2026-02-28,M-005,LINE-02,S3,Material Shortage,33.5,No
DT-001194,2026-01-08,M-009,LINE-03,S1,Cleaning,13.3,No
DT-001195,2026-03-23,M-012,LINE-04,S1,Preventive Maintenance,30.8,Yes
DT-001196,2026-04-29,M-001,LINE-01,S2,Changeover,7.2,Yes
DT-001197,2026-03-13,M-010,LINE-04,S2,Electrical Failure,44.0,No
DT-001198,2026-04-05,M-001,LINE-01,S3,Mechanical Failure,55.8,No
DT-001199,2026-02-24,M-005,LINE-02,S1,Changeover,36.9,Yes
DT-001200,2026-03-27,M-007,LINE-03,S2,Mechanical Failure,46.9,No
DT-001201,2026-03-17,M-011,LINE-04,S2,Electrical Failure,43.7,No
DT-001202,2026-04-22,M-009,LINE-03,S2,Preventive Maintenance,71.4,Yes
DT-001203,2026-06-11,M-002,LINE-01,S1,Electrical Failure,8.0,No
DT-001204,2026-06-15,M-010,LINE-04,S3,Changeover,48.4,Yes
DT-001205,2026-03-12,M-007,LINE-03,S2,Changeover,76.4,Yes
DT-001206,2026-06-10,M-007,LINE-03,S2,Electrical Failure,29.8,No
DT-001207,2026-03-09,M-006,LINE-02,S2,Changeover,28.2,Yes
DT-001208,2026-05-18,M-004,LINE-02,S3,Mechanical Failure,69.6,No
DT-001209,2026-03-22,M-010,LINE-04,S3,Material Shortage,33.4,No
DT-001210,2026-04-06,M-010,LINE-04,S2,Quality Hold,14.3,No
DT-001211,2026-06-18,M-001,LINE-01,S1,Electrical Failure,30.0,No
DT-001212,2026-02-06,M-002,LINE-01,S1,Mechanical Failure,40.8,No
DT-001213,2026-05-18,M-006,LINE-02,S3,Mechanical Failure,28.4,No
DT-001214,2026-05-09,M-011,LINE-04,S2,Mechanical Failure,27.1,No
DT-001215,2026-01-24,M-008,LINE-03,S1,Electrical Failure,35.1,No
DT-001216,2026-02-24,M-007,LINE-03,S2,Mechanical Failure,54.1,No
DT-001217,2026-04-12,M-005,LINE-02,S1,Electrical Failure,77.3,No
DT-001218,2026-01-26,M-011,LINE-04,S1,Electrical Failure,35.0,No
DT-001219,2026-01-27,M-012,LINE-04,S2,Material Shortage,7.6,No
DT-001220,2026-04-11,M-009,LINE-03,S3,Mechanical Failure,78.6,No
DT-001221,2026-03-30,M-011,LINE-04,S2,Cleaning,36.6,No
DT-001222,2026-04-06,M-001,LINE-01,S2,Cleaning,14.0,No
DT-001223,2026-03-04,M-010,LINE-04,S2,Changeover,7.0,Yes
DT-001224,2026-03-12,M-010,LINE-04,S2,Electrical Failure,33.2,No
DT-001225,2026-03-14,M-005,LINE-02,S2,Quality Hold,22.7,No
DT-001226,2026-01-22,M-007,LINE-03,S3,Preventive Maintenance,19.1,Yes
DT-001227,2026-03-14,M-005,LINE-02,S3,Changeover,15.1,Yes
DT-001228,2026-05-09,M-001,LINE-01,S2,Quality Hold,28.0,No
DT-001229,2026-01-14,M-010,LINE-04,S2,Material Shortage,75.0,No
DT-001230,2026-03-08,M-001,LINE-01,S3,Mechanical Failure,87.1,No
DT-001231,2026-04-17,M-009,LINE-03,S2,Cleaning,9.4,No
DT-001232,2026-06-16,M-002,LINE-01,S3,Mechanical Failure,13.7,No
DT-001233,2026-06-19,M-007,LINE-03,S1,Cleaning,35.1,No
DT-001234,2026-04-30,M-004,LINE-02,S1,Mechanical Failure,15.0,No
DT-001235,2026-02-06,M-012,LINE-04,S2,Electrical Failure,21.7,No
DT-001236,2026-04-12,M-002,LINE-01,S2,Cleaning,3.0,No
DT-001237,2026-02-09,M-011,LINE-04,S1,Electrical Failure,47.0,No
DT-001238,2026-02-05,M-011,LINE-04,S3,Material Shortage,8.5,No
DT-001239,2026-02-14,M-008,LINE-03,S1,Mechanical Failure,13.4,No
DT-001240,2026-03-30,M-003,LINE-01,S2,Material Shortage,29.3,No
DT-001241,2026-03-05,M-010,LINE-04,S2,Changeover,29.4,Yes
DT-001242,2026-03-08,M-008,LINE-03,S1,Material Shortage,154.1,No
DT-001243,2026-06-19,M-006,LINE-02,S3,Material Shortage,45.4,No
DT-001244,2026-03-21,M-001,LINE-01,S1,Material Shortage,38.1,No
DT-001245,2026-05-23,M-008,LINE-03,S2,Electrical Failure,37.1,No
DT-001246,2026-04-09,M-008,LINE-03,S2,Preventive Maintenance,3.0,Yes
DT-001247,2026-06-18,M-003,LINE-01,S3,Electrical Failure,28.9,No
DT-001248,2026-04-28,M-001,LINE-01,S1,Changeover,15.1,Yes
DT-001249,2026-04-30,M-007,LINE-03,S2,Quality Hold,3.0,No
DT-001250,2026-05-22,M-003,LINE-01,S3,Mechanical Failure,44.5,No
DT-001251,2026-01-29,M-005,LINE-02,S1,Changeover,17.7,Yes
DT-001252,2026-05-14,M-002,LINE-01,S1,Cleaning,3.0,No
DT-001253,2026-02-17,M-007,LINE-03,S2,Electrical Failure,41.3,No
DT-001254,2026-04-11,M-010,LINE-04,S2,Changeover,13.6,Yes
DT-001255,2026-01-15,M-001,LINE-01,S3,Quality Hold,31.9,No
DT-001256,2026-03-26,M-005,LINE-02,S1,Material Shortage,6.1,No
DT-001257,2026-01-06,M-009,LINE-03,S3,Changeover,17.0,Yes
DT-001258,2026-05-30,M-006,LINE-02,S3,Material Shortage,98.9,No
DT-001259,2026-05-20,M-010,LINE-04,S1,Mechanical Failure,64.3,No
DT-001260,2026-06-03,M-010,LINE-04,S1,Mechanical Failure,5.6,No
DT-001261,2026-01-22,M-007,LINE-03,S2,Mechanical Failure,48.9,No
DT-001262,2026-04-17,M-002,LINE-01,S2,Mechanical Failure,32.2,No
DT-001263,2026-01-20,M-008,LINE-03,S1,Material Shortage,3.0,No
DT-001264,2026-04-07,M-006,LINE-02,S2,Mechanical Failure,32.6,No
DT-001265,2026-06-02,M-010,LINE-04,S2,Mechanical Failure,19.8,No
DT-001266,2026-01-08,M-001,LINE-01,S2,Preventive Maintenance,20.3,Yes
DT-001267,2026-05-17,M-009,LINE-03,S3,Preventive Maintenance,87.2,Yes
DT-001268,2026-01-28,M-011,LINE-04,S2,Mechanical Failure,86.6,No
DT-001269,2026-04-17,M-011,LINE-04,S3,Material Shortage,20.6,No
DT-001270,2026-02-28,M-006,LINE-02,S2,Quality Hold,34.7,No
DT-001271,2026-06-18,M-012,LINE-04,S2,Cleaning,6.5,No
DT-001272,2026-04-29,M-012,LINE-04,S2,Mechanical Failure,10.6,No
DT-001273,2026-06-20,M-002,LINE-01,S3,Mechanical Failure,34.7,No
DT-001274,2026-06-03,M-009,LINE-03,S2,Material Shortage,76.5,No
DT-001275,2026-04-09,M-002,LINE-01,S1,Mechanical Failure,33.1,No
DT-001276,2026-06-04,M-005,LINE-02,S1,Mechanical Failure,4.6,No
DT-001277,2026-04-14,M-006,LINE-02,S2,Mechanical Failure,98.7,No
DT-001278,2026-04-26,M-009,LINE-03,S1,Electrical Failure,16.4,No
DT-001279,2026-05-21,M-002,LINE-01,S3,Mechanical Failure,44.5,No
DT-001280,2026-05-09,M-001,LINE-01,S2,Changeover,33.1,Yes
DT-001281,2026-01-13,M-011,LINE-04,S1,Quality Hold,20.3,No
DT-001282,2026-04-12,M-006,LINE-02,S2,Operator Delay,22.8,No
DT-001283,2026-06-28,M-007,LINE-03,S2,Changeover,21.5,Yes
DT-001284,2026-01-20,M-005,LINE-02,S1,Quality Hold,34.2,No
DT-001285,2026-01-03,M-008,LINE-03,S1,Mechanical Failure,12.4,No
DT-001286,2026-02-05,M-003,LINE-01,S1,Operator Delay,23.9,No
DT-001287,2026-05-22,M-006,LINE-02,S2,Mechanical Failure,51.6,No
DT-001288,2026-04-14,M-009,LINE-03,S1,Electrical Failure,40.6,No
DT-001289,2026-06-03,M-008,LINE-03,S1,Electrical Failure,115.3,No
DT-001290,2026-03-23,M-003,LINE-01,S1,Mechanical Failure,55.5,No
DT-001291,2026-03-04,M-012,LINE-04,S1,Mechanical Failure,14.8,No
DT-001292,2026-01-25,M-003,LINE-01,S2,Mechanical Failure,12.0,No
DT-001293,2026-03-12,M-006,LINE-02,S3,Mechanical Failure,45.9,No
DT-001294,2026-01-12,M-009,LINE-03,S3,Operator Delay,6.9,No
DT-001295,2026-04-04,M-002,LINE-01,S3,Mechanical Failure,26.8,No
DT-001296,2026-01-06,M-012,LINE-04,S1,Changeover,18.1,Yes
DT-001297,2026-03-01,M-005,LINE-02,S3,Cleaning,26.3,No
DT-001298,2026-06-06,M-001,LINE-01,S1,Electrical Failure,6.0,No
DT-001299,2026-04-13,M-002,LINE-01,S1,Cleaning,4.1,No
DT-001300,2026-05-22,M-007,LINE-03,S1,Mechanical Failure,52.4,No
DT-001301,2026-02-13,M-003,LINE-01,S2,Operator Delay,15.4,No
DT-001302,2026-01-27,M-002,LINE-01,S2,Cleaning,3.6,No
DT-001303,2026-02-11,M-002,LINE-01,S2,Cleaning,22.9,No
DT-001304,2026-01-09,M-009,LINE-03,S2,Mechanical Failure,65.0,No
DT-001305,2026-02-04,M-003,LINE-01,S1,Quality Hold,30.2,No
DT-001306,2026-04-17,M-010,LINE-04,S3,Changeover,21.2,Yes
DT-001307,2026-05-17,M-003,LINE-01,S2,Quality Hold,25.1,No
DT-001308,2026-04-19,M-006,LINE-02,S1,Changeover,22.6,Yes
DT-001309,2026-05-07,M-008,LINE-03,S1,Operator Delay,5.9,No
DT-001310,2026-05-28,M-009,LINE-03,S3,Mechanical Failure,24.9,No
DT-001311,2026-02-17,M-002,LINE-01,S2,Mechanical Failure,30.6,No
DT-001312,2026-04-11,M-009,LINE-03,S2,Mechanical Failure,64.4,No
DT-001313,2026-05-23,M-009,LINE-03,S1,Material Shortage,11.0,No
DT-001314,2026-04-06,M-009,LINE-03,S1,Quality Hold,68.2,No
DT-001315,2026-05-12,M-009,LINE-03,S2,Changeover,27.0,Yes
DT-001316,2026-04-15,M-006,LINE-02,S1,Operator Delay,17.3,No
DT-001317,2026-01-25,M-004,LINE-02,S1,Mechanical Failure,31.3,No
DT-001318,2026-03-23,M-004,LINE-02,S2,Electrical Failure,55.5,No
DT-001319,2026-03-31,M-004,LINE-02,S3,Quality Hold,17.4,No
DT-001320,2026-03-26,M-012,LINE-04,S1,Operator Delay,50.2,No
DT-001321,2026-03-14,M-011,LINE-04,S2,Mechanical Failure,21.7,No
DT-001322,2026-03-06,M-010,LINE-04,S1,Mechanical Failure,22.8,No
DT-001323,2026-06-11,M-003,LINE-01,S2,Electrical Failure,29.3,No
DT-001324,2026-06-02,M-009,LINE-03,S3,Electrical Failure,53.2,No
DT-001325,2026-05-04,M-001,LINE-01,S2,Electrical Failure,51.6,No
DT-001326,2026-02-15,M-009,LINE-03,S1,Mechanical Failure,45.8,No
DT-001327,2026-06-16,M-005,LINE-02,S3,Quality Hold,47.1,No
DT-001328,2026-01-29,M-012,LINE-04,S1,Material Shortage,34.5,No
DT-001329,2026-05-21,M-009,LINE-03,S3,Material Shortage,16.2,No
DT-001330,2026-04-26,M-007,LINE-03,S2,Changeover,3.6,Yes
DT-001331,2026-03-11,M-009,LINE-03,S3,Mechanical Failure,73.8,No
DT-001332,2026-02-07,M-012,LINE-04,S2,Electrical Failure,26.4,No
DT-001333,2026-03-02,M-001,LINE-01,S3,Mechanical Failure,67.7,No
DT-001334,2026-02-08,M-011,LINE-04,S3,Cleaning,6.2,No
DT-001335,2026-03-10,M-004,LINE-02,S1,Mechanical Failure,25.3,No
DT-001336,2026-05-15,M-003,LINE-01,S2,Changeover,5.6,Yes
DT-001337,2026-03-09,M-005,LINE-02,S3,Mechanical Failure,7.4,No
DT-001338,2026-04-23,M-004,LINE-02,S1,Electrical Failure,10.3,No
DT-001339,2026-05-04,M-007,LINE-03,S3,Material Shortage,23.6,No
DT-001340,2026-05-31,M-005,LINE-02,S3,Material Shortage,8.1,No
DT-001341,2026-03-27,M-007,LINE-03,S2,Mechanical Failure,22.1,No
DT-001342,2026-04-25,M-003,LINE-01,S1,Material Shortage,20.9,No
DT-001343,2026-05-17,M-005,LINE-02,S3,Electrical Failure,27.9,No
DT-001344,2026-05-14,M-007,LINE-03,S1,Mechanical Failure,75.7,No
DT-001345,2026-03-20,M-004,LINE-02,S1,Operator Delay,25.1,No
DT-001346,2026-03-31,M-005,LINE-02,S3,Quality Hold,20.9,No
DT-001347,2026-02-23,M-011,LINE-04,S1,Operator Delay,9.0,No
DT-001348,2026-02-06,M-004,LINE-02,S1,Electrical Failure,47.1,No
DT-001349,2026-01-02,M-004,LINE-02,S2,Cleaning,10.6,No
DT-001350,2026-01-01,M-007,LINE-03,S1,Material Shortage,18.1,No
DT-001351,2026-01-24,M-010,LINE-04,S1,Material Shortage,3.3,No
DT-001352,2026-04-20,M-002,LINE-01,S2,Operator Delay,6.1,No
DT-001353,2026-04-22,M-004,LINE-02,S1,Changeover,11.2,Yes
DT-001354,2026-05-16,M-006,LINE-02,S1,Quality Hold,42.6,No
DT-001355,2026-06-27,M-008,LINE-03,S2,Changeover,9.9,Yes
DT-001356,2026-04-05,M-005,LINE-02,S2,Material Shortage,32.8,No
DT-001357,2026-06-27,M-011,LINE-04,S1,Preventive Maintenance,61.3,Yes
DT-001358,2026-04-07,M-008,LINE-03,S1,Changeover,18.6,Yes
DT-001359,2026-04-20,M-002,LINE-01,S1,Preventive Maintenance,10.8,Yes
DT-001360,2026-03-26,M-001,LINE-01,S2,Mechanical Failure,44.8,No
DT-001361,2026-04-11,M-006,LINE-02,S1,Mechanical Failure,74.6,No
DT-001362,2026-04-26,M-004,LINE-02,S2,Mechanical Failure,20.6,No
DT-001363,2026-06-29,M-008,LINE-03,S1,Electrical Failure,29.5,No
DT-001364,2026-02-18,M-007,LINE-03,S1,Material Shortage,13.6,No
DT-001365,2026-04-20,M-005,LINE-02,S1,Preventive Maintenance,41.9,Yes
DT-001366,2026-01-30,M-003,LINE-01,S1,Changeover,69.0,Yes
DT-001367,2026-01-07,M-005,LINE-02,S2,Quality Hold,38.3,No
DT-001368,2026-04-26,M-002,LINE-01,S3,Mechanical Failure,59.5,No
DT-001369,2026-01-20,M-002,LINE-01,S1,Electrical Failure,22.4,No
DT-001370,2026-05-18,M-006,LINE-02,S3,Mechanical Failure,9.6,No
DT-001371,2026-01-07,M-011,LINE-04,S3,Changeover,25.0,Yes
DT-001372,2026-02-12,M-007,LINE-03,S3,Operator Delay,34.1,No
DT-001373,2026-04-16,M-003,LINE-01,S1,Changeover,4.4,Yes
DT-001374,2026-06-18,M-006,LINE-02,S3,Preventive Maintenance,46.0,Yes
DT-001375,2026-05-22,M-003,LINE-01,S1,Cleaning,3.0,No
DT-001376,2026-01-31,M-010,LINE-04,S2,Mechanical Failure,9.3,No
DT-001377,2026-05-21,M-011,LINE-04,S2,Material Shortage,130.1,No
DT-001378,2026-03-31,M-006,LINE-02,S2,Mechanical Failure,28.1,No
DT-001379,2026-05-31,M-006,LINE-02,S3,Cleaning,11.7,No
DT-001380,2026-06-09,M-010,LINE-04,S1,Cleaning,57.0,No
DT-001381,2026-04-02,M-002,LINE-01,S1,Mechanical Failure,61.2,No
DT-001382,2026-01-10,M-007,LINE-03,S2,Mechanical Failure,34.3,No
DT-001383,2026-06-20,M-009,LINE-03,S1,Electrical Failure,98.3,No
DT-001384,2026-01-24,M-010,LINE-04,S2,Electrical Failure,13.5,No
DT-001385,2026-05-07,M-002,LINE-01,S3,Quality Hold,45.2,No
DT-001386,2026-03-26,M-010,LINE-04,S2,Electrical Failure,9.8,No
DT-001387,2026-03-12,M-008,LINE-03,S1,Mechanical Failure,53.9,No
DT-001388,2026-05-24,M-004,LINE-02,S3,Mechanical Failure,10.2,No
DT-001389,2026-03-12,M-009,LINE-03,S3,Mechanical Failure,58.0,No
DT-001390,2026-02-19,M-004,LINE-02,S2,Mechanical Failure,127.6,No
DT-001391,2026-05-29,M-002,LINE-01,S2,Cleaning,35.7,No
DT-001392,2026-04-29,M-003,LINE-01,S3,Changeover,12.5,Yes
DT-001393,2026-01-14,M-006,LINE-02,S1,Mechanical Failure,27.3,No
DT-001394,2026-01-01,M-005,LINE-02,S1,Preventive Maintenance,6.8,Yes
DT-001395,2026-01-25,M-012,LINE-04,S1,Operator Delay,6.6,No
DT-001396,2026-04-03,M-006,LINE-02,S2,Mechanical Failure,71.4,No
DT-001397,2026-02-16,M-008,LINE-03,S3,Mechanical Failure,73.7,No
DT-001398,2026-03-15,M-010,LINE-04,S2,Mechanical Failure,19.0,No
DT-001399,2026-05-16,M-004,LINE-02,S1,Electrical Failure,19.1,No
DT-001400,2026-03-28,M-002,LINE-01,S3,Electrical Failure,16.3,No
DT-001401,2026-06-04,M-004,LINE-02,S1,Mechanical Failure,53.6,No
DT-001402,2026-01-15,M-003,LINE-01,S3,Material Shortage,38.7,No
DT-001403,2026-05-20,M-012,LINE-04,S3,Mechanical Failure,7.5,No
DT-001404,2026-02-26,M-001,LINE-01,S3,Electrical Failure,10.4,No
DT-001405,2026-03-05,M-008,LINE-03,S1,Quality Hold,19.3,No
DT-001406,2026-01-26,M-009,LINE-03,S1,Cleaning,6.5,No
DT-001407,2026-06-03,M-012,LINE-04,S1,Electrical Failure,64.1,No
DT-001408,2026-01-26,M-012,LINE-04,S2,Operator Delay,15.2,No
DT-001409,2026-03-14,M-009,LINE-03,S1,Electrical Failure,33.9,No
DT-001410,2026-06-25,M-005,LINE-02,S3,Operator Delay,7.1,No
DT-001411,2026-02-22,M-009,LINE-03,S3,Preventive Maintenance,17.5,Yes
DT-001412,2026-06-17,M-006,LINE-02,S2,Preventive Maintenance,29.5,Yes
DT-001413,2026-02-03,M-003,LINE-01,S2,Mechanical Failure,37.6,No
DT-001414,2026-04-21,M-003,LINE-01,S3,Mechanical Failure,44.2,No
DT-001415,2026-01-26,M-003,LINE-01,S2,Electrical Failure,42.9,No
DT-001416,2026-05-15,M-001,LINE-01,S2,Electrical Failure,21.5,No
DT-001417,2026-03-23,M-008,LINE-03,S1,Operator Delay,28.1,No
DT-001418,2026-05-13,M-008,LINE-03,S1,Material Shortage,19.2,No
DT-001419,2026-06-08,M-003,LINE-01,S1,Changeover,10.9,Yes
DT-001420,2026-01-12,M-005,LINE-02,S2,Mechanical Failure,20.3,No
DT-001421,2026-03-24,M-003,LINE-01,S1,Mechanical Failure,102.4,No
DT-001422,2026-04-22,M-009,LINE-03,S3,Operator Delay,31.9,No
DT-001423,2026-06-21,M-007,LINE-03,S3,Changeover,9.2,Yes
DT-001424,2026-01-23,M-005,LINE-02,S1,Changeover,17.1,Yes
DT-001425,2026-06-17,M-008,LINE-03,S1,Mechanical Failure,44.3,No
DT-001426,2026-04-20,M-009,LINE-03,S2,Mechanical Failure,54.4,No
DT-001427,2026-03-02,M-011,LINE-04,S1,Changeover,16.5,Yes
DT-001428,2026-01-15,M-011,LINE-04,S1,Mechanical Failure,80.9,No
DT-001429,2026-02-06,M-007,LINE-03,S1,Preventive Maintenance,79.1,Yes
DT-001430,2026-03-10,M-003,LINE-01,S2,Mechanical Failure,39.4,No
DT-001431,2026-02-11,M-012,LINE-04,S2,Quality Hold,14.1,No
DT-001432,2026-05-02,M-004,LINE-02,S1,Mechanical Failure,77.5,No
DT-001433,2026-05-30,M-002,LINE-01,S3,Material Shortage,33.9,No
DT-001434,2026-02-08,M-007,LINE-03,S1,Changeover,34.4,Yes
DT-001435,2026-04-01,M-002,LINE-01,S2,Electrical Failure,73.0,No
DT-001436,2026-04-20,M-006,LINE-02,S1,Changeover,12.4,Yes
DT-001437,2026-03-17,M-006,LINE-02,S3,Cleaning,17.8,No
DT-001438,2026-01-18,M-011,LINE-04,S1,Changeover,16.2,Yes
DT-001439,2026-04-17,M-012,LINE-04,S3,Cleaning,21.4,No
DT-001440,2026-02-20,M-001,LINE-01,S2,Mechanical Failure,130.1,No
DT-001441,2026-06-28,M-008,LINE-03,S3,Changeover,6.0,Yes
DT-001442,2026-05-08,M-009,LINE-03,S1,Mechanical Failure,63.6,No
DT-001443,2026-04-12,M-003,LINE-01,S2,Mechanical Failure,30.6,No
DT-001444,2026-01-23,M-001,LINE-01,S2,Preventive Maintenance,9.6,Yes
DT-001445,2026-06-26,M-006,LINE-02,S3,Electrical Failure,118.6,No
DT-001446,2026-06-19,M-001,LINE-01,S1,Mechanical Failure,3.0,No
DT-001447,2026-06-12,M-011,LINE-04,S2,Material Shortage,61.6,No
DT-001448,2026-05-05,M-012,LINE-04,S3,Material Shortage,3.0,No
DT-001449,2026-04-12,M-008,LINE-03,S3,Changeover,4.2,Yes
DT-001450,2026-06-29,M-005,LINE-02,S1,Electrical Failure,51.6,No
DT-001451,2026-01-14,M-010,LINE-04,S1,Material Shortage,19.1,No
DT-001452,2026-01-02,M-005,LINE-02,S3,Cleaning,11.2,No
DT-001453,2026-05-27,M-011,LINE-04,S1,Mechanical Failure,13.4,No
DT-001454,2026-02-07,M-011,LINE-04,S2,Material Shortage,13.3,No
DT-001455,2026-04-08,M-006,LINE-02,S1,Changeover,17.0,Yes
DT-001456,2026-05-28,M-002,LINE-01,S3,Electrical Failure,51.3,No
DT-001457,2026-02-02,M-012,LINE-04,S2,Quality Hold,37.0,No
DT-001458,2026-02-27,M-002,LINE-01,S2,Changeover,26.8,Yes
DT-001459,2026-01-04,M-004,LINE-02,S1,Mechanical Failure,37.9,No
DT-001460,2026-02-05,M-011,LINE-04,S3,Mechanical Failure,161.7,No
DT-001461,2026-01-14,M-002,LINE-01,S1,Material Shortage,20.5,No
DT-001462,2026-02-14,M-004,LINE-02,S3,Mechanical Failure,27.2,No
DT-001463,2026-05-05,M-009,LINE-03,S3,Electrical Failure,51.0,No
DT-001464,2026-01-24,M-009,LINE-03,S1,Electrical Failure,38.3,No
DT-001465,2026-03-01,M-006,LINE-02,S2,Material Shortage,47.2,No
DT-001466,2026-06-12,M-010,LINE-04,S1,Mechanical Failure,57.9,No
DT-001467,2026-06-01,M-004,LINE-02,S2,Mechanical Failure,21.8,No
DT-001468,2026-03-01,M-012,LINE-04,S2,Material Shortage,17.6,No
DT-001469,2026-01-14,M-003,LINE-01,S1,Electrical Failure,41.0,No
DT-001470,2026-06-15,M-005,LINE-02,S3,Material Shortage,47.4,No
DT-001471,2026-06-17,M-012,LINE-04,S1,Electrical Failure,4.2,No
DT-001472,2026-06-17,M-005,LINE-02,S3,Changeover,37.4,Yes
DT-001473,2026-03-26,M-012,LINE-04,S1,Cleaning,18.8,No
DT-001474,2026-03-06,M-011,LINE-04,S1,Mechanical Failure,6.9,No
DT-001475,2026-02-28,M-010,LINE-04,S2,Quality Hold,21.4,No
DT-001476,2026-04-25,M-009,LINE-03,S2,Changeover,7.4,Yes
DT-001477,2026-04-27,M-002,LINE-01,S1,Mechanical Failure,12.8,No
DT-001478,2026-05-01,M-005,LINE-02,S1,Changeover,49.2,Yes
DT-001479,2026-01-15,M-006,LINE-02,S1,Mechanical Failure,65.2,No
DT-001480,2026-04-18,M-009,LINE-03,S3,Electrical Failure,20.4,No
DT-001481,2026-03-09,M-008,LINE-03,S1,Material Shortage,20.7,No
DT-001482,2026-04-23,M-009,LINE-03,S1,Operator Delay,52.3,No
DT-001483,2026-06-26,M-008,LINE-03,S1,Mechanical Failure,19.5,No
DT-001484,2026-03-14,M-007,LINE-03,S1,Mechanical Failure,91.1,No
DT-001485,2026-06-14,M-001,LINE-01,S1,Changeover,26.1,Yes
DT-001486,2026-06-30,M-007,LINE-03,S1,Changeover,13.4,Yes
DT-001487,2026-03-02,M-010,LINE-04,S2,Mechanical Failure,45.4,No
DT-001488,2026-01-04,M-011,LINE-04,S3,Preventive Maintenance,31.2,Yes
DT-001489,2026-01-01,M-005,LINE-02,S1,Electrical Failure,46.9,No
DT-001490,2026-02-25,M-012,LINE-04,S1,Operator Delay,41.1,No
DT-001491,2026-03-31,M-002,LINE-01,S2,Changeover,25.3,Yes
DT-001492,2026-02-22,M-008,LINE-03,S2,Mechanical Failure,20.2,No
DT-001493,2026-06-13,M-004,LINE-02,S1,Quality Hold,26.7,No
DT-001494,2026-04-20,M-001,LINE-01,S3,Material Shortage,32.3,No
DT-001495,2026-05-21,M-010,LINE-04,S3,Material Shortage,30.6,No
DT-001496,2026-05-28,M-009,LINE-03,S1,Changeover,12.8,Yes
DT-001497,2026-06-05,M-007,LINE-03,S2,Mechanical Failure,17.7,No
DT-001498,2026-04-16,M-004,LINE-02,S1,Changeover,14.1,Yes
DT-001499,2026-06-10,M-007,LINE-03,S2,Changeover,16.8,Yes
DT-001500,2026-01-07,M-004,LINE-02,S1,Changeover,7.4,Yes
DT-001501,2026-05-17,M-011,LINE-04,S1,Mechanical Failure,25.6,No
DT-001502,2026-01-18,M-011,LINE-04,S1,Cleaning,44.9,No
DT-001503,2026-06-10,M-010,LINE-04,S2,Preventive Maintenance,85.2,Yes
DT-001504,2026-06-06,M-005,LINE-02,S3,Preventive Maintenance,49.2,Yes
DT-001505,2026-06-13,M-004,LINE-02,S2,Mechanical Failure,46.2,No
DT-001506,2026-01-27,M-007,LINE-03,S1,Quality Hold,7.0,No
DT-001507,2026-03-02,M-009,LINE-03,S1,Material Shortage,48.4,No
DT-001508,2026-05-22,M-003,LINE-01,S2,Quality Hold,4.3,No
DT-001509,2026-05-16,M-002,LINE-01,S1,Material Shortage,23.4,No
DT-001510,2026-02-15,M-012,LINE-04,S3,Electrical Failure,52.1,No
DT-001511,2026-05-15,M-009,LINE-03,S1,Material Shortage,44.8,No
DT-001512,2026-05-26,M-008,LINE-03,S1,Changeover,11.7,Yes
DT-001513,2026-01-28,M-010,LINE-04,S1,Changeover,4.5,Yes
DT-001514,2026-05-26,M-011,LINE-04,S2,Material Shortage,18.8,No
DT-001515,2026-03-11,M-006,LINE-02,S3,Mechanical Failure,15.8,No
DT-001516,2026-03-15,M-004,LINE-02,S1,Electrical Failure,38.0,No
DT-001517,2026-01-05,M-003,LINE-01,S2,Cleaning,22.3,No
DT-001518,2026-06-14,M-009,LINE-03,S1,Quality Hold,12.1,No
DT-001519,2026-02-21,M-008,LINE-03,S3,Mechanical Failure,46.2,No
DT-001520,2026-02-16,M-008,LINE-03,S3,Cleaning,7.0,No
DT-001521,2026-03-10,M-001,LINE-01,S1,Electrical Failure,26.3,No
DT-001522,2026-02-16,M-009,LINE-03,S1,Changeover,6.3,Yes
DT-001523,2026-05-14,M-012,LINE-04,S1,Mechanical Failure,10.1,No
DT-001524,2026-05-05,M-006,LINE-02,S2,Changeover,21.8,Yes
DT-001525,2026-01-27,M-008,LINE-03,S1,Operator Delay,15.6,No
DT-001526,2026-05-16,M-005,LINE-02,S1,Mechanical Failure,43.0,No
DT-001527,2026-02-26,M-006,LINE-02,S3,Quality Hold,17.6,No
DT-001528,2026-02-12,M-010,LINE-04,S1,Electrical Failure,23.9,No
DT-001529,2026-04-11,M-001,LINE-01,S3,Electrical Failure,42.3,No
DT-001530,2026-01-23,M-001,LINE-01,S3,Electrical Failure,16.4,No
DT-001531,2026-06-13,M-001,LINE-01,S3,Electrical Failure,36.3,No
DT-001532,2026-02-18,M-007,LINE-03,S2,Mechanical Failure,6.5,No
DT-001533,2026-03-27,M-004,LINE-02,S3,Cleaning,14.2,No
DT-001534,2026-04-11,M-005,LINE-02,S3,Cleaning,62.0,No
DT-001535,2026-03-20,M-001,LINE-01,S1,Preventive Maintenance,28.9,Yes
DT-001536,2026-01-09,M-005,LINE-02,S2,Mechanical Failure,118.3,No
DT-001537,2026-03-07,M-008,LINE-03,S2,Operator Delay,3.7,No
DT-001538,2026-05-01,M-003,LINE-01,S1,Mechanical Failure,56.7,No
DT-001539,2026-06-23,M-002,LINE-01,S2,Preventive Maintenance,12.5,Yes
DT-001540,2026-04-07,M-007,LINE-03,S1,Preventive Maintenance,21.1,Yes
DT-001541,2026-05-14,M-003,LINE-01,S2,Preventive Maintenance,12.5,Yes
DT-001542,2026-02-14,M-002,LINE-01,S2,Electrical Failure,30.6,No
DT-001543,2026-05-24,M-004,LINE-02,S3,Changeover,27.0,Yes
DT-001544,2026-01-25,M-005,LINE-02,S1,Electrical Failure,6.6,No
DT-001545,2026-01-23,M-010,LINE-04,S3,Electrical Failure,4.9,No
DT-001546,2026-01-29,M-006,LINE-02,S1,Electrical Failure,33.3,No
DT-001547,2026-05-29,M-009,LINE-03,S2,Mechanical Failure,10.4,No
DT-001548,2026-02-09,M-007,LINE-03,S2,Electrical Failure,44.9,No
DT-001549,2026-05-26,M-004,LINE-02,S1,Material Shortage,42.5,No
DT-001550,2026-03-02,M-008,LINE-03,S1,Preventive Maintenance,16.0,Yes
DT-001551,2026-03-19,M-008,LINE-03,S1,Material Shortage,30.1,No
DT-001552,2026-03-19,M-007,LINE-03,S2,Mechanical Failure,3.0,No
DT-001553,2026-01-29,M-005,LINE-02,S3,Mechanical Failure,34.3,No
DT-001554,2026-01-22,M-005,LINE-02,S1,Material Shortage,30.5,No
DT-001555,2026-04-03,M-006,LINE-02,S3,Mechanical Failure,94.1,No
DT-001556,2026-01-19,M-007,LINE-03,S1,Changeover,14.3,Yes
DT-001557,2026-03-08,M-011,LINE-04,S2,Mechanical Failure,67.8,No
DT-001558,2026-01-14,M-003,LINE-01,S3,Operator Delay,17.4,No
DT-001559,2026-02-10,M-009,LINE-03,S3,Changeover,4.9,Yes
DT-001560,2026-02-24,M-008,LINE-03,S2,Material Shortage,6.7,No
DT-001561,2026-01-14,M-002,LINE-01,S3,Operator Delay,3.0,No
DT-001562,2026-01-18,M-001,LINE-01,S1,Mechanical Failure,26.4,No
DT-001563,2026-04-21,M-012,LINE-04,S1,Operator Delay,41.8,No
DT-001564,2026-05-15,M-012,LINE-04,S2,Mechanical Failure,21.7,No
DT-001565,2026-06-16,M-009,LINE-03,S2,Mechanical Failure,67.0,No
DT-001566,2026-05-31,M-006,LINE-02,S2,Mechanical Failure,6.6,No
DT-001567,2026-06-02,M-012,LINE-04,S1,Quality Hold,30.6,No
DT-001568,2026-01-27,M-008,LINE-03,S1,Mechanical Failure,19.6,No
DT-001569,2026-02-20,M-004,LINE-02,S2,Material Shortage,26.5,No
DT-001570,2026-01-25,M-011,LINE-04,S1,Cleaning,5.1,No
DT-001571,2026-05-20,M-001,LINE-01,S1,Material Shortage,73.9,No
DT-001572,2026-02-03,M-011,LINE-04,S1,Changeover,34.7,Yes
DT-001573,2026-01-06,M-007,LINE-03,S2,Electrical Failure,22.3,No
DT-001574,2026-02-04,M-012,LINE-04,S3,Changeover,12.7,Yes
DT-001575,2026-05-14,M-001,LINE-01,S1,Operator Delay,12.4,No
DT-001576,2026-04-09,M-012,LINE-04,S1,Electrical Failure,37.7,No
DT-001577,2026-04-01,M-009,LINE-03,S3,Electrical Failure,22.0,No
DT-001578,2026-05-07,M-012,LINE-04,S2,Material Shortage,86.1,No
DT-001579,2026-02-08,M-012,LINE-04,S1,Mechanical Failure,81.9,No
DT-001580,2026-05-16,M-006,LINE-02,S2,Electrical Failure,79.6,No
DT-001581,2026-03-11,M-005,LINE-02,S2,Material Shortage,34.7,No
DT-001582,2026-05-19,M-012,LINE-04,S3,Quality Hold,42.4,No
DT-001583,2026-04-18,M-001,LINE-01,S2,Material Shortage,49.4,No
DT-001584,2026-02-28,M-005,LINE-02,S2,Electrical Failure,31.8,No
DT-001585,2026-05-01,M-001,LINE-01,S2,Mechanical Failure,13.9,No
DT-001586,2026-04-17,M-003,LINE-01,S2,Mechanical Failure,12.5,No
DT-001587,2026-03-17,M-009,LINE-03,S1,Changeover,7.0,Yes
DT-001588,2026-06-17,M-010,LINE-04,S1,Mechanical Failure,12.0,No
DT-001589,2026-02-12,M-006,LINE-02,S2,Changeover,9.4,Yes
DT-001590,2026-02-15,M-003,LINE-01,S2,Changeover,31.6,Yes
DT-001591,2026-04-20,M-008,LINE-03,S2,Mechanical Failure,45.1,No
DT-001592,2026-02-09,M-008,LINE-03,S1,Material Shortage,13.8,No
DT-001593,2026-04-25,M-003,LINE-01,S1,Operator Delay,12.0,No
DT-001594,2026-04-24,M-006,LINE-02,S2,Electrical Failure,9.4,No
DT-001595,2026-06-24,M-007,LINE-03,S1,Quality Hold,34.6,No
DT-001596,2026-01-20,M-005,LINE-02,S1,Mechanical Failure,13.6,No
DT-001597,2026-03-20,M-011,LINE-04,S2,Quality Hold,9.4,No
DT-001598,2026-06-08,M-010,LINE-04,S3,Preventive Maintenance,45.2,Yes
DT-001599,2026-02-24,M-011,LINE-04,S3,Electrical Failure,53.3,No
DT-001600,2026-02-09,M-003,LINE-01,S3,Mechanical Failure,52.0,No
DT-001601,2026-02-15,M-008,LINE-03,S2,Operator Delay,60.4,No
DT-001602,2026-06-08,M-009,LINE-03,S2,Operator Delay,33.7,No
DT-001603,2026-02-23,M-006,LINE-02,S1,Cleaning,35.5,No
DT-001604,2026-04-19,M-009,LINE-03,S2,Mechanical Failure,96.3,No
DT-001605,2026-04-14,M-006,LINE-02,S2,Preventive Maintenance,3.1,Yes
DT-001606,2026-01-11,M-001,LINE-01,S2,Operator Delay,30.5,No
DT-001607,2026-06-14,M-002,LINE-01,S2,Preventive Maintenance,63.4,Yes
DT-001608,2026-04-28,M-001,LINE-01,S2,Mechanical Failure,23.9,No
DT-001609,2026-01-09,M-005,LINE-02,S1,Electrical Failure,35.6,No
DT-001610,2026-04-09,M-008,LINE-03,S2,Changeover,45.4,Yes
DT-001611,2026-03-24,M-001,LINE-01,S2,Electrical Failure,9.2,No
DT-001612,2026-02-08,M-005,LINE-02,S3,Material Shortage,29.5,No
DT-001613,2026-06-18,M-009,LINE-03,S1,Mechanical Failure,3.0,No
DT-001614,2026-03-12,M-005,LINE-02,S3,Mechanical Failure,117.0,No
DT-001615,2026-04-28,M-005,LINE-02,S2,Operator Delay,14.1,No
DT-001616,2026-04-22,M-008,LINE-03,S2,Electrical Failure,10.0,No
DT-001617,2026-03-26,M-006,LINE-02,S2,Mechanical Failure,26.8,No
DT-001618,2026-05-25,M-010,LINE-04,S1,Mechanical Failure,46.0,No
DT-001619,2026-03-09,M-010,LINE-04,S1,Changeover,16.5,Yes
DT-001620,2026-06-06,M-005,LINE-02,S1,Material Shortage,50.6,No
DT-001621,2026-04-24,M-012,LINE-04,S2,Mechanical Failure,7.5,No
DT-001622,2026-01-02,M-001,LINE-01,S1,Cleaning,34.4,No
DT-001623,2026-04-22,M-010,LINE-04,S1,Mechanical Failure,13.5,No
DT-001624,2026-01-09,M-008,LINE-03,S2,Electrical Failure,17.9,No
DT-001625,2026-01-11,M-001,LINE-01,S2,Mechanical Failure,42.7,No
DT-001626,2026-01-12,M-006,LINE-02,S1,Material Shortage,44.3,No
DT-001627,2026-05-20,M-008,LINE-03,S3,Material Shortage,37.4,No
DT-001628,2026-04-16,M-009,LINE-03,S2,Mechanical Failure,33.8,No
DT-001629,2026-06-16,M-001,LINE-01,S3,Mechanical Failure,49.7,No
DT-001630,2026-05-05,M-010,LINE-04,S1,Electrical Failure,9.9,No
DT-001631,2026-05-22,M-002,LINE-01,S3,Changeover,16.5,Yes
DT-001632,2026-01-19,M-002,LINE-01,S3,Mechanical Failure,60.2,No
DT-001633,2026-03-09,M-010,LINE-04,S3,Mechanical Failure,52.9,No
DT-001634,2026-06-08,M-012,LINE-04,S1,Material Shortage,25.4,No
DT-001635,2026-01-31,M-008,LINE-03,S3,Material Shortage,25.8,No
DT-001636,2026-01-30,M-004,LINE-02,S1,Electrical Failure,35.4,No
DT-001637,2026-05-17,M-008,LINE-03,S1,Mechanical Failure,48.5,No
DT-001638,2026-03-06,M-001,LINE-01,S1,Changeover,19.5,Yes
DT-001639,2026-01-16,M-002,LINE-01,S1,Material Shortage,3.9,No
DT-001640,2026-02-16,M-003,LINE-01,S2,Electrical Failure,18.9,No
DT-001641,2026-06-16,M-001,LINE-01,S3,Quality Hold,139.8,No
DT-001642,2026-04-02,M-008,LINE-03,S1,Mechanical Failure,61.7,No
DT-001643,2026-03-13,M-001,LINE-01,S1,Material Shortage,16.8,No
DT-001644,2026-03-04,M-010,LINE-04,S1,Quality Hold,18.8,No
DT-001645,2026-04-17,M-009,LINE-03,S3,Mechanical Failure,12.6,No
DT-001646,2026-03-22,M-012,LINE-04,S3,Mechanical Failure,63.3,No
DT-001647,2026-04-19,M-003,LINE-01,S2,Electrical Failure,21.1,No
DT-001648,2026-05-08,M-010,LINE-04,S2,Changeover,20.8,Yes
DT-001649,2026-05-08,M-011,LINE-04,S2,Mechanical Failure,57.9,No
DT-001650,2026-02-11,M-010,LINE-04,S2,Material Shortage,57.5,No
DT-001651,2026-03-17,M-001,LINE-01,S3,Mechanical Failure,18.6,No
DT-001652,2026-03-19,M-003,LINE-01,S2,Quality Hold,32.3,No
DT-001653,2026-04-24,M-001,LINE-01,S3,Changeover,4.2,Yes
DT-001654,2026-01-25,M-003,LINE-01,S1,Electrical Failure,44.4,No
DT-001655,2026-03-28,M-006,LINE-02,S3,Preventive Maintenance,44.6,Yes
DT-001656,2026-01-01,M-003,LINE-01,S2,Preventive Maintenance,28.0,Yes
DT-001657,2026-06-15,M-004,LINE-02,S2,Changeover,17.3,Yes
DT-001658,2026-04-24,M-006,LINE-02,S2,Electrical Failure,21.7,No
DT-001659,2026-03-12,M-003,LINE-01,S2,Material Shortage,11.7,No
DT-001660,2026-06-29,M-001,LINE-01,S2,Preventive Maintenance,20.1,Yes
DT-001661,2026-01-16,M-003,LINE-01,S3,Preventive Maintenance,21.8,Yes
DT-001662,2026-06-25,M-005,LINE-02,S2,Changeover,39.0,Yes
DT-001663,2026-02-14,M-002,LINE-01,S2,Changeover,36.3,Yes
DT-001664,2026-03-05,M-003,LINE-01,S3,Mechanical Failure,33.4,No
DT-001665,2026-05-28,M-010,LINE-04,S1,Mechanical Failure,7.6,No
DT-001666,2026-02-16,M-005,LINE-02,S1,Material Shortage,20.1,No
DT-001667,2026-06-11,M-001,LINE-01,S3,Preventive Maintenance,35.3,Yes
DT-001668,2026-03-22,M-007,LINE-03,S1,Changeover,11.8,Yes
DT-001669,2026-01-18,M-004,LINE-02,S1,Operator Delay,3.0,No
DT-001670,2026-06-28,M-012,LINE-04,S1,Mechanical Failure,28.6,No
DT-001671,2026-04-19,M-006,LINE-02,S1,Changeover,34.3,Yes
DT-001672,2026-06-18,M-004,LINE-02,S1,Preventive Maintenance,13.0,Yes
DT-001673,2026-06-16,M-011,LINE-04,S3,Mechanical Failure,22.9,No
DT-001674,2026-06-26,M-007,LINE-03,S2,Material Shortage,31.3,No
DT-001675,2026-06-10,M-003,LINE-01,S2,Mechanical Failure,13.0,No
DT-001676,2026-03-20,M-011,LINE-04,S1,Mechanical Failure,5.3,No
DT-001677,2026-02-03,M-011,LINE-04,S3,Electrical Failure,22.5,No
DT-001678,2026-06-02,M-010,LINE-04,S1,Preventive Maintenance,3.0,Yes
DT-001679,2026-03-17,M-002,LINE-01,S1,Electrical Failure,8.7,No
DT-001680,2026-05-22,M-011,LINE-04,S1,Preventive Maintenance,19.6,Yes
DT-001681,2026-01-05,M-005,LINE-02,S1,Operator Delay,6.8,No
DT-001682,2026-05-09,M-002,LINE-01,S3,Electrical Failure,28.4,No
DT-001683,2026-02-07,M-008,LINE-03,S2,Mechanical Failure,6.2,No
DT-001684,2026-04-28,M-011,LINE-04,S1,Mechanical Failure,88.6,No
DT-001685,2026-04-09,M-006,LINE-02,S2,Mechanical Failure,64.1,No
DT-001686,2026-05-22,M-011,LINE-04,S2,Changeover,36.7,Yes
DT-001687,2026-02-02,M-002,LINE-01,S1,Material Shortage,36.4,No
DT-001688,2026-03-28,M-010,LINE-04,S2,Cleaning,12.6,No
DT-001689,2026-05-21,M-010,LINE-04,S2,Material Shortage,64.0,No
DT-001690,2026-01-24,M-006,LINE-02,S1,Changeover,32.9,Yes
DT-001691,2026-02-02,M-009,LINE-03,S1,Material Shortage,13.0,No
DT-001692,2026-05-09,M-004,LINE-02,S1,Electrical Failure,69.8,No
DT-001693,2026-05-16,M-009,LINE-03,S3,Electrical Failure,27.1,No
DT-001694,2026-05-18,M-005,LINE-02,S3,Mechanical Failure,35.6,No
DT-001695,2026-05-05,M-001,LINE-01,S3,Electrical Failure,76.9,No
DT-001696,2026-05-07,M-007,LINE-03,S2,Material Shortage,9.9,No
DT-001697,2026-03-02,M-002,LINE-01,S1,Mechanical Failure,71.4,No
DT-001698,2026-03-20,M-008,LINE-03,S3,Mechanical Failure,77.1,No
DT-001699,2026-06-24,M-011,LINE-04,S2,Material Shortage,17.9,No
DT-001700,2026-02-24,M-003,LINE-01,S1,Electrical Failure,35.3,No
DT-001701,2026-01-10,M-011,LINE-04,S2,Material Shortage,6.2,No
DT-001702,2026-02-15,M-002,LINE-01,S2,Quality Hold,24.5,No
DT-001703,2026-05-22,M-011,LINE-04,S3,Mechanical Failure,16.0,No
DT-001704,2026-01-20,M-009,LINE-03,S2,Quality Hold,3.0,No
DT-001705,2026-04-20,M-005,LINE-02,S1,Mechanical Failure,10.4,No
DT-001706,2026-05-07,M-001,LINE-01,S2,Mechanical Failure,9.7,No
DT-001707,2026-04-25,M-004,LINE-02,S3,Mechanical Failure,22.6,No
DT-001708,2026-05-18,M-002,LINE-01,S1,Mechanical Failure,70.5,No
DT-001709,2026-04-10,M-007,LINE-03,S2,Material Shortage,26.0,No
DT-001710,2026-03-31,M-003,LINE-01,S3,Preventive Maintenance,36.5,Yes
DT-001711,2026-06-30,M-002,LINE-01,S2,Changeover,17.2,Yes
DT-001712,2026-01-27,M-002,LINE-01,S3,Electrical Failure,11.8,No
DT-001713,2026-01-13,M-009,LINE-03,S2,Mechanical Failure,17.8,No
DT-001714,2026-06-11,M-006,LINE-02,S1,Preventive Maintenance,43.7,Yes
DT-001715,2026-05-03,M-012,LINE-04,S2,Electrical Failure,26.8,No
DT-001716,2026-01-27,M-009,LINE-03,S3,Electrical Failure,47.2,No
DT-001717,2026-03-03,M-004,LINE-02,S2,Mechanical Failure,32.6,No
DT-001718,2026-05-17,M-003,LINE-01,S3,Changeover,16.3,Yes
DT-001719,2026-04-05,M-008,LINE-03,S2,Preventive Maintenance,48.3,Yes
DT-001720,2026-04-04,M-012,LINE-04,S3,Material Shortage,15.5,No
DT-001721,2026-01-13,M-010,LINE-04,S1,Material Shortage,23.4,No
DT-001722,2026-01-25,M-003,LINE-01,S3,Changeover,20.1,Yes
DT-001723,2026-05-29,M-003,LINE-01,S1,Electrical Failure,37.4,No
DT-001724,2026-06-19,M-012,LINE-04,S1,Mechanical Failure,53.3,No
DT-001725,2026-03-24,M-012,LINE-04,S1,Electrical Failure,41.4,No
DT-001726,2026-06-12,M-001,LINE-01,S1,Operator Delay,13.9,No
DT-001727,2026-02-12,M-010,LINE-04,S2,Mechanical Failure,41.1,No
DT-001728,2026-04-24,M-010,LINE-04,S3,Mechanical Failure,31.1,No
DT-001729,2026-04-10,M-008,LINE-03,S2,Material Shortage,29.5,No
DT-001730,2026-02-13,M-007,LINE-03,S2,Changeover,16.4,Yes
DT-001731,2026-04-12,M-006,LINE-02,S1,Cleaning,41.9,No
DT-001732,2026-03-15,M-011,LINE-04,S1,Mechanical Failure,80.4,No
DT-001733,2026-06-24,M-004,LINE-02,S1,Electrical Failure,55.6,No
DT-001734,2026-03-17,M-004,LINE-02,S2,Mechanical Failure,19.2,No
DT-001735,2026-04-27,M-003,LINE-01,S2,Electrical Failure,44.3,No
DT-001736,2026-02-06,M-005,LINE-02,S3,Changeover,48.9,Yes
DT-001737,2026-03-10,M-008,LINE-03,S1,Mechanical Failure,35.3,No
DT-001738,2026-02-20,M-012,LINE-04,S1,Material Shortage,31.5,No
DT-001739,2026-02-07,M-010,LINE-04,S1,Mechanical Failure,126.3,No
DT-001740,2026-05-12,M-003,LINE-01,S1,Quality Hold,15.5,No
DT-001741,2026-03-16,M-003,LINE-01,S2,Material Shortage,6.8,No
DT-001742,2026-06-12,M-001,LINE-01,S2,Mechanical Failure,44.6,No
DT-001743,2026-04-13,M-010,LINE-04,S1,Mechanical Failure,28.2,No
DT-001744,2026-03-24,M-012,LINE-04,S3,Electrical Failure,14.3,No
DT-001745,2026-06-16,M-002,LINE-01,S2,Changeover,50.5,Yes
DT-001746,2026-06-23,M-007,LINE-03,S3,Quality Hold,13.9,No
DT-001747,2026-04-10,M-008,LINE-03,S1,Mechanical Failure,36.0,No
DT-001748,2026-04-16,M-010,LINE-04,S2,Cleaning,13.8,No
DT-001749,2026-02-21,M-009,LINE-03,S1,Mechanical Failure,5.0,No
DT-001750,2026-05-24,M-007,LINE-03,S2,Electrical Failure,62.9,No
DT-001751,2026-04-05,M-006,LINE-02,S1,Quality Hold,7.0,No
DT-001752,2026-06-29,M-006,LINE-02,S3,Mechanical Failure,13.4,No
DT-001753,2026-02-25,M-005,LINE-02,S3,Changeover,4.1,Yes
DT-001754,2026-04-01,M-006,LINE-02,S1,Changeover,31.9,Yes
DT-001755,2026-03-15,M-004,LINE-02,S2,Mechanical Failure,40.0,No
DT-001756,2026-01-09,M-006,LINE-02,S1,Mechanical Failure,68.2,No
DT-001757,2026-06-24,M-001,LINE-01,S2,Mechanical Failure,22.0,No
DT-001758,2026-02-28,M-010,LINE-04,S2,Quality Hold,19.8,No
DT-001759,2026-01-04,M-008,LINE-03,S2,Mechanical Failure,21.3,No
DT-001760,2026-03-03,M-001,LINE-01,S1,Mechanical Failure,26.4,No
DT-001761,2026-06-12,M-005,LINE-02,S3,Electrical Failure,16.6,No
DT-001762,2026-04-28,M-006,LINE-02,S3,Material Shortage,55.0,No
DT-001763,2026-03-21,M-001,LINE-01,S1,Cleaning,71.9,No
DT-001764,2026-04-25,M-002,LINE-01,S3,Cleaning,21.7,No
DT-001765,2026-05-31,M-003,LINE-01,S2,Preventive Maintenance,28.8,Yes
DT-001766,2026-03-18,M-007,LINE-03,S2,Quality Hold,64.8,No
DT-001767,2026-06-13,M-002,LINE-01,S2,Mechanical Failure,180.0,No
DT-001768,2026-04-23,M-005,LINE-02,S2,Operator Delay,19.7,No
DT-001769,2026-01-15,M-002,LINE-01,S2,Mechanical Failure,12.5,No
DT-001770,2026-03-21,M-004,LINE-02,S1,Mechanical Failure,56.5,No
DT-001771,2026-06-13,M-004,LINE-02,S3,Electrical Failure,3.0,No
DT-001772,2026-04-24,M-008,LINE-03,S2,Material Shortage,64.5,No
DT-001773,2026-01-08,M-007,LINE-03,S1,Cleaning,10.1,No
DT-001774,2026-06-22,M-002,LINE-01,S3,Changeover,21.6,Yes
DT-001775,2026-02-19,M-002,LINE-01,S3,Electrical Failure,4.8,No
DT-001776,2026-02-15,M-011,LINE-04,S1,Quality Hold,13.3,No
DT-001777,2026-02-04,M-001,LINE-01,S1,Operator Delay,38.4,No
DT-001778,2026-05-24,M-006,LINE-02,S1,Electrical Failure,43.5,No
DT-001779,2026-04-28,M-008,LINE-03,S1,Material Shortage,31.4,No
DT-001780,2026-06-20,M-001,LINE-01,S1,Mechanical Failure,38.6,No
DT-001781,2026-02-21,M-004,LINE-02,S2,Operator Delay,4.4,No
DT-001782,2026-01-19,M-005,LINE-02,S1,Changeover,17.4,Yes
DT-001783,2026-06-19,M-009,LINE-03,S1,Mechanical Failure,34.6,No
DT-001784,2026-01-09,M-006,LINE-02,S3,Material Shortage,24.8,No
DT-001785,2026-03-25,M-012,LINE-04,S1,Mechanical Failure,28.4,No
DT-001786,2026-01-28,M-001,LINE-01,S2,Cleaning,21.4,No
DT-001787,2026-01-14,M-010,LINE-04,S1,Mechanical Failure,52.7,No
DT-001788,2026-06-26,M-006,LINE-02,S1,Mechanical Failure,38.1,No
DT-001789,2026-03-27,M-002,LINE-01,S3,Quality Hold,70.5,No
DT-001790,2026-01-05,M-006,LINE-02,S2,Material Shortage,26.8,No
DT-001791,2026-04-07,M-001,LINE-01,S1,Electrical Failure,71.3,No
DT-001792,2026-02-02,M-007,LINE-03,S3,Mechanical Failure,22.6,No
DT-001793,2026-03-24,M-012,LINE-04,S2,Mechanical Failure,37.8,No
DT-001794,2026-01-13,M-010,LINE-04,S1,Electrical Failure,105.7,No
DT-001795,2026-03-21,M-001,LINE-01,S2,Changeover,6.3,Yes
DT-001796,2026-02-16,M-009,LINE-03,S2,Electrical Failure,30.4,No
DT-001797,2026-05-22,M-002,LINE-01,S2,Preventive Maintenance,110.3,Yes
DT-001798,2026-06-14,M-005,LINE-02,S2,Electrical Failure,24.6,No
DT-001799,2026-05-12,M-012,LINE-04,S1,Mechanical Failure,132.5,No
DT-001800,2026-06-20,M-010,LINE-04,S1,Mechanical Failure,74.0,No
DT-001801,2026-02-06,M-005,LINE-02,S2,Mechanical Failure,64.5,No
DT-001802,2026-06-01,M-001,LINE-01,S1,Electrical Failure,65.2,No
DT-001803,2026-06-12,M-002,LINE-01,S2,Quality Hold,7.3,No
DT-001804,2026-03-19,M-010,LINE-04,S1,Cleaning,33.2,No
DT-001805,2026-05-16,M-009,LINE-03,S1,Material Shortage,25.9,No
DT-001806,2026-02-01,M-011,LINE-04,S1,Mechanical Failure,20.1,No
DT-001807,2026-04-07,M-012,LINE-04,S2,Changeover,18.6,Yes
DT-001808,2026-02-10,M-010,LINE-04,S1,Changeover,36.6,Yes
DT-001809,2026-04-11,M-004,LINE-02,S1,Material Shortage,30.3,No
DT-001810,2026-03-24,M-012,LINE-04,S2,Material Shortage,16.3,No
DT-001811,2026-04-04,M-002,LINE-01,S2,Electrical Failure,45.4,No
DT-001812,2026-05-10,M-004,LINE-02,S3,Mechanical Failure,11.3,No
DT-001813,2026-02-10,M-010,LINE-04,S1,Changeover,19.1,Yes
DT-001814,2026-02-27,M-001,LINE-01,S2,Mechanical Failure,180.0,No
DT-001815,2026-04-24,M-010,LINE-04,S1,Material Shortage,5.6,No
DT-001816,2026-03-19,M-010,LINE-04,S1,Cleaning,19.8,No
DT-001817,2026-05-29,M-008,LINE-03,S3,Electrical Failure,54.7,No
DT-001818,2026-02-12,M-010,LINE-04,S1,Quality Hold,25.8,No
DT-001819,2026-03-01,M-003,LINE-01,S3,Mechanical Failure,35.7,No
DT-001820,2026-02-21,M-004,LINE-02,S1,Quality Hold,4.6,No
DT-001821,2026-04-19,M-002,LINE-01,S2,Preventive Maintenance,33.2,Yes
DT-001822,2026-06-27,M-006,LINE-02,S1,Material Shortage,25.5,No
DT-001823,2026-04-04,M-011,LINE-04,S1,Operator Delay,3.9,No
DT-001824,2026-06-16,M-007,LINE-03,S1,Electrical Failure,42.0,No
DT-001825,2026-01-06,M-001,LINE-01,S2,Cleaning,7.1,No
DT-001826,2026-06-18,M-001,LINE-01,S1,Electrical Failure,42.8,No
DT-001827,2026-03-08,M-002,LINE-01,S3,Operator Delay,33.0,No
DT-001828,2026-05-11,M-011,LINE-04,S3,Electrical Failure,7.0,No
DT-001829,2026-03-10,M-001,LINE-01,S1,Operator Delay,48.7,No
DT-001830,2026-02-25,M-011,LINE-04,S1,Electrical Failure,4.3,No
DT-001831,2026-04-06,M-004,LINE-02,S1,Material Shortage,38.9,No
DT-001832,2026-04-24,M-010,LINE-04,S2,Mechanical Failure,42.6,No
DT-001833,2026-01-23,M-005,LINE-02,S3,Electrical Failure,30.9,No
DT-001834,2026-03-24,M-006,LINE-02,S2,Mechanical Failure,46.0,No
DT-001835,2026-01-26,M-008,LINE-03,S3,Material Shortage,5.2,No
DT-001836,2026-05-06,M-004,LINE-02,S1,Changeover,8.5,Yes
DT-001837,2026-02-09,M-004,LINE-02,S3,Quality Hold,14.6,No
DT-001838,2026-05-14,M-011,LINE-04,S1,Mechanical Failure,5.0,No
DT-001839,2026-02-23,M-007,LINE-03,S3,Electrical Failure,16.0,No
DT-001840,2026-04-25,M-004,LINE-02,S1,Mechanical Failure,39.3,No
DT-001841,2026-01-12,M-011,LINE-04,S1,Electrical Failure,50.3,No
DT-001842,2026-03-24,M-006,LINE-02,S2,Material Shortage,24.1,No
DT-001843,2026-05-06,M-004,LINE-02,S3,Material Shortage,47.3,No
DT-001844,2026-05-16,M-003,LINE-01,S2,Mechanical Failure,40.8,No
DT-001845,2026-04-04,M-012,LINE-04,S3,Electrical Failure,43.3,No
DT-001846,2026-01-17,M-006,LINE-02,S1,Mechanical Failure,40.4,No
DT-001847,2026-03-31,M-007,LINE-03,S2,Material Shortage,66.9,No
DT-001848,2026-05-30,M-008,LINE-03,S2,Cleaning,7.7,No
DT-001849,2026-06-25,M-006,LINE-02,S1,Cleaning,3.0,No
DT-001850,2026-01-17,M-001,LINE-01,S2,Mechanical Failure,6.0,No
DT-001851,2026-06-19,M-001,LINE-01,S1,Mechanical Failure,32.8,No
DT-001852,2026-06-15,M-004,LINE-02,S1,Operator Delay,3.0,No
DT-001853,2026-02-16,M-009,LINE-03,S3,Electrical Failure,8.2,No
DT-001854,2026-05-06,M-002,LINE-01,S3,Mechanical Failure,50.1,No
DT-001855,2026-04-27,M-011,LINE-04,S1,Electrical Failure,7.2,No
DT-001856,2026-03-25,M-006,LINE-02,S2,Electrical Failure,43.5,No
DT-001857,2026-02-04,M-004,LINE-02,S2,Electrical Failure,36.5,No
DT-001858,2026-01-05,M-001,LINE-01,S3,Changeover,38.3,Yes
DT-001859,2026-01-25,M-005,LINE-02,S1,Material Shortage,20.4,No
DT-001860,2026-01-29,M-004,LINE-02,S1,Quality Hold,6.2,No
DT-001861,2026-02-17,M-010,LINE-04,S1,Mechanical Failure,107.1,No
DT-001862,2026-05-09,M-002,LINE-01,S2,Material Shortage,15.8,No
DT-001863,2026-04-04,M-011,LINE-04,S2,Operator Delay,19.6,No
DT-001864,2026-01-18,M-003,LINE-01,S2,Electrical Failure,19.5,No
DT-001865,2026-04-01,M-005,LINE-02,S2,Cleaning,9.5,No
DT-001866,2026-01-12,M-006,LINE-02,S2,Electrical Failure,22.8,No
DT-001867,2026-06-25,M-003,LINE-01,S1,Operator Delay,29.9,No
DT-001868,2026-04-22,M-012,LINE-04,S3,Cleaning,3.1,No
DT-001869,2026-06-17,M-001,LINE-01,S1,Material Shortage,33.9,No
DT-001870,2026-04-14,M-008,LINE-03,S2,Operator Delay,20.7,No
DT-001871,2026-01-21,M-012,LINE-04,S3,Mechanical Failure,17.0,No
DT-001872,2026-05-14,M-012,LINE-04,S1,Electrical Failure,14.9,No
DT-001873,2026-01-16,M-004,LINE-02,S1,Material Shortage,12.0,No
DT-001874,2026-06-03,M-008,LINE-03,S3,Preventive Maintenance,71.9,Yes
DT-001875,2026-03-03,M-008,LINE-03,S2,Changeover,3.0,Yes
DT-001876,2026-06-27,M-009,LINE-03,S1,Mechanical Failure,111.2,No
DT-001877,2026-03-06,M-012,LINE-04,S3,Material Shortage,13.9,No
DT-001878,2026-06-25,M-012,LINE-04,S1,Mechanical Failure,97.5,No
DT-001879,2026-01-07,M-009,LINE-03,S3,Mechanical Failure,29.3,No
DT-001880,2026-04-24,M-003,LINE-01,S1,Cleaning,13.0,No
DT-001881,2026-02-28,M-011,LINE-04,S1,Electrical Failure,22.1,No
DT-001882,2026-05-12,M-010,LINE-04,S1,Mechanical Failure,29.8,No
DT-001883,2026-04-28,M-006,LINE-02,S1,Changeover,12.3,Yes
DT-001884,2026-01-29,M-007,LINE-03,S2,Mechanical Failure,34.2,No
DT-001885,2026-02-16,M-008,LINE-03,S1,Material Shortage,32.3,No
DT-001886,2026-05-29,M-002,LINE-01,S1,Electrical Failure,23.5,No
DT-001887,2026-06-29,M-001,LINE-01,S1,Changeover,31.8,Yes
DT-001888,2026-04-21,M-001,LINE-01,S1,Mechanical Failure,30.1,No
DT-001889,2026-02-22,M-012,LINE-04,S3,Mechanical Failure,122.5,No
DT-001890,2026-04-17,M-004,LINE-02,S2,Electrical Failure,43.1,No
DT-001891,2026-06-17,M-002,LINE-01,S1,Electrical Failure,70.5,No
DT-001892,2026-01-13,M-005,LINE-02,S3,Material Shortage,59.6,No
DT-001893,2026-03-26,M-010,LINE-04,S1,Mechanical Failure,24.9,No
DT-001894,2026-01-23,M-004,LINE-02,S2,Changeover,36.9,Yes
DT-001895,2026-02-02,M-003,LINE-01,S3,Cleaning,18.0,No
DT-001896,2026-02-07,M-006,LINE-02,S3,Material Shortage,50.9,No
DT-001897,2026-02-06,M-007,LINE-03,S2,Electrical Failure,32.9,No
DT-001898,2026-02-08,M-009,LINE-03,S3,Mechanical Failure,62.8,No
DT-001899,2026-04-06,M-009,LINE-03,S3,Mechanical Failure,40.2,No
DT-001900,2026-04-07,M-008,LINE-03,S2,Material Shortage,42.0,No
DT-001901,2026-02-25,M-012,LINE-04,S1,Mechanical Failure,28.6,No
DT-001902,2026-05-25,M-004,LINE-02,S2,Operator Delay,11.4,No
DT-001903,2026-01-12,M-003,LINE-01,S1,Material Shortage,17.1,No
DT-001904,2026-03-12,M-012,LINE-04,S1,Material Shortage,61.0,No
DT-001905,2026-04-28,M-008,LINE-03,S2,Changeover,74.9,Yes
DT-001906,2026-04-17,M-006,LINE-02,S3,Mechanical Failure,32.3,No
DT-001907,2026-05-14,M-009,LINE-03,S1,Operator Delay,3.5,No
DT-001908,2026-02-24,M-005,LINE-02,S1,Material Shortage,14.2,No
DT-001909,2026-03-30,M-011,LINE-04,S1,Material Shortage,15.0,No
DT-001910,2026-04-22,M-004,LINE-02,S2,Material Shortage,7.5,No
DT-001911,2026-02-20,M-004,LINE-02,S1,Mechanical Failure,28.0,No
DT-001912,2026-02-12,M-005,LINE-02,S1,Cleaning,15.8,No
DT-001913,2026-05-24,M-007,LINE-03,S2,Quality Hold,23.3,No
DT-001914,2026-06-17,M-002,LINE-01,S3,Mechanical Failure,32.4,No
DT-001915,2026-06-11,M-012,LINE-04,S2,Mechanical Failure,14.1,No
DT-001916,2026-03-12,M-005,LINE-02,S3,Mechanical Failure,89.6,No
DT-001917,2026-05-08,M-009,LINE-03,S3,Changeover,3.0,Yes
DT-001918,2026-03-20,M-002,LINE-01,S1,Mechanical Failure,57.9,No
DT-001919,2026-06-07,M-003,LINE-01,S2,Changeover,6.2,Yes
DT-001920,2026-03-13,M-008,LINE-03,S2,Quality Hold,26.1,No
DT-001921,2026-01-23,M-008,LINE-03,S3,Mechanical Failure,36.6,No
DT-001922,2026-06-16,M-005,LINE-02,S2,Material Shortage,51.4,No
DT-001923,2026-01-03,M-011,LINE-04,S1,Mechanical Failure,69.3,No
DT-001924,2026-02-10,M-007,LINE-03,S2,Cleaning,11.3,No
DT-001925,2026-06-23,M-006,LINE-02,S1,Mechanical Failure,45.4,No
DT-001926,2026-04-20,M-006,LINE-02,S2,Material Shortage,7.6,No
DT-001927,2026-04-24,M-012,LINE-04,S2,Cleaning,13.6,No
DT-001928,2026-06-24,M-011,LINE-04,S1,Operator Delay,56.7,No
DT-001929,2026-02-13,M-004,LINE-02,S2,Mechanical Failure,67.8,No
DT-001930,2026-06-23,M-004,LINE-02,S3,Material Shortage,23.5,No
DT-001931,2026-01-05,M-004,LINE-02,S3,Electrical Failure,41.3,No
DT-001932,2026-01-02,M-008,LINE-03,S3,Electrical Failure,3.1,No
DT-001933,2026-04-26,M-002,LINE-01,S1,Mechanical Failure,19.9,No
DT-001934,2026-05-30,M-002,LINE-01,S2,Electrical Failure,5.6,No
DT-001935,2026-02-04,M-005,LINE-02,S1,Quality Hold,33.2,No
DT-001936,2026-01-02,M-011,LINE-04,S1,Mechanical Failure,71.6,No
DT-001937,2026-04-13,M-005,LINE-02,S2,Mechanical Failure,25.2,No
DT-001938,2026-05-26,M-008,LINE-03,S2,Mechanical Failure,38.0,No
DT-001939,2026-03-08,M-001,LINE-01,S3,Cleaning,28.3,No
DT-001940,2026-01-09,M-004,LINE-02,S3,Cleaning,4.4,No
DT-001941,2026-04-26,M-011,LINE-04,S3,Electrical Failure,63.3,No
DT-001942,2026-06-12,M-005,LINE-02,S3,Electrical Failure,44.6,No
DT-001943,2026-02-01,M-007,LINE-03,S3,Mechanical Failure,180.0,No
DT-001944,2026-02-01,M-001,LINE-01,S2,Changeover,96.2,Yes
DT-001945,2026-03-07,M-003,LINE-01,S1,Material Shortage,39.0,No
DT-001946,2026-03-28,M-011,LINE-04,S1,Mechanical Failure,32.5,No
DT-001947,2026-03-03,M-003,LINE-01,S1,Preventive Maintenance,47.2,Yes
DT-001948,2026-03-09,M-007,LINE-03,S1,Material Shortage,19.1,No
DT-001949,2026-04-10,M-007,LINE-03,S3,Electrical Failure,38.6,No
DT-001950,2026-05-11,M-009,LINE-03,S2,Quality Hold,21.0,No
DT-001951,2026-02-12,M-008,LINE-03,S2,Electrical Failure,58.3,No
DT-001952,2026-06-23,M-008,LINE-03,S1,Electrical Failure,57.8,No
DT-001953,2026-01-01,M-012,LINE-04,S1,Mechanical Failure,20.9,No
DT-001954,2026-03-21,M-010,LINE-04,S2,Electrical Failure,38.5,No
DT-001955,2026-06-05,M-009,LINE-03,S1,Preventive Maintenance,4.5,Yes
DT-001956,2026-01-13,M-001,LINE-01,S2,Material Shortage,24.7,No
DT-001957,2026-05-14,M-008,LINE-03,S1,Changeover,28.1,Yes
DT-001958,2026-05-23,M-011,LINE-04,S1,Material Shortage,11.0,No
DT-001959,2026-02-05,M-009,LINE-03,S1,Quality Hold,37.0,No
DT-001960,2026-03-02,M-008,LINE-03,S2,Operator Delay,61.1,No
DT-001961,2026-04-18,M-010,LINE-04,S1,Changeover,27.7,Yes
DT-001962,2026-05-19,M-001,LINE-01,S3,Mechanical Failure,86.2,No
DT-001963,2026-03-16,M-005,LINE-02,S1,Quality Hold,37.7,No
DT-001964,2026-01-12,M-003,LINE-01,S2,Preventive Maintenance,4.8,Yes
DT-001965,2026-05-11,M-004,LINE-02,S3,Electrical Failure,49.3,No
DT-001966,2026-06-10,M-004,LINE-02,S1,Mechanical Failure,155.1,No
DT-001967,2026-04-19,M-012,LINE-04,S2,Electrical Failure,42.3,No
DT-001968,2026-02-22,M-004,LINE-02,S2,Material Shortage,44.4,No
DT-001969,2026-04-27,M-002,LINE-01,S2,Mechanical Failure,30.6,No
DT-001970,2026-03-05,M-012,LINE-04,S3,Cleaning,6.8,No
DT-001971,2026-04-26,M-010,LINE-04,S2,Mechanical Failure,23.9,No
DT-001972,2026-03-05,M-001,LINE-01,S2,Operator Delay,55.1,No
DT-001973,2026-02-24,M-001,LINE-01,S2,Changeover,14.9,Yes
DT-001974,2026-05-12,M-001,LINE-01,S2,Electrical Failure,115.5,No
DT-001975,2026-04-26,M-002,LINE-01,S3,Mechanical Failure,10.7,No
DT-001976,2026-03-25,M-011,LINE-04,S1,Quality Hold,3.0,No
DT-001977,2026-05-16,M-011,LINE-04,S3,Changeover,4.4,Yes
DT-001978,2026-01-04,M-004,LINE-02,S1,Electrical Failure,26.3,No
DT-001979,2026-04-09,M-005,LINE-02,S1,Material Shortage,11.7,No
DT-001980,2026-01-01,M-006,LINE-02,S2,Changeover,15.0,Yes
DT-001981,2026-06-12,M-012,LINE-04,S2,Electrical Failure,85.8,No
DT-001982,2026-06-04,M-002,LINE-01,S1,Material Shortage,20.8,No
DT-001983,2026-02-17,M-006,LINE-02,S2,Cleaning,16.7,No
DT-001984,2026-04-25,M-006,LINE-02,S1,Mechanical Failure,43.1,No
DT-001985,2026-04-19,M-010,LINE-04,S2,Quality Hold,3.4,No
DT-001986,2026-06-09,M-007,LINE-03,S3,Mechanical Failure,20.9,No
DT-001987,2026-06-29,M-012,LINE-04,S2,Electrical Failure,36.4,No
DT-001988,2026-02-09,M-003,LINE-01,S2,Cleaning,17.5,No
DT-001989,2026-01-23,M-001,LINE-01,S3,Mechanical Failure,92.7,No
DT-001990,2026-05-23,M-008,LINE-03,S3,Mechanical Failure,26.8,No
DT-001991,2026-02-04,M-004,LINE-02,S3,Material Shortage,25.6,No
DT-001992,2026-06-24,M-011,LINE-04,S1,Cleaning,10.0,No
DT-001993,2026-01-19,M-001,LINE-01,S2,Electrical Failure,30.0,No
DT-001994,2026-06-22,M-003,LINE-01,S2,Quality Hold,77.4,No
DT-001995,2026-06-19,M-009,LINE-03,S1,Mechanical Failure,41.8,No
DT-001996,2026-02-21,M-006,LINE-02,S1,Quality Hold,107.1,No
DT-001997,2026-05-20,M-006,LINE-02,S2,Cleaning,5.4,No
DT-001998,2026-06-17,M-006,LINE-02,S2,Mechanical Failure,67.7,No
DT-001999,2026-06-01,M-007,LINE-03,S1,Quality Hold,29.4,No
DT-002000,2026-05-07,M-011,LINE-04,S1,Mechanical Failure,89.8,No
DT-002001,2026-05-31,M-012,LINE-04,S2,Electrical Failure,18.9,No
DT-002002,2026-04-13,M-005,LINE-02,S2,Material Shortage,3.0,No
DT-002003,2026-06-17,M-012,LINE-04,S1,Changeover,88.9,Yes
DT-002004,2026-01-04,M-006,LINE-02,S1,Material Shortage,10.2,No
DT-002005,2026-02-07,M-007,LINE-03,S1,Cleaning,32.9,No
DT-002006,2026-06-11,M-005,LINE-02,S1,Mechanical Failure,54.4,No
DT-002007,2026-04-12,M-002,LINE-01,S1,Electrical Failure,43.7,No
DT-002008,2026-01-24,M-010,LINE-04,S3,Electrical Failure,44.6,No
DT-002009,2026-02-01,M-004,LINE-02,S1,Quality Hold,10.3,No
DT-002010,2026-01-02,M-011,LINE-04,S2,Mechanical Failure,48.5,No
DT-002011,2026-03-08,M-004,LINE-02,S1,Mechanical Failure,38.6,No
DT-002012,2026-04-22,M-002,LINE-01,S1,Electrical Failure,21.2,No
DT-002013,2026-04-14,M-002,LINE-01,S2,Mechanical Failure,109.2,No
DT-002014,2026-01-19,M-001,LINE-01,S3,Mechanical Failure,11.5,No
DT-002015,2026-05-20,M-010,LINE-04,S2,Mechanical Failure,43.4,No
DT-002016,2026-04-25,M-011,LINE-04,S1,Electrical Failure,48.7,No
DT-002017,2026-01-26,M-009,LINE-03,S3,Changeover,29.2,Yes
DT-002018,2026-06-14,M-002,LINE-01,S3,Changeover,13.1,Yes
DT-002019,2026-05-01,M-009,LINE-03,S1,Operator Delay,10.8,No
DT-002020,2026-04-13,M-004,LINE-02,S1,Electrical Failure,9.9,No
DT-002021,2026-03-20,M-012,LINE-04,S2,Operator Delay,21.4,No
DT-002022,2026-01-15,M-008,LINE-03,S1,Cleaning,30.1,No
DT-002023,2026-01-01,M-001,LINE-01,S3,Electrical Failure,59.8,No
DT-002024,2026-06-29,M-005,LINE-02,S2,Changeover,22.1,Yes
DT-002025,2026-05-23,M-004,LINE-02,S1,Mechanical Failure,41.2,No
DT-002026,2026-02-15,M-009,LINE-03,S2,Operator Delay,5.1,No
DT-002027,2026-02-18,M-001,LINE-01,S1,Changeover,9.6,Yes
DT-002028,2026-05-31,M-009,LINE-03,S3,Operator Delay,17.3,No
DT-002029,2026-03-07,M-001,LINE-01,S2,Mechanical Failure,37.3,No
DT-002030,2026-03-20,M-006,LINE-02,S1,Electrical Failure,9.1,No
DT-002031,2026-03-07,M-002,LINE-01,S3,Material Shortage,17.5,No
DT-002032,2026-03-16,M-001,LINE-01,S1,Mechanical Failure,165.6,No
DT-002033,2026-06-25,M-011,LINE-04,S2,Quality Hold,13.0,No
DT-002034,2026-06-22,M-002,LINE-01,S1,Mechanical Failure,3.5,No
DT-002035,2026-06-20,M-009,LINE-03,S3,Mechanical Failure,30.5,No
DT-002036,2026-06-11,M-007,LINE-03,S1,Mechanical Failure,22.3,No
DT-002037,2026-01-23,M-003,LINE-01,S3,Changeover,17.8,Yes
DT-002038,2026-06-29,M-005,LINE-02,S1,Electrical Failure,21.6,No
DT-002039,2026-06-01,M-011,LINE-04,S2,Quality Hold,20.6,No
DT-002040,2026-01-02,M-002,LINE-01,S2,Material Shortage,56.7,No
DT-002041,2026-04-11,M-008,LINE-03,S2,Mechanical Failure,43.8,No
DT-002042,2026-02-24,M-007,LINE-03,S3,Mechanical Failure,25.7,No
DT-002043,2026-03-09,M-007,LINE-03,S3,Preventive Maintenance,66.6,Yes
DT-002044,2026-06-22,M-003,LINE-01,S2,Mechanical Failure,19.9,No
DT-002045,2026-03-05,M-007,LINE-03,S2,Mechanical Failure,10.1,No
DT-002046,2026-03-08,M-007,LINE-03,S3,Mechanical Failure,47.2,No
DT-002047,2026-03-24,M-002,LINE-01,S1,Mechanical Failure,9.9,No
DT-002048,2026-01-31,M-005,LINE-02,S2,Electrical Failure,34.2,No
DT-002049,2026-05-19,M-001,LINE-01,S2,Electrical Failure,38.3,No
DT-002050,2026-05-31,M-003,LINE-01,S3,Mechanical Failure,46.1,No
DT-002051,2026-02-27,M-007,LINE-03,S2,Electrical Failure,33.1,No
DT-002052,2026-03-06,M-005,LINE-02,S1,Cleaning,3.0,No
DT-002053,2026-02-20,M-008,LINE-03,S3,Mechanical Failure,180.0,No
DT-002054,2026-05-09,M-003,LINE-01,S2,Material Shortage,7.4,No
DT-002055,2026-01-31,M-005,LINE-02,S1,Preventive Maintenance,62.0,Yes
DT-002056,2026-01-05,M-011,LINE-04,S2,Mechanical Failure,40.8,No
DT-002057,2026-01-17,M-012,LINE-04,S2,Material Shortage,12.7,No
DT-002058,2026-04-01,M-001,LINE-01,S3,Changeover,14.3,Yes
DT-002059,2026-04-11,M-006,LINE-02,S3,Electrical Failure,40.7,No
DT-002060,2026-06-20,M-008,LINE-03,S2,Mechanical Failure,20.7,No
DT-002061,2026-01-11,M-005,LINE-02,S2,Cleaning,13.9,No
DT-002062,2026-04-25,M-007,LINE-03,S1,Material Shortage,20.8,No
DT-002063,2026-03-22,M-002,LINE-01,S2,Material Shortage,73.2,No
DT-002064,2026-04-15,M-003,LINE-01,S3,Changeover,58.1,Yes
DT-002065,2026-03-18,M-008,LINE-03,S2,Changeover,45.7,Yes
DT-002066,2026-04-13,M-009,LINE-03,S1,Material Shortage,68.2,No
DT-002067,2026-04-30,M-008,LINE-03,S1,Mechanical Failure,9.2,No
DT-002068,2026-01-28,M-008,LINE-03,S1,Cleaning,3.0,No
DT-002069,2026-06-24,M-005,LINE-02,S2,Operator Delay,9.4,No
DT-002070,2026-05-18,M-011,LINE-04,S1,Mechanical Failure,35.6,No
DT-002071,2026-01-21,M-007,LINE-03,S1,Material Shortage,5.6,No
DT-002072,2026-05-08,M-010,LINE-04,S1,Changeover,36.5,Yes
DT-002073,2026-02-18,M-005,LINE-02,S1,Operator Delay,22.6,No
DT-002074,2026-06-17,M-003,LINE-01,S1,Material Shortage,83.8,No
DT-002075,2026-04-19,M-010,LINE-04,S3,Electrical Failure,45.9,No
DT-002076,2026-06-14,M-004,LINE-02,S1,Material Shortage,19.0,No
DT-002077,2026-05-28,M-003,LINE-01,S2,Changeover,44.0,Yes
DT-002078,2026-01-07,M-006,LINE-02,S3,Mechanical Failure,40.5,No
DT-002079,2026-03-31,M-002,LINE-01,S3,Operator Delay,6.2,No
DT-002080,2026-05-02,M-008,LINE-03,S1,Changeover,41.1,Yes
DT-002081,2026-04-02,M-008,LINE-03,S1,Mechanical Failure,110.1,No
DT-002082,2026-05-18,M-012,LINE-04,S1,Quality Hold,6.4,No
DT-002083,2026-06-26,M-006,LINE-02,S2,Changeover,19.0,Yes
DT-002084,2026-05-09,M-002,LINE-01,S3,Electrical Failure,26.3,No
DT-002085,2026-05-17,M-003,LINE-01,S1,Electrical Failure,9.1,No
DT-002086,2026-04-15,M-011,LINE-04,S3,Electrical Failure,20.4,No
DT-002087,2026-05-23,M-006,LINE-02,S1,Electrical Failure,41.1,No
DT-002088,2026-01-13,M-001,LINE-01,S2,Operator Delay,20.7,No
DT-002089,2026-02-26,M-010,LINE-04,S2,Mechanical Failure,74.9,No
DT-002090,2026-02-10,M-007,LINE-03,S1,Electrical Failure,5.7,No
DT-002091,2026-03-29,M-008,LINE-03,S1,Cleaning,57.2,No
DT-002092,2026-05-08,M-004,LINE-02,S2,Cleaning,10.5,No
DT-002093,2026-06-25,M-008,LINE-03,S1,Mechanical Failure,48.1,No
DT-002094,2026-01-15,M-010,LINE-04,S1,Mechanical Failure,45.6,No
DT-002095,2026-04-07,M-001,LINE-01,S3,Preventive Maintenance,30.8,Yes
DT-002096,2026-01-16,M-002,LINE-01,S1,Material Shortage,49.7,No
DT-002097,2026-03-22,M-002,LINE-01,S3,Changeover,34.5,Yes
DT-002098,2026-03-25,M-002,LINE-01,S2,Material Shortage,47.5,No
DT-002099,2026-05-23,M-006,LINE-02,S3,Changeover,26.7,Yes
DT-002100,2026-05-21,M-006,LINE-02,S3,Cleaning,3.0,No
DT-002101,2026-04-28,M-003,LINE-01,S1,Electrical Failure,84.0,No
DT-002102,2026-05-09,M-004,LINE-02,S1,Material Shortage,73.7,No
DT-002103,2026-04-03,M-009,LINE-03,S1,Mechanical Failure,42.3,No
DT-002104,2026-04-27,M-010,LINE-04,S2,Electrical Failure,12.8,No
DT-002105,2026-03-20,M-009,LINE-03,S2,Mechanical Failure,33.9,No
DT-002106,2026-01-15,M-007,LINE-03,S3,Mechanical Failure,91.0,No
DT-002107,2026-03-05,M-008,LINE-03,S1,Cleaning,32.8,No
DT-002108,2026-02-23,M-012,LINE-04,S2,Cleaning,4.0,No
DT-002109,2026-01-20,M-010,LINE-04,S3,Operator Delay,28.0,No
DT-002110,2026-04-13,M-003,LINE-01,S1,Quality Hold,25.1,No
DT-002111,2026-03-31,M-009,LINE-03,S2,Electrical Failure,3.8,No
DT-002112,2026-05-26,M-011,LINE-04,S1,Mechanical Failure,86.2,No
DT-002113,2026-03-06,M-002,LINE-01,S3,Quality Hold,21.0,No
DT-002114,2026-05-19,M-011,LINE-04,S1,Mechanical Failure,37.1,No
DT-002115,2026-06-27,M-007,LINE-03,S1,Material Shortage,80.6,No
DT-002116,2026-04-17,M-003,LINE-01,S1,Operator Delay,20.6,No
DT-002117,2026-04-04,M-003,LINE-01,S2,Mechanical Failure,21.5,No
DT-002118,2026-01-02,M-010,LINE-04,S1,Material Shortage,24.3,No
DT-002119,2026-02-19,M-002,LINE-01,S1,Electrical Failure,38.5,No
DT-002120,2026-05-30,M-011,LINE-04,S1,Mechanical Failure,45.3,No
DT-002121,2026-01-23,M-009,LINE-03,S2,Mechanical Failure,25.1,No
DT-002122,2026-01-16,M-011,LINE-04,S2,Mechanical Failure,85.6,No
DT-002123,2026-05-13,M-006,LINE-02,S1,Quality Hold,19.1,No
DT-002124,2026-04-26,M-001,LINE-01,S1,Mechanical Failure,30.7,No
DT-002125,2026-04-20,M-011,LINE-04,S1,Preventive Maintenance,51.1,Yes
DT-002126,2026-03-10,M-002,LINE-01,S3,Changeover,46.1,Yes
DT-002127,2026-03-22,M-004,LINE-02,S1,Material Shortage,17.2,No
DT-002128,2026-06-11,M-008,LINE-03,S1,Mechanical Failure,62.1,No
DT-002129,2026-02-14,M-004,LINE-02,S3,Quality Hold,28.2,No
DT-002130,2026-02-24,M-001,LINE-01,S1,Mechanical Failure,25.2,No
DT-002131,2026-03-25,M-007,LINE-03,S2,Preventive Maintenance,7.1,Yes
DT-002132,2026-05-30,M-009,LINE-03,S1,Mechanical Failure,8.2,No
DT-002133,2026-01-07,M-009,LINE-03,S3,Mechanical Failure,7.3,No
DT-002134,2026-04-21,M-007,LINE-03,S3,Material Shortage,3.4,No
DT-002135,2026-03-04,M-002,LINE-01,S3,Mechanical Failure,27.7,No
DT-002136,2026-06-25,M-003,LINE-01,S3,Mechanical Failure,34.4,No
DT-002137,2026-06-15,M-003,LINE-01,S1,Preventive Maintenance,38.6,Yes
DT-002138,2026-02-12,M-004,LINE-02,S3,Changeover,39.2,Yes
DT-002139,2026-05-06,M-001,LINE-01,S1,Material Shortage,27.2,No
DT-002140,2026-06-13,M-003,LINE-01,S3,Mechanical Failure,118.1,No
DT-002141,2026-04-25,M-009,LINE-03,S3,Material Shortage,17.2,No
DT-002142,2026-03-04,M-004,LINE-02,S2,Quality Hold,3.0,No
DT-002143,2026-01-12,M-002,LINE-01,S1,Material Shortage,26.3,No
DT-002144,2026-05-29,M-003,LINE-01,S2,Operator Delay,6.5,No
DT-002145,2026-02-05,M-008,LINE-03,S3,Cleaning,50.4,No
DT-002146,2026-05-12,M-006,LINE-02,S2,Cleaning,8.1,No
DT-002147,2026-03-07,M-012,LINE-04,S1,Material Shortage,17.0,No
DT-002148,2026-05-15,M-010,LINE-04,S1,Material Shortage,18.6,No
DT-002149,2026-03-13,M-005,LINE-02,S3,Mechanical Failure,52.0,No
DT-002150,2026-03-13,M-007,LINE-03,S1,Mechanical Failure,17.5,No
DT-002151,2026-04-02,M-009,LINE-03,S3,Electrical Failure,46.7,No
DT-002152,2026-03-31,M-012,LINE-04,S3,Preventive Maintenance,72.8,Yes
DT-002153,2026-05-21,M-005,LINE-02,S3,Material Shortage,12.8,No
DT-002154,2026-01-07,M-001,LINE-01,S2,Cleaning,23.6,No
DT-002155,2026-02-27,M-005,LINE-02,S3,Mechanical Failure,179.9,No
DT-002156,2026-02-21,M-005,LINE-02,S1,Mechanical Failure,57.9,No
DT-002157,2026-06-07,M-009,LINE-03,S3,Electrical Failure,69.1,No
DT-002158,2026-01-04,M-004,LINE-02,S1,Material Shortage,41.7,No
DT-002159,2026-01-21,M-008,LINE-03,S2,Mechanical Failure,35.0,No
DT-002160,2026-04-01,M-010,LINE-04,S1,Mechanical Failure,21.5,No
DT-002161,2026-01-26,M-012,LINE-04,S3,Preventive Maintenance,31.5,Yes
DT-002162,2026-03-30,M-006,LINE-02,S1,Changeover,22.7,Yes
DT-002163,2026-05-10,M-001,LINE-01,S2,Mechanical Failure,15.8,No
DT-002164,2026-01-28,M-009,LINE-03,S1,Material Shortage,25.2,No
DT-002165,2026-01-22,M-011,LINE-04,S2,Mechanical Failure,20.6,No
DT-002166,2026-03-18,M-002,LINE-01,S2,Mechanical Failure,58.0,No
DT-002167,2026-05-19,M-011,LINE-04,S2,Mechanical Failure,60.2,No
DT-002168,2026-05-02,M-010,LINE-04,S3,Material Shortage,43.7,No
DT-002169,2026-05-28,M-001,LINE-01,S2,Changeover,42.7,Yes
DT-002170,2026-04-03,M-001,LINE-01,S1,Changeover,16.4,Yes
DT-002171,2026-01-27,M-003,LINE-01,S1,Mechanical Failure,71.9,No
DT-002172,2026-01-09,M-001,LINE-01,S2,Quality Hold,9.7,No
DT-002173,2026-03-29,M-008,LINE-03,S3,Material Shortage,24.8,No
DT-002174,2026-05-31,M-012,LINE-04,S2,Electrical Failure,12.0,No
DT-002175,2026-01-14,M-003,LINE-01,S1,Changeover,12.2,Yes
DT-002176,2026-04-01,M-011,LINE-04,S2,Material Shortage,26.4,No
DT-002177,2026-04-27,M-004,LINE-02,S3,Preventive Maintenance,3.0,Yes
DT-002178,2026-01-05,M-003,LINE-01,S2,Material Shortage,30.5,No
DT-002179,2026-03-18,M-003,LINE-01,S2,Mechanical Failure,20.8,No
DT-002180,2026-04-22,M-006,LINE-02,S2,Changeover,17.9,Yes
DT-002181,2026-04-06,M-010,LINE-04,S1,Mechanical Failure,15.6,No
DT-002182,2026-03-24,M-004,LINE-02,S2,Electrical Failure,40.1,No
DT-002183,2026-05-23,M-010,LINE-04,S2,Electrical Failure,61.5,No
DT-002184,2026-04-16,M-001,LINE-01,S2,Mechanical Failure,75.3,No
DT-002185,2026-03-24,M-006,LINE-02,S1,Cleaning,3.0,No
DT-002186,2026-02-23,M-011,LINE-04,S2,Electrical Failure,23.4,No
DT-002187,2026-02-06,M-011,LINE-04,S1,Material Shortage,20.1,No
DT-002188,2026-06-17,M-003,LINE-01,S2,Mechanical Failure,33.4,No
DT-002189,2026-01-03,M-002,LINE-01,S1,Changeover,3.7,Yes
DT-002190,2026-02-28,M-002,LINE-01,S1,Preventive Maintenance,124.7,Yes
DT-002191,2026-01-22,M-004,LINE-02,S1,Mechanical Failure,45.7,No
DT-002192,2026-01-22,M-005,LINE-02,S3,Changeover,3.9,Yes
DT-002193,2026-01-03,M-005,LINE-02,S1,Material Shortage,28.3,No
DT-002194,2026-05-21,M-009,LINE-03,S2,Electrical Failure,34.3,No
DT-002195,2026-03-02,M-011,LINE-04,S1,Material Shortage,13.4,No
DT-002196,2026-05-04,M-009,LINE-03,S2,Changeover,34.5,Yes
DT-002197,2026-03-30,M-010,LINE-04,S2,Cleaning,20.2,No
DT-002198,2026-06-03,M-003,LINE-01,S1,Changeover,3.8,Yes
DT-002199,2026-01-19,M-001,LINE-01,S2,Electrical Failure,50.1,No
DT-002200,2026-04-29,M-005,LINE-02,S2,Quality Hold,27.0,No
DT-002201,2026-03-28,M-005,LINE-02,S1,Cleaning,3.0,No
DT-002202,2026-06-26,M-009,LINE-03,S1,Mechanical Failure,21.7,No
DT-002203,2026-06-19,M-007,LINE-03,S3,Mechanical Failure,11.1,No
DT-002204,2026-03-14,M-007,LINE-03,S2,Cleaning,17.9,No
DT-002205,2026-02-01,M-002,LINE-01,S2,Electrical Failure,109.2,No
DT-002206,2026-06-17,M-009,LINE-03,S2,Changeover,10.4,Yes
DT-002207,2026-01-24,M-002,LINE-01,S2,Cleaning,27.2,No
DT-002208,2026-05-22,M-001,LINE-01,S1,Operator Delay,11.7,No
DT-002209,2026-03-27,M-001,LINE-01,S3,Electrical Failure,16.3,No
DT-002210,2026-06-22,M-004,LINE-02,S1,Electrical Failure,40.8,No
DT-002211,2026-05-16,M-007,LINE-03,S3,Mechanical Failure,136.1,No
DT-002212,2026-01-14,M-012,LINE-04,S3,Changeover,17.7,Yes
DT-002213,2026-01-05,M-001,LINE-01,S2,Electrical Failure,21.3,No
DT-002214,2026-05-21,M-008,LINE-03,S1,Changeover,47.8,Yes
DT-002215,2026-01-23,M-012,LINE-04,S1,Mechanical Failure,69.0,No
DT-002216,2026-01-25,M-005,LINE-02,S2,Material Shortage,18.7,No
DT-002217,2026-01-14,M-005,LINE-02,S1,Mechanical Failure,10.1,No
DT-002218,2026-05-15,M-007,LINE-03,S1,Material Shortage,28.3,No
DT-002219,2026-02-22,M-001,LINE-01,S1,Electrical Failure,25.1,No
DT-002220,2026-06-21,M-009,LINE-03,S1,Mechanical Failure,14.5,No
DT-002221,2026-03-05,M-003,LINE-01,S1,Electrical Failure,28.0,No
DT-002222,2026-05-12,M-005,LINE-02,S1,Mechanical Failure,27.6,No
DT-002223,2026-02-01,M-003,LINE-01,S2,Mechanical Failure,82.3,No
DT-002224,2026-04-15,M-010,LINE-04,S2,Material Shortage,29.6,No
DT-002225,2026-06-19,M-011,LINE-04,S2,Electrical Failure,41.1,No
DT-002226,2026-03-02,M-011,LINE-04,S3,Quality Hold,53.0,No
DT-002227,2026-05-18,M-008,LINE-03,S1,Mechanical Failure,16.0,No
DT-002228,2026-01-24,M-006,LINE-02,S1,Mechanical Failure,38.0,No
DT-002229,2026-04-18,M-005,LINE-02,S2,Material Shortage,6.3,No
DT-002230,2026-06-08,M-011,LINE-04,S2,Material Shortage,25.1,No
DT-002231,2026-01-16,M-009,LINE-03,S3,Mechanical Failure,15.3,No
DT-002232,2026-02-14,M-011,LINE-04,S3,Mechanical Failure,84.8,No
DT-002233,2026-06-01,M-003,LINE-01,S3,Material Shortage,28.9,No
DT-002234,2026-01-30,M-010,LINE-04,S1,Cleaning,29.9,No
DT-002235,2026-05-22,M-010,LINE-04,S1,Changeover,31.5,Yes
DT-002236,2026-01-06,M-008,LINE-03,S2,Preventive Maintenance,40.6,Yes
DT-002237,2026-03-25,M-006,LINE-02,S2,Operator Delay,23.5,No
DT-002238,2026-06-10,M-010,LINE-04,S2,Cleaning,13.9,No
DT-002239,2026-01-01,M-004,LINE-02,S2,Electrical Failure,56.2,No
DT-002240,2026-01-25,M-001,LINE-01,S3,Quality Hold,21.9,No
DT-002241,2026-06-08,M-008,LINE-03,S1,Electrical Failure,67.3,No
DT-002242,2026-06-06,M-007,LINE-03,S2,Changeover,20.7,Yes
DT-002243,2026-01-01,M-010,LINE-04,S1,Operator Delay,14.6,No
DT-002244,2026-01-03,M-002,LINE-01,S2,Changeover,5.7,Yes
DT-002245,2026-04-27,M-001,LINE-01,S2,Electrical Failure,6.5,No
DT-002246,2026-03-06,M-011,LINE-04,S1,Mechanical Failure,16.2,No
DT-002247,2026-04-14,M-011,LINE-04,S1,Electrical Failure,79.7,No
DT-002248,2026-01-12,M-011,LINE-04,S1,Electrical Failure,13.6,No
DT-002249,2026-03-11,M-009,LINE-03,S2,Material Shortage,12.1,No
DT-002250,2026-05-08,M-007,LINE-03,S3,Cleaning,21.3,No
DT-002251,2026-02-25,M-005,LINE-02,S3,Changeover,27.2,Yes
DT-002252,2026-03-24,M-005,LINE-02,S1,Electrical Failure,82.8,No
DT-002253,2026-06-18,M-010,LINE-04,S1,Changeover,9.0,Yes
DT-002254,2026-03-31,M-010,LINE-04,S2,Operator Delay,49.9,No
DT-002255,2026-05-18,M-011,LINE-04,S2,Changeover,45.7,Yes
DT-002256,2026-01-11,M-004,LINE-02,S1,Preventive Maintenance,63.7,Yes
DT-002257,2026-06-10,M-009,LINE-03,S1,Mechanical Failure,52.8,No
DT-002258,2026-01-21,M-007,LINE-03,S1,Quality Hold,19.5,No
DT-002259,2026-01-13,M-011,LINE-04,S2,Operator Delay,24.7,No
DT-002260,2026-02-25,M-009,LINE-03,S1,Preventive Maintenance,34.4,Yes
DT-002261,2026-05-21,M-012,LINE-04,S3,Quality Hold,15.4,No
DT-002262,2026-01-04,M-010,LINE-04,S2,Mechanical Failure,52.3,No
DT-002263,2026-05-03,M-003,LINE-01,S2,Material Shortage,9.3,No
DT-002264,2026-02-24,M-005,LINE-02,S2,Cleaning,32.6,No
DT-002265,2026-05-22,M-008,LINE-03,S2,Cleaning,16.2,No
DT-002266,2026-05-22,M-007,LINE-03,S1,Mechanical Failure,5.0,No
DT-002267,2026-04-27,M-009,LINE-03,S2,Operator Delay,7.2,No
DT-002268,2026-05-18,M-012,LINE-04,S2,Electrical Failure,22.9,No
DT-002269,2026-04-12,M-010,LINE-04,S2,Preventive Maintenance,19.8,Yes
DT-002270,2026-04-19,M-004,LINE-02,S1,Mechanical Failure,64.6,No
DT-002271,2026-05-16,M-005,LINE-02,S1,Cleaning,13.3,No
DT-002272,2026-06-07,M-009,LINE-03,S1,Material Shortage,11.4,No
DT-002273,2026-03-19,M-012,LINE-04,S2,Mechanical Failure,29.6,No
DT-002274,2026-03-23,M-009,LINE-03,S2,Mechanical Failure,80.4,No
DT-002275,2026-06-07,M-004,LINE-02,S1,Mechanical Failure,43.0,No
DT-002276,2026-04-21,M-004,LINE-02,S2,Material Shortage,15.7,No
DT-002277,2026-04-24,M-006,LINE-02,S1,Mechanical Failure,22.3,No
DT-002278,2026-02-18,M-001,LINE-01,S2,Quality Hold,5.9,No
DT-002279,2026-03-11,M-012,LINE-04,S3,Mechanical Failure,52.0,No
DT-002280,2026-04-25,M-008,LINE-03,S1,Electrical Failure,16.5,No
DT-002281,2026-03-12,M-009,LINE-03,S2,Electrical Failure,26.3,No
DT-002282,2026-03-17,M-003,LINE-01,S3,Changeover,15.6,Yes
DT-002283,2026-01-05,M-001,LINE-01,S2,Mechanical Failure,69.3,No
DT-002284,2026-03-21,M-010,LINE-04,S1,Mechanical Failure,32.6,No
DT-002285,2026-04-28,M-011,LINE-04,S3,Cleaning,10.9,No
DT-002286,2026-02-17,M-009,LINE-03,S1,Quality Hold,29.6,No
DT-002287,2026-01-12,M-001,LINE-01,S2,Mechanical Failure,29.0,No
DT-002288,2026-04-28,M-006,LINE-02,S1,Electrical Failure,12.2,No
DT-002289,2026-01-28,M-008,LINE-03,S1,Preventive Maintenance,34.1,Yes
DT-002290,2026-01-04,M-011,LINE-04,S1,Material Shortage,19.0,No
DT-002291,2026-04-04,M-008,LINE-03,S2,Cleaning,8.6,No
DT-002292,2026-05-30,M-002,LINE-01,S3,Mechanical Failure,36.9,No
DT-002293,2026-03-28,M-003,LINE-01,S1,Operator Delay,35.6,No
DT-002294,2026-01-25,M-006,LINE-02,S2,Preventive Maintenance,24.8,Yes
DT-002295,2026-05-23,M-008,LINE-03,S1,Mechanical Failure,82.9,No
DT-002296,2026-01-23,M-002,LINE-01,S2,Material Shortage,72.5,No
DT-002297,2026-03-29,M-005,LINE-02,S1,Operator Delay,5.1,No
DT-002298,2026-06-05,M-005,LINE-02,S1,Mechanical Failure,30.2,No
DT-002299,2026-03-18,M-009,LINE-03,S3,Electrical Failure,38.7,No
DT-002300,2026-05-14,M-006,LINE-02,S2,Mechanical Failure,21.7,No
DT-002301,2026-01-07,M-004,LINE-02,S1,Operator Delay,34.0,No
DT-002302,2026-04-19,M-005,LINE-02,S3,Operator Delay,27.4,No
DT-002303,2026-03-31,M-008,LINE-03,S2,Electrical Failure,33.8,No
DT-002304,2026-01-12,M-004,LINE-02,S3,Material Shortage,19.6,No
DT-002305,2026-02-03,M-005,LINE-02,S1,Mechanical Failure,3.0,No
DT-002306,2026-01-19,M-011,LINE-04,S1,Changeover,7.4,Yes
DT-002307,2026-04-20,M-012,LINE-04,S1,Quality Hold,38.1,No
DT-002308,2026-01-16,M-009,LINE-03,S1,Mechanical Failure,16.7,No
DT-002309,2026-03-22,M-011,LINE-04,S1,Cleaning,23.3,No
DT-002310,2026-02-09,M-009,LINE-03,S1,Changeover,35.3,Yes
DT-002311,2026-05-22,M-007,LINE-03,S3,Mechanical Failure,53.2,No
DT-002312,2026-02-11,M-008,LINE-03,S1,Electrical Failure,16.9,No
DT-002313,2026-01-17,M-006,LINE-02,S1,Electrical Failure,56.3,No
DT-002314,2026-02-28,M-010,LINE-04,S1,Electrical Failure,13.1,No
DT-002315,2026-01-31,M-005,LINE-02,S3,Electrical Failure,33.0,No
DT-002316,2026-05-11,M-009,LINE-03,S1,Electrical Failure,48.4,No
DT-002317,2026-01-17,M-001,LINE-01,S1,Mechanical Failure,11.5,No
DT-002318,2026-01-25,M-003,LINE-01,S2,Changeover,7.7,Yes
DT-002319,2026-06-13,M-010,LINE-04,S1,Changeover,23.7,Yes
DT-002320,2026-04-27,M-010,LINE-04,S2,Material Shortage,13.8,No
DT-002321,2026-02-04,M-006,LINE-02,S1,Mechanical Failure,125.8,No
DT-002322,2026-06-08,M-002,LINE-01,S1,Electrical Failure,28.7,No
DT-002323,2026-03-09,M-010,LINE-04,S3,Mechanical Failure,24.4,No
DT-002324,2026-01-04,M-005,LINE-02,S2,Operator Delay,47.3,No
DT-002325,2026-01-27,M-012,LINE-04,S2,Changeover,42.2,Yes
DT-002326,2026-05-21,M-008,LINE-03,S1,Mechanical Failure,11.3,No
DT-002327,2026-06-25,M-004,LINE-02,S2,Mechanical Failure,80.4,No
DT-002328,2026-06-27,M-006,LINE-02,S1,Electrical Failure,27.6,No
DT-002329,2026-03-15,M-011,LINE-04,S2,Electrical Failure,4.9,No
DT-002330,2026-01-21,M-011,LINE-04,S2,Changeover,7.3,Yes
DT-002331,2026-05-30,M-002,LINE-01,S3,Mechanical Failure,30.5,No
DT-002332,2026-05-17,M-009,LINE-03,S1,Quality Hold,9.5,No
DT-002333,2026-04-03,M-007,LINE-03,S1,Electrical Failure,65.9,No
DT-002334,2026-02-26,M-003,LINE-01,S3,Mechanical Failure,36.7,No
DT-002335,2026-04-06,M-001,LINE-01,S2,Electrical Failure,49.7,No
DT-002336,2026-03-17,M-009,LINE-03,S1,Cleaning,16.0,No
DT-002337,2026-04-22,M-002,LINE-01,S3,Electrical Failure,10.8,No
DT-002338,2026-03-16,M-001,LINE-01,S3,Mechanical Failure,5.5,No
DT-002339,2026-04-04,M-010,LINE-04,S3,Electrical Failure,9.4,No
DT-002340,2026-03-27,M-012,LINE-04,S2,Operator Delay,19.7,No
DT-002341,2026-02-14,M-005,LINE-02,S3,Mechanical Failure,44.0,No
DT-002342,2026-03-22,M-006,LINE-02,S3,Quality Hold,20.4,No
DT-002343,2026-02-26,M-004,LINE-02,S1,Mechanical Failure,7.9,No
DT-002344,2026-01-05,M-010,LINE-04,S3,Operator Delay,37.0,No
DT-002345,2026-01-19,M-008,LINE-03,S1,Mechanical Failure,31.6,No
DT-002346,2026-01-20,M-005,LINE-02,S2,Electrical Failure,65.9,No
DT-002347,2026-05-16,M-003,LINE-01,S3,Operator Delay,6.4,No
DT-002348,2026-05-30,M-010,LINE-04,S1,Mechanical Failure,30.2,No
DT-002349,2026-02-20,M-010,LINE-04,S3,Electrical Failure,77.8,No
DT-002350,2026-05-14,M-004,LINE-02,S1,Mechanical Failure,25.9,No
DT-002351,2026-03-31,M-001,LINE-01,S1,Mechanical Failure,13.7,No
DT-002352,2026-02-01,M-011,LINE-04,S1,Mechanical Failure,164.8,No
DT-002353,2026-03-25,M-008,LINE-03,S1,Changeover,63.4,Yes
DT-002354,2026-02-27,M-003,LINE-01,S2,Mechanical Failure,35.7,No
DT-002355,2026-04-24,M-003,LINE-01,S2,Material Shortage,24.9,No
DT-002356,2026-02-22,M-006,LINE-02,S3,Electrical Failure,87.2,No
DT-002357,2026-02-23,M-003,LINE-01,S1,Mechanical Failure,3.1,No
DT-002358,2026-06-16,M-010,LINE-04,S2,Electrical Failure,22.0,No
DT-002359,2026-04-07,M-004,LINE-02,S2,Operator Delay,6.4,No
DT-002360,2026-01-26,M-002,LINE-01,S1,Changeover,4.7,Yes
DT-002361,2026-03-16,M-002,LINE-01,S2,Preventive Maintenance,28.2,Yes
DT-002362,2026-01-13,M-009,LINE-03,S3,Electrical Failure,17.1,No
DT-002363,2026-05-22,M-004,LINE-02,S3,Material Shortage,60.5,No
DT-002364,2026-03-25,M-001,LINE-01,S2,Mechanical Failure,10.8,No
DT-002365,2026-01-28,M-001,LINE-01,S2,Material Shortage,30.3,No
DT-002366,2026-05-05,M-002,LINE-01,S2,Preventive Maintenance,31.2,Yes
DT-002367,2026-06-06,M-011,LINE-04,S3,Material Shortage,52.1,No
DT-002368,2026-04-02,M-011,LINE-04,S1,Quality Hold,14.7,No
DT-002369,2026-03-20,M-004,LINE-02,S1,Electrical Failure,13.9,No
DT-002370,2026-02-19,M-008,LINE-03,S2,Electrical Failure,46.7,No
DT-002371,2026-05-26,M-003,LINE-01,S1,Material Shortage,40.4,No
DT-002372,2026-01-09,M-006,LINE-02,S3,Quality Hold,12.6,No
DT-002373,2026-01-03,M-003,LINE-01,S1,Material Shortage,37.3,No
DT-002374,2026-05-14,M-001,LINE-01,S1,Electrical Failure,12.5,No
DT-002375,2026-05-10,M-008,LINE-03,S1,Electrical Failure,93.0,No
DT-002376,2026-04-24,M-012,LINE-04,S2,Material Shortage,56.8,No
DT-002377,2026-03-19,M-010,LINE-04,S3,Material Shortage,13.5,No
DT-002378,2026-02-10,M-012,LINE-04,S1,Changeover,56.5,Yes
DT-002379,2026-01-19,M-008,LINE-03,S1,Operator Delay,20.0,No
DT-002380,2026-03-26,M-004,LINE-02,S2,Material Shortage,7.1,No
DT-002381,2026-06-03,M-009,LINE-03,S2,Mechanical Failure,139.8,No
DT-002382,2026-01-02,M-009,LINE-03,S1,Electrical Failure,19.2,No
DT-002383,2026-05-07,M-009,LINE-03,S2,Quality Hold,17.2,No
DT-002384,2026-06-06,M-004,LINE-02,S1,Changeover,7.9,Yes
DT-002385,2026-04-30,M-006,LINE-02,S3,Mechanical Failure,37.3,No
DT-002386,2026-06-13,M-010,LINE-04,S2,Operator Delay,28.1,No
DT-002387,2026-02-06,M-009,LINE-03,S1,Material Shortage,5.3,No
DT-002388,2026-02-21,M-003,LINE-01,S1,Electrical Failure,92.4,No
DT-002389,2026-02-11,M-005,LINE-02,S3,Electrical Failure,12.8,No
DT-002390,2026-02-04,M-003,LINE-01,S1,Preventive Maintenance,42.9,Yes
DT-002391,2026-04-22,M-007,LINE-03,S1,Mechanical Failure,55.4,No
DT-002392,2026-06-03,M-011,LINE-04,S1,Changeover,3.0,Yes
DT-002393,2026-03-01,M-001,LINE-01,S1,Electrical Failure,9.5,No
DT-002394,2026-01-09,M-009,LINE-03,S3,Mechanical Failure,5.9,No
DT-002395,2026-01-15,M-007,LINE-03,S3,Preventive Maintenance,3.0,Yes
DT-002396,2026-05-01,M-002,LINE-01,S3,Changeover,47.7,Yes
DT-002397,2026-04-08,M-001,LINE-01,S3,Preventive Maintenance,10.1,Yes
DT-002398,2026-04-21,M-006,LINE-02,S1,Preventive Maintenance,44.8,Yes
DT-002399,2026-03-02,M-009,LINE-03,S1,Material Shortage,55.9,No
DT-002400,2026-04-28,M-007,LINE-03,S2,Material Shortage,44.4,No
DT-002401,2026-03-02,M-001,LINE-01,S3,Electrical Failure,45.6,No
DT-002402,2026-06-24,M-004,LINE-02,S1,Changeover,57.1,Yes
DT-002403,2026-01-31,M-004,LINE-02,S3,Preventive Maintenance,49.6,Yes
DT-002404,2026-06-13,M-005,LINE-02,S2,Cleaning,12.5,No
DT-002405,2026-04-28,M-003,LINE-01,S2,Mechanical Failure,20.1,No
DT-002406,2026-06-04,M-002,LINE-01,S1,Operator Delay,15.9,No
DT-002407,2026-01-24,M-001,LINE-01,S2,Mechanical Failure,40.5,No
DT-002408,2026-05-25,M-011,LINE-04,S1,Changeover,32.0,Yes
DT-002409,2026-03-27,M-005,LINE-02,S1,Mechanical Failure,64.3,No
DT-002410,2026-03-18,M-009,LINE-03,S1,Quality Hold,17.1,No
DT-002411,2026-04-03,M-004,LINE-02,S1,Mechanical Failure,3.0,No
DT-002412,2026-05-07,M-012,LINE-04,S2,Electrical Failure,90.6,No
DT-002413,2026-04-06,M-008,LINE-03,S3,Electrical Failure,21.8,No
DT-002414,2026-06-25,M-001,LINE-01,S3,Mechanical Failure,80.7,No
DT-002415,2026-02-19,M-002,LINE-01,S2,Material Shortage,36.6,No
DT-002416,2026-05-30,M-007,LINE-03,S2,Changeover,3.0,Yes
DT-002417,2026-01-15,M-001,LINE-01,S1,Mechanical Failure,70.4,No
DT-002418,2026-02-01,M-010,LINE-04,S2,Material Shortage,19.7,No
DT-002419,2026-01-03,M-004,LINE-02,S2,Electrical Failure,61.2,No
DT-002420,2026-04-13,M-006,LINE-02,S1,Material Shortage,19.4,No
DT-002421,2026-01-17,M-001,LINE-01,S1,Changeover,24.6,Yes
DT-002422,2026-01-13,M-006,LINE-02,S3,Mechanical Failure,12.8,No
DT-002423,2026-06-28,M-007,LINE-03,S2,Mechanical Failure,22.6,No
DT-002424,2026-05-09,M-004,LINE-02,S3,Material Shortage,26.9,No
DT-002425,2026-05-18,M-006,LINE-02,S2,Mechanical Failure,15.3,No
DT-002426,2026-04-24,M-001,LINE-01,S3,Mechanical Failure,79.0,No
DT-002427,2026-05-05,M-002,LINE-01,S3,Mechanical Failure,102.3,No
DT-002428,2026-01-07,M-008,LINE-03,S1,Cleaning,17.5,No
DT-002429,2026-06-23,M-012,LINE-04,S3,Mechanical Failure,26.6,No
DT-002430,2026-04-20,M-008,LINE-03,S3,Mechanical Failure,70.2,No
DT-002431,2026-06-20,M-008,LINE-03,S1,Electrical Failure,31.9,No
DT-002432,2026-04-04,M-012,LINE-04,S3,Electrical Failure,52.2,No
DT-002433,2026-05-27,M-012,LINE-04,S3,Preventive Maintenance,71.5,Yes
DT-002434,2026-03-13,M-004,LINE-02,S2,Mechanical Failure,71.9,No
DT-002435,2026-05-15,M-001,LINE-01,S3,Electrical Failure,74.3,No
DT-002436,2026-04-17,M-009,LINE-03,S2,Electrical Failure,35.1,No
DT-002437,2026-04-11,M-005,LINE-02,S1,Preventive Maintenance,9.4,Yes
DT-002438,2026-04-06,M-012,LINE-04,S1,Mechanical Failure,16.0,No
DT-002439,2026-02-04,M-005,LINE-02,S1,Material Shortage,18.8,No
DT-002440,2026-02-04,M-011,LINE-04,S2,Quality Hold,3.3,No
DT-002441,2026-02-28,M-002,LINE-01,S3,Cleaning,5.7,No
DT-002442,2026-04-15,M-010,LINE-04,S1,Mechanical Failure,69.3,No
DT-002443,2026-02-20,M-006,LINE-02,S1,Electrical Failure,60.8,No
DT-002444,2026-03-20,M-004,LINE-02,S2,Electrical Failure,34.9,No
DT-002445,2026-04-27,M-012,LINE-04,S2,Material Shortage,15.0,No
DT-002446,2026-06-13,M-009,LINE-03,S2,Mechanical Failure,21.1,No
DT-002447,2026-05-15,M-008,LINE-03,S1,Electrical Failure,104.0,No
DT-002448,2026-03-10,M-003,LINE-01,S1,Quality Hold,39.4,No
DT-002449,2026-03-12,M-003,LINE-01,S3,Quality Hold,33.3,No
DT-002450,2026-04-01,M-012,LINE-04,S1,Cleaning,9.4,No
DT-002451,2026-05-30,M-009,LINE-03,S2,Material Shortage,12.7,No
DT-002452,2026-06-12,M-005,LINE-02,S2,Electrical Failure,45.7,No
DT-002453,2026-02-25,M-001,LINE-01,S2,Mechanical Failure,36.4,No
DT-002454,2026-04-25,M-004,LINE-02,S1,Preventive Maintenance,22.2,Yes
DT-002455,2026-04-13,M-012,LINE-04,S2,Changeover,3.0,Yes
DT-002456,2026-01-29,M-004,LINE-02,S1,Operator Delay,21.4,No
DT-002457,2026-05-30,M-001,LINE-01,S2,Operator Delay,22.5,No
DT-002458,2026-04-22,M-010,LINE-04,S2,Material Shortage,34.2,No
DT-002459,2026-01-08,M-010,LINE-04,S1,Preventive Maintenance,24.8,Yes
DT-002460,2026-02-02,M-007,LINE-03,S1,Mechanical Failure,63.6,No
DT-002461,2026-03-06,M-006,LINE-02,S1,Changeover,55.1,Yes
DT-002462,2026-01-24,M-007,LINE-03,S1,Mechanical Failure,7.8,No
DT-002463,2026-06-27,M-001,LINE-01,S1,Material Shortage,14.3,No
DT-002464,2026-04-18,M-008,LINE-03,S1,Electrical Failure,18.2,No
DT-002465,2026-05-27,M-007,LINE-03,S1,Electrical Failure,26.1,No
DT-002466,2026-05-16,M-007,LINE-03,S1,Mechanical Failure,84.9,No
DT-002467,2026-01-21,M-009,LINE-03,S3,Material Shortage,28.4,No
DT-002468,2026-06-15,M-008,LINE-03,S3,Mechanical Failure,47.0,No
DT-002469,2026-03-12,M-003,LINE-01,S1,Quality Hold,27.2,No
DT-002470,2026-02-22,M-008,LINE-03,S3,Operator Delay,17.1,No
DT-002471,2026-06-16,M-012,LINE-04,S3,Mechanical Failure,66.2,No
DT-002472,2026-03-18,M-006,LINE-02,S2,Electrical Failure,44.4,No
DT-002473,2026-01-20,M-001,LINE-01,S3,Mechanical Failure,47.9,No
DT-002474,2026-01-21,M-012,LINE-04,S3,Quality Hold,6.3,No
DT-002475,2026-05-14,M-011,LINE-04,S2,Mechanical Failure,39.4,No
DT-002476,2026-03-26,M-009,LINE-03,S2,Electrical Failure,28.5,No
DT-002477,2026-03-28,M-010,LINE-04,S1,Material Shortage,6.7,No
DT-002478,2026-05-04,M-011,LINE-04,S1,Mechanical Failure,11.7,No
DT-002479,2026-02-18,M-002,LINE-01,S2,Mechanical Failure,46.8,No
DT-002480,2026-06-13,M-005,LINE-02,S1,Changeover,11.5,Yes
DT-002481,2026-04-05,M-002,LINE-01,S3,Quality Hold,38.7,No
DT-002482,2026-06-27,M-010,LINE-04,S1,Operator Delay,9.0,No
DT-002483,2026-04-27,M-009,LINE-03,S1,Preventive Maintenance,19.9,Yes
DT-002484,2026-04-05,M-001,LINE-01,S2,Mechanical Failure,33.0,No
DT-002485,2026-06-23,M-002,LINE-01,S1,Operator Delay,14.3,No
DT-002486,2026-03-25,M-001,LINE-01,S3,Material Shortage,72.6,No
DT-002487,2026-06-05,M-003,LINE-01,S2,Operator Delay,12.7,No
DT-002488,2026-06-15,M-009,LINE-03,S2,Electrical Failure,13.6,No
DT-002489,2026-06-14,M-006,LINE-02,S2,Mechanical Failure,89.9,No
DT-002490,2026-02-28,M-008,LINE-03,S3,Electrical Failure,27.4,No
DT-002491,2026-01-30,M-001,LINE-01,S3,Material Shortage,87.1,No
DT-002492,2026-02-10,M-009,LINE-03,S1,Mechanical Failure,38.0,No
DT-002493,2026-06-09,M-005,LINE-02,S3,Cleaning,7.7,No
DT-002494,2026-01-25,M-007,LINE-03,S3,Preventive Maintenance,28.1,Yes
DT-002495,2026-04-02,M-009,LINE-03,S2,Mechanical Failure,73.3,No
DT-002496,2026-02-27,M-003,LINE-01,S3,Preventive Maintenance,43.9,Yes
DT-002497,2026-06-16,M-012,LINE-04,S1,Mechanical Failure,16.1,No
DT-002498,2026-03-02,M-008,LINE-03,S1,Changeover,24.5,Yes
DT-002499,2026-01-19,M-002,LINE-01,S1,Mechanical Failure,59.8,No
DT-002500,2026-02-16,M-002,LINE-01,S2,Electrical Failure,37.8,No
DT-002501,2026-02-16,M-011,LINE-04,S2,Electrical Failure,43.9,No
DT-002502,2026-06-14,M-009,LINE-03,S1,Changeover,30.0,Yes
DT-002503,2026-02-27,M-002,LINE-01,S3,Material Shortage,18.0,No
DT-002504,2026-06-10,M-006,LINE-02,S1,Operator Delay,6.1,No
DT-002505,2026-03-08,M-003,LINE-01,S3,Quality Hold,25.5,No
DT-002506,2026-05-04,M-010,LINE-04,S2,Preventive Maintenance,34.3,Yes
DT-002507,2026-03-06,M-005,LINE-02,S2,Mechanical Failure,39.5,No
DT-002508,2026-05-23,M-007,LINE-03,S2,Material Shortage,29.1,No
DT-002509,2026-04-06,M-001,LINE-01,S2,Changeover,10.9,Yes
DT-002510,2026-03-06,M-006,LINE-02,S3,Changeover,5.3,Yes
DT-002511,2026-06-04,M-001,LINE-01,S1,Preventive Maintenance,29.4,Yes
DT-002512,2026-03-26,M-007,LINE-03,S1,Electrical Failure,5.9,No
DT-002513,2026-03-29,M-006,LINE-02,S1,Electrical Failure,6.7,No
DT-002514,2026-04-01,M-008,LINE-03,S1,Material Shortage,64.3,No
DT-002515,2026-06-22,M-003,LINE-01,S3,Electrical Failure,79.4,No
DT-002516,2026-02-04,M-006,LINE-02,S1,Changeover,4.1,Yes
DT-002517,2026-06-01,M-003,LINE-01,S3,Mechanical Failure,57.0,No
DT-002518,2026-04-18,M-007,LINE-03,S3,Operator Delay,17.9,No
DT-002519,2026-02-04,M-004,LINE-02,S3,Electrical Failure,82.2,No
DT-002520,2026-05-23,M-001,LINE-01,S1,Mechanical Failure,27.0,No
DT-002521,2026-04-04,M-005,LINE-02,S1,Electrical Failure,37.0,No
DT-002522,2026-04-28,M-010,LINE-04,S1,Operator Delay,18.8,No
DT-002523,2026-06-18,M-008,LINE-03,S3,Changeover,29.1,Yes
DT-002524,2026-04-16,M-012,LINE-04,S1,Changeover,14.1,Yes
DT-002525,2026-05-01,M-010,LINE-04,S3,Changeover,3.0,Yes
DT-002526,2026-05-13,M-009,LINE-03,S2,Mechanical Failure,43.0,No
DT-002527,2026-04-11,M-009,LINE-03,S1,Mechanical Failure,21.2,No
DT-002528,2026-05-23,M-002,LINE-01,S1,Quality Hold,25.0,No
DT-002529,2026-02-02,M-012,LINE-04,S2,Operator Delay,11.1,No
DT-002530,2026-04-26,M-001,LINE-01,S3,Mechanical Failure,32.8,No
DT-002531,2026-04-27,M-004,LINE-02,S1,Electrical Failure,18.4,No
DT-002532,2026-06-15,M-010,LINE-04,S1,Operator Delay,8.5,No
DT-002533,2026-05-03,M-004,LINE-02,S2,Electrical Failure,37.5,No
DT-002534,2026-02-07,M-009,LINE-03,S3,Electrical Failure,66.4,No
DT-002535,2026-05-02,M-008,LINE-03,S3,Mechanical Failure,32.3,No
DT-002536,2026-01-01,M-005,LINE-02,S2,Changeover,28.5,Yes
DT-002537,2026-03-08,M-005,LINE-02,S3,Material Shortage,10.6,No
DT-002538,2026-05-13,M-004,LINE-02,S3,Electrical Failure,17.0,No
DT-002539,2026-04-20,M-004,LINE-02,S1,Electrical Failure,23.5,No
DT-002540,2026-05-13,M-003,LINE-01,S1,Changeover,6.4,Yes
DT-002541,2026-06-27,M-006,LINE-02,S2,Electrical Failure,27.2,No
DT-002542,2026-03-31,M-011,LINE-04,S2,Quality Hold,13.8,No
DT-002543,2026-05-08,M-012,LINE-04,S1,Cleaning,40.8,No
DT-002544,2026-02-27,M-002,LINE-01,S3,Material Shortage,47.0,No
DT-002545,2026-05-16,M-011,LINE-04,S1,Mechanical Failure,33.9,No
DT-002546,2026-04-23,M-011,LINE-04,S2,Operator Delay,20.7,No
DT-002547,2026-06-01,M-012,LINE-04,S1,Changeover,3.7,Yes
DT-002548,2026-04-18,M-002,LINE-01,S3,Operator Delay,52.3,No
DT-002549,2026-01-27,M-010,LINE-04,S2,Material Shortage,32.8,No
DT-002550,2026-05-17,M-002,LINE-01,S3,Material Shortage,13.4,No
DT-002551,2026-03-29,M-008,LINE-03,S3,Mechanical Failure,28.5,No
DT-002552,2026-05-11,M-006,LINE-02,S2,Material Shortage,14.7,No
DT-002553,2026-01-18,M-004,LINE-02,S3,Cleaning,40.5,No
DT-002554,2026-03-25,M-004,LINE-02,S3,Mechanical Failure,47.0,No
DT-002555,2026-04-18,M-001,LINE-01,S1,Cleaning,5.5,No
DT-002556,2026-02-20,M-009,LINE-03,S2,Changeover,3.0,Yes
DT-002557,2026-01-21,M-009,LINE-03,S1,Electrical Failure,34.5,No
DT-002558,2026-04-19,M-007,LINE-03,S1,Mechanical Failure,6.7,No
DT-002559,2026-06-14,M-010,LINE-04,S3,Mechanical Failure,10.5,No
DT-002560,2026-03-28,M-006,LINE-02,S1,Electrical Failure,33.5,No
DT-002561,2026-04-19,M-005,LINE-02,S1,Quality Hold,33.1,No
DT-002562,2026-04-15,M-009,LINE-03,S3,Quality Hold,7.1,No
DT-002563,2026-02-20,M-005,LINE-02,S1,Preventive Maintenance,43.2,Yes
DT-002564,2026-02-10,M-006,LINE-02,S2,Mechanical Failure,67.3,No
DT-002565,2026-04-10,M-007,LINE-03,S3,Cleaning,10.9,No
DT-002566,2026-05-07,M-004,LINE-02,S1,Preventive Maintenance,80.4,Yes
DT-002567,2026-06-20,M-011,LINE-04,S3,Changeover,54.3,Yes
DT-002568,2026-03-22,M-010,LINE-04,S2,Material Shortage,5.1,No
DT-002569,2026-04-11,M-010,LINE-04,S1,Material Shortage,8.9,No
DT-002570,2026-03-23,M-007,LINE-03,S3,Material Shortage,7.1,No
DT-002571,2026-06-03,M-008,LINE-03,S1,Mechanical Failure,111.0,No
DT-002572,2026-06-05,M-001,LINE-01,S1,Operator Delay,23.9,No
DT-002573,2026-04-22,M-007,LINE-03,S3,Preventive Maintenance,44.0,Yes
DT-002574,2026-03-26,M-001,LINE-01,S1,Material Shortage,3.0,No
DT-002575,2026-05-28,M-005,LINE-02,S3,Preventive Maintenance,37.4,Yes
DT-002576,2026-01-11,M-002,LINE-01,S1,Mechanical Failure,76.5,No
DT-002577,2026-02-17,M-006,LINE-02,S2,Preventive Maintenance,34.6,Yes
DT-002578,2026-05-01,M-007,LINE-03,S2,Changeover,45.9,Yes
DT-002579,2026-01-28,M-006,LINE-02,S3,Electrical Failure,68.7,No
DT-002580,2026-05-24,M-007,LINE-03,S2,Cleaning,8.6,No
DT-002581,2026-06-23,M-003,LINE-01,S1,Cleaning,9.2,No
DT-002582,2026-05-06,M-007,LINE-03,S1,Mechanical Failure,12.8,No
DT-002583,2026-03-17,M-008,LINE-03,S1,Mechanical Failure,6.1,No
DT-002584,2026-02-16,M-004,LINE-02,S1,Mechanical Failure,34.9,No
DT-002585,2026-03-25,M-009,LINE-03,S2,Mechanical Failure,16.4,No
DT-002586,2026-04-18,M-002,LINE-01,S2,Preventive Maintenance,27.3,Yes
DT-002587,2026-01-27,M-004,LINE-02,S2,Cleaning,16.7,No
DT-002588,2026-05-26,M-012,LINE-04,S1,Electrical Failure,12.2,No
DT-002589,2026-03-07,M-007,LINE-03,S1,Quality Hold,13.8,No
DT-002590,2026-02-26,M-001,LINE-01,S1,Mechanical Failure,26.3,No
DT-002591,2026-04-04,M-008,LINE-03,S1,Electrical Failure,4.6,No
DT-002592,2026-03-03,M-009,LINE-03,S1,Changeover,3.9,Yes
DT-002593,2026-01-16,M-006,LINE-02,S3,Mechanical Failure,18.6,No
DT-002594,2026-06-18,M-002,LINE-01,S2,Cleaning,13.6,No
DT-002595,2026-05-25,M-009,LINE-03,S1,Cleaning,6.8,No
DT-002596,2026-03-30,M-006,LINE-02,S1,Electrical Failure,51.3,No
DT-002597,2026-04-15,M-004,LINE-02,S1,Mechanical Failure,37.0,No
DT-002598,2026-05-01,M-009,LINE-03,S3,Changeover,19.3,Yes
DT-002599,2026-04-01,M-010,LINE-04,S1,Quality Hold,53.7,No
DT-002600,2026-02-01,M-003,LINE-01,S2,Preventive Maintenance,36.7,Yes
DT-002601,2026-03-21,M-011,LINE-04,S1,Mechanical Failure,13.7,No
DT-002602,2026-06-21,M-012,LINE-04,S1,Electrical Failure,16.5,No
DT-002603,2026-06-06,M-007,LINE-03,S2,Electrical Failure,72.9,No
DT-002604,2026-01-20,M-008,LINE-03,S3,Quality Hold,18.2,No
DT-002605,2026-06-21,M-012,LINE-04,S1,Changeover,9.4,Yes
DT-002606,2026-01-25,M-004,LINE-02,S1,Operator Delay,11.8,No
DT-002607,2026-04-24,M-002,LINE-01,S2,Quality Hold,18.4,No
DT-002608,2026-03-25,M-002,LINE-01,S1,Material Shortage,27.7,No
DT-002609,2026-03-31,M-006,LINE-02,S2,Cleaning,10.3,No
DT-002610,2026-04-16,M-007,LINE-03,S3,Mechanical Failure,73.4,No
DT-002611,2026-04-25,M-004,LINE-02,S3,Electrical Failure,10.1,No
DT-002612,2026-01-27,M-007,LINE-03,S1,Mechanical Failure,75.6,No
DT-002613,2026-02-23,M-010,LINE-04,S2,Changeover,26.7,Yes
DT-002614,2026-03-27,M-003,LINE-01,S1,Material Shortage,13.0,No
DT-002615,2026-01-13,M-012,LINE-04,S1,Operator Delay,22.3,No
DT-002616,2026-05-05,M-005,LINE-02,S3,Material Shortage,34.5,No
DT-002617,2026-03-17,M-010,LINE-04,S2,Material Shortage,21.3,No
DT-002618,2026-03-27,M-007,LINE-03,S3,Material Shortage,7.1,No
DT-002619,2026-05-15,M-008,LINE-03,S3,Mechanical Failure,26.5,No
DT-002620,2026-02-28,M-010,LINE-04,S1,Mechanical Failure,18.9,No
DT-002621,2026-06-29,M-001,LINE-01,S2,Material Shortage,18.7,No
DT-002622,2026-01-05,M-012,LINE-04,S1,Mechanical Failure,89.9,No
DT-002623,2026-05-20,M-002,LINE-01,S3,Mechanical Failure,63.9,No
DT-002624,2026-02-23,M-011,LINE-04,S1,Mechanical Failure,13.8,No
DT-002625,2026-04-18,M-007,LINE-03,S2,Changeover,7.9,Yes
DT-002626,2026-01-28,M-004,LINE-02,S2,Material Shortage,41.2,No
DT-002627,2026-02-23,M-011,LINE-04,S1,Operator Delay,46.9,No
DT-002628,2026-06-05,M-012,LINE-04,S1,Material Shortage,6.5,No
DT-002629,2026-05-25,M-001,LINE-01,S3,Mechanical Failure,43.4,No
DT-002630,2026-01-26,M-005,LINE-02,S2,Mechanical Failure,44.8,No
DT-002631,2026-05-14,M-011,LINE-04,S1,Cleaning,6.1,No
DT-002632,2026-06-21,M-002,LINE-01,S2,Material Shortage,57.9,No
DT-002633,2026-03-06,M-011,LINE-04,S3,Material Shortage,18.0,No
DT-002634,2026-01-03,M-003,LINE-01,S2,Changeover,6.4,Yes
DT-002635,2026-06-27,M-002,LINE-01,S1,Mechanical Failure,115.3,No
DT-002636,2026-05-23,M-007,LINE-03,S1,Preventive Maintenance,26.8,Yes
DT-002637,2026-01-21,M-002,LINE-01,S3,Mechanical Failure,5.8,No
DT-002638,2026-01-13,M-008,LINE-03,S2,Material Shortage,38.9,No
DT-002639,2026-05-22,M-011,LINE-04,S1,Mechanical Failure,53.9,No
DT-002640,2026-05-29,M-006,LINE-02,S2,Material Shortage,28.1,No
DT-002641,2026-02-24,M-012,LINE-04,S1,Preventive Maintenance,23.9,Yes
DT-002642,2026-03-18,M-010,LINE-04,S1,Changeover,37.4,Yes
DT-002643,2026-05-26,M-009,LINE-03,S2,Mechanical Failure,7.5,No
DT-002644,2026-02-12,M-002,LINE-01,S1,Mechanical Failure,17.4,No
DT-002645,2026-06-04,M-005,LINE-02,S3,Mechanical Failure,10.3,No
DT-002646,2026-01-20,M-011,LINE-04,S1,Material Shortage,40.1,No
DT-002647,2026-05-19,M-007,LINE-03,S2,Changeover,28.7,Yes
DT-002648,2026-01-21,M-010,LINE-04,S1,Material Shortage,20.9,No
DT-002649,2026-05-06,M-007,LINE-03,S1,Electrical Failure,50.1,No
DT-002650,2026-05-25,M-007,LINE-03,S2,Changeover,4.8,Yes
DT-002651,2026-05-08,M-009,LINE-03,S1,Preventive Maintenance,51.6,Yes
DT-002652,2026-04-13,M-003,LINE-01,S1,Cleaning,12.8,No
DT-002653,2026-03-22,M-009,LINE-03,S1,Changeover,31.8,Yes
DT-002654,2026-05-18,M-010,LINE-04,S2,Operator Delay,29.3,No
DT-002655,2026-03-06,M-004,LINE-02,S3,Mechanical Failure,95.6,No
DT-002656,2026-03-06,M-010,LINE-04,S1,Mechanical Failure,41.8,No
DT-002657,2026-03-03,M-005,LINE-02,S3,Operator Delay,17.7,No
DT-002658,2026-03-15,M-003,LINE-01,S2,Cleaning,53.5,No
DT-002659,2026-01-12,M-011,LINE-04,S1,Material Shortage,32.1,No
DT-002660,2026-03-30,M-001,LINE-01,S3,Quality Hold,14.1,No
DT-002661,2026-05-26,M-003,LINE-01,S1,Material Shortage,58.0,No
DT-002662,2026-06-06,M-002,LINE-01,S3,Quality Hold,24.5,No
DT-002663,2026-05-20,M-009,LINE-03,S2,Cleaning,3.0,No
DT-002664,2026-03-20,M-004,LINE-02,S1,Quality Hold,3.0,No
DT-002665,2026-03-26,M-008,LINE-03,S1,Changeover,22.2,Yes
DT-002666,2026-04-05,M-002,LINE-01,S2,Cleaning,9.6,No
DT-002667,2026-06-02,M-009,LINE-03,S2,Preventive Maintenance,13.3,Yes
DT-002668,2026-02-09,M-012,LINE-04,S3,Material Shortage,41.0,No
DT-002669,2026-04-16,M-003,LINE-01,S3,Electrical Failure,173.2,No
DT-002670,2026-04-07,M-001,LINE-01,S1,Preventive Maintenance,12.0,Yes
DT-002671,2026-06-12,M-010,LINE-04,S2,Electrical Failure,93.7,No
DT-002672,2026-03-11,M-002,LINE-01,S1,Cleaning,15.8,No
DT-002673,2026-01-13,M-007,LINE-03,S2,Changeover,48.4,Yes
DT-002674,2026-03-25,M-009,LINE-03,S3,Operator Delay,26.8,No
DT-002675,2026-01-11,M-005,LINE-02,S3,Mechanical Failure,27.8,No
DT-002676,2026-02-16,M-012,LINE-04,S1,Mechanical Failure,38.5,No
DT-002677,2026-05-05,M-011,LINE-04,S3,Electrical Failure,38.3,No
DT-002678,2026-05-10,M-010,LINE-04,S1,Electrical Failure,36.0,No
DT-002679,2026-02-23,M-008,LINE-03,S2,Mechanical Failure,17.2,No
DT-002680,2026-01-01,M-005,LINE-02,S3,Electrical Failure,13.3,No
DT-002681,2026-02-12,M-010,LINE-04,S3,Material Shortage,24.2,No
DT-002682,2026-03-30,M-009,LINE-03,S2,Operator Delay,69.6,No
DT-002683,2026-05-02,M-001,LINE-01,S2,Cleaning,22.5,No
DT-002684,2026-06-16,M-011,LINE-04,S1,Quality Hold,6.1,No
DT-002685,2026-05-22,M-003,LINE-01,S2,Electrical Failure,22.7,No
DT-002686,2026-06-22,M-007,LINE-03,S1,Electrical Failure,23.8,No
DT-002687,2026-06-19,M-002,LINE-01,S2,Operator Delay,29.2,No
DT-002688,2026-03-29,M-012,LINE-04,S2,Changeover,42.3,Yes
DT-002689,2026-04-07,M-008,LINE-03,S2,Cleaning,35.9,No
DT-002690,2026-04-18,M-010,LINE-04,S3,Material Shortage,14.6,No
DT-002691,2026-03-07,M-006,LINE-02,S2,Quality Hold,7.0,No
DT-002692,2026-05-17,M-008,LINE-03,S2,Electrical Failure,29.0,No
DT-002693,2026-03-30,M-001,LINE-01,S1,Material Shortage,75.5,No
DT-002694,2026-04-03,M-008,LINE-03,S2,Material Shortage,3.2,No
DT-002695,2026-05-03,M-008,LINE-03,S3,Operator Delay,23.5,No
DT-002696,2026-02-02,M-001,LINE-01,S2,Electrical Failure,48.1,No
DT-002697,2026-06-17,M-006,LINE-02,S1,Cleaning,19.7,No
DT-002698,2026-02-18,M-010,LINE-04,S1,Operator Delay,48.2,No
DT-002699,2026-04-27,M-002,LINE-01,S1,Material Shortage,9.2,No
DT-002700,2026-04-22,M-006,LINE-02,S2,Cleaning,8.7,No
DT-002701,2026-01-20,M-008,LINE-03,S2,Cleaning,16.0,No
DT-002702,2026-02-24,M-004,LINE-02,S1,Mechanical Failure,29.1,No
DT-002703,2026-01-23,M-011,LINE-04,S2,Mechanical Failure,29.2,No
DT-002704,2026-06-10,M-009,LINE-03,S3,Cleaning,28.7,No
DT-002705,2026-01-19,M-007,LINE-03,S2,Quality Hold,20.2,No
DT-002706,2026-01-30,M-006,LINE-02,S2,Mechanical Failure,73.4,No
DT-002707,2026-05-21,M-002,LINE-01,S1,Mechanical Failure,63.7,No
DT-002708,2026-02-10,M-005,LINE-02,S3,Quality Hold,11.1,No
DT-002709,2026-02-14,M-003,LINE-01,S1,Mechanical Failure,109.0,No
DT-002710,2026-06-02,M-008,LINE-03,S1,Quality Hold,52.3,No
DT-002711,2026-05-25,M-006,LINE-02,S3,Electrical Failure,14.7,No
DT-002712,2026-03-23,M-004,LINE-02,S1,Material Shortage,14.2,No
DT-002713,2026-06-06,M-002,LINE-01,S1,Quality Hold,28.9,No
DT-002714,2026-03-20,M-006,LINE-02,S1,Quality Hold,32.9,No
DT-002715,2026-04-12,M-001,LINE-01,S1,Changeover,48.9,Yes
DT-002716,2026-03-13,M-005,LINE-02,S3,Changeover,11.1,Yes
DT-002717,2026-06-06,M-009,LINE-03,S1,Electrical Failure,27.0,No
DT-002718,2026-04-18,M-012,LINE-04,S1,Mechanical Failure,43.3,No
DT-002719,2026-06-07,M-002,LINE-01,S1,Material Shortage,25.5,No
DT-002720,2026-02-06,M-011,LINE-04,S2,Mechanical Failure,66.4,No
DT-002721,2026-03-14,M-009,LINE-03,S2,Material Shortage,15.5,No
DT-002722,2026-01-24,M-007,LINE-03,S1,Material Shortage,14.1,No
DT-002723,2026-02-15,M-010,LINE-04,S3,Cleaning,15.7,No
DT-002724,2026-05-16,M-007,LINE-03,S3,Mechanical Failure,99.8,No
DT-002725,2026-06-26,M-001,LINE-01,S2,Changeover,62.8,Yes
DT-002726,2026-03-03,M-008,LINE-03,S2,Mechanical Failure,26.3,No
DT-002727,2026-06-16,M-002,LINE-01,S1,Preventive Maintenance,19.2,Yes
DT-002728,2026-05-17,M-003,LINE-01,S1,Material Shortage,48.7,No
DT-002729,2026-03-16,M-008,LINE-03,S1,Changeover,54.8,Yes
DT-002730,2026-04-06,M-005,LINE-02,S1,Material Shortage,17.0,No
DT-002731,2026-01-14,M-007,LINE-03,S3,Quality Hold,16.4,No
DT-002732,2026-06-22,M-012,LINE-04,S3,Cleaning,9.3,No
DT-002733,2026-06-14,M-004,LINE-02,S1,Electrical Failure,14.3,No
DT-002734,2026-06-06,M-007,LINE-03,S1,Operator Delay,14.0,No
DT-002735,2026-03-27,M-007,LINE-03,S1,Electrical Failure,21.2,No
DT-002736,2026-01-20,M-003,LINE-01,S1,Cleaning,37.9,No
DT-002737,2026-06-05,M-012,LINE-04,S1,Mechanical Failure,24.4,No
DT-002738,2026-02-28,M-009,LINE-03,S3,Mechanical Failure,56.8,No
DT-002739,2026-03-22,M-007,LINE-03,S3,Mechanical Failure,9.5,No
DT-002740,2026-03-15,M-010,LINE-04,S1,Electrical Failure,17.3,No
DT-002741,2026-04-19,M-005,LINE-02,S1,Mechanical Failure,50.9,No
DT-002742,2026-04-19,M-008,LINE-03,S1,Quality Hold,31.1,No
DT-002743,2026-01-09,M-012,LINE-04,S1,Mechanical Failure,26.0,No
DT-002744,2026-02-19,M-011,LINE-04,S2,Changeover,37.5,Yes
DT-002745,2026-01-19,M-002,LINE-01,S3,Material Shortage,30.5,No
DT-002746,2026-03-16,M-008,LINE-03,S1,Mechanical Failure,48.8,No
DT-002747,2026-02-03,M-012,LINE-04,S1,Operator Delay,7.2,No
DT-002748,2026-01-18,M-010,LINE-04,S2,Electrical Failure,39.0,No
DT-002749,2026-06-10,M-007,LINE-03,S2,Preventive Maintenance,23.5,Yes
DT-002750,2026-04-17,M-002,LINE-01,S1,Material Shortage,11.1,No
DT-002751,2026-04-17,M-002,LINE-01,S1,Material Shortage,8.1,No
DT-002752,2026-01-15,M-011,LINE-04,S1,Cleaning,7.6,No
DT-002753,2026-05-13,M-004,LINE-02,S1,Material Shortage,103.8,No
DT-002754,2026-02-05,M-012,LINE-04,S1,Changeover,13.2,Yes
DT-002755,2026-04-04,M-012,LINE-04,S1,Cleaning,18.7,No
DT-002756,2026-06-04,M-001,LINE-01,S1,Mechanical Failure,21.9,No
DT-002757,2026-01-17,M-002,LINE-01,S1,Operator Delay,37.4,No
DT-002758,2026-02-22,M-002,LINE-01,S2,Electrical Failure,23.6,No
DT-002759,2026-05-15,M-005,LINE-02,S2,Material Shortage,22.6,No
DT-002760,2026-02-13,M-005,LINE-02,S2,Changeover,28.9,Yes
DT-002761,2026-01-14,M-007,LINE-03,S2,Material Shortage,8.1,No
DT-002762,2026-03-30,M-007,LINE-03,S1,Operator Delay,9.2,No
DT-002763,2026-03-12,M-011,LINE-04,S1,Operator Delay,11.7,No
DT-002764,2026-05-14,M-008,LINE-03,S1,Mechanical Failure,3.7,No
DT-002765,2026-04-18,M-002,LINE-01,S1,Electrical Failure,29.2,No
DT-002766,2026-01-31,M-002,LINE-01,S2,Mechanical Failure,26.3,No
DT-002767,2026-01-04,M-009,LINE-03,S3,Operator Delay,31.9,No
DT-002768,2026-05-26,M-008,LINE-03,S1,Preventive Maintenance,17.4,Yes
DT-002769,2026-01-17,M-002,LINE-01,S1,Material Shortage,3.0,No
DT-002770,2026-04-26,M-007,LINE-03,S2,Operator Delay,19.1,No
DT-002771,2026-06-02,M-008,LINE-03,S1,Operator Delay,7.9,No
DT-002772,2026-03-14,M-009,LINE-03,S3,Mechanical Failure,69.1,No
DT-002773,2026-03-01,M-009,LINE-03,S1,Mechanical Failure,6.8,No
DT-002774,2026-03-13,M-008,LINE-03,S2,Quality Hold,78.9,No
DT-002775,2026-03-14,M-010,LINE-04,S2,Mechanical Failure,51.8,No
DT-002776,2026-01-14,M-004,LINE-02,S2,Quality Hold,29.2,No
DT-002777,2026-06-01,M-005,LINE-02,S1,Cleaning,10.1,No
DT-002778,2026-02-28,M-006,LINE-02,S3,Operator Delay,14.0,No
DT-002779,2026-05-22,M-001,LINE-01,S1,Mechanical Failure,65.8,No
DT-002780,2026-04-17,M-006,LINE-02,S3,Mechanical Failure,22.2,No
DT-002781,2026-05-24,M-003,LINE-01,S2,Mechanical Failure,66.7,No
DT-002782,2026-03-03,M-006,LINE-02,S1,Electrical Failure,25.7,No
DT-002783,2026-04-12,M-011,LINE-04,S2,Operator Delay,4.7,No
DT-002784,2026-01-10,M-002,LINE-01,S1,Mechanical Failure,45.6,No
DT-002785,2026-01-11,M-002,LINE-01,S2,Electrical Failure,12.9,No
DT-002786,2026-02-25,M-001,LINE-01,S2,Quality Hold,16.6,No
DT-002787,2026-01-13,M-010,LINE-04,S1,Operator Delay,3.0,No
DT-002788,2026-05-01,M-008,LINE-03,S1,Preventive Maintenance,12.7,Yes
DT-002789,2026-05-11,M-007,LINE-03,S3,Cleaning,3.0,No
DT-002790,2026-03-21,M-009,LINE-03,S3,Mechanical Failure,26.6,No
DT-002791,2026-01-14,M-012,LINE-04,S1,Mechanical Failure,76.2,No
DT-002792,2026-06-22,M-010,LINE-04,S2,Material Shortage,63.7,No
DT-002793,2026-03-21,M-011,LINE-04,S2,Mechanical Failure,18.5,No
DT-002794,2026-01-13,M-009,LINE-03,S2,Cleaning,16.0,No
DT-002795,2026-06-02,M-005,LINE-02,S3,Mechanical Failure,16.2,No
DT-002796,2026-01-05,M-008,LINE-03,S2,Mechanical Failure,26.3,No
DT-002797,2026-01-22,M-006,LINE-02,S3,Changeover,24.0,Yes
DT-002798,2026-02-01,M-010,LINE-04,S3,Preventive Maintenance,58.4,Yes
DT-002799,2026-04-22,M-004,LINE-02,S1,Mechanical Failure,27.8,No
DT-002800,2026-05-14,M-009,LINE-03,S2,Electrical Failure,30.9,No
DT-002801,2026-04-22,M-001,LINE-01,S1,Cleaning,15.5,No
DT-002802,2026-04-09,M-005,LINE-02,S2,Electrical Failure,27.0,No
DT-002803,2026-04-03,M-001,LINE-01,S1,Electrical Failure,10.1,No
DT-002804,2026-03-14,M-008,LINE-03,S3,Mechanical Failure,17.5,No
DT-002805,2026-06-13,M-010,LINE-04,S3,Mechanical Failure,83.2,No
DT-002806,2026-06-06,M-007,LINE-03,S2,Mechanical Failure,24.9,No
DT-002807,2026-05-28,M-006,LINE-02,S1,Mechanical Failure,26.9,No
DT-002808,2026-01-25,M-003,LINE-01,S1,Quality Hold,20.8,No
DT-002809,2026-03-28,M-006,LINE-02,S2,Material Shortage,24.0,No
DT-002810,2026-05-21,M-008,LINE-03,S1,Mechanical Failure,34.0,No
DT-002811,2026-01-28,M-010,LINE-04,S3,Electrical Failure,12.1,No
DT-002812,2026-05-24,M-002,LINE-01,S2,Electrical Failure,52.9,No
DT-002813,2026-06-07,M-003,LINE-01,S3,Changeover,50.8,Yes
DT-002814,2026-04-29,M-001,LINE-01,S3,Mechanical Failure,40.6,No
DT-002815,2026-06-20,M-004,LINE-02,S3,Preventive Maintenance,4.9,Yes
DT-002816,2026-05-06,M-012,LINE-04,S1,Cleaning,24.2,No
DT-002817,2026-06-06,M-011,LINE-04,S3,Electrical Failure,42.2,No
DT-002818,2026-03-06,M-004,LINE-02,S1,Electrical Failure,8.1,No
DT-002819,2026-02-13,M-009,LINE-03,S1,Material Shortage,31.9,No
DT-002820,2026-04-23,M-008,LINE-03,S1,Material Shortage,27.6,No
DT-002821,2026-01-06,M-006,LINE-02,S3,Operator Delay,5.2,No
DT-002822,2026-05-04,M-004,LINE-02,S3,Operator Delay,53.1,No
DT-002823,2026-01-01,M-005,LINE-02,S1,Operator Delay,20.1,No
DT-002824,2026-05-30,M-012,LINE-04,S2,Mechanical Failure,20.9,No
DT-002825,2026-02-02,M-004,LINE-02,S3,Operator Delay,43.8,No
DT-002826,2026-01-22,M-003,LINE-01,S1,Mechanical Failure,54.4,No
DT-002827,2026-06-30,M-003,LINE-01,S2,Mechanical Failure,19.1,No
DT-002828,2026-06-28,M-006,LINE-02,S3,Changeover,29.2,Yes
DT-002829,2026-05-21,M-003,LINE-01,S1,Changeover,11.2,Yes
DT-002830,2026-04-18,M-003,LINE-01,S1,Operator Delay,9.3,No
DT-002831,2026-02-28,M-003,LINE-01,S1,Changeover,22.3,Yes
DT-002832,2026-06-17,M-011,LINE-04,S3,Mechanical Failure,49.6,No
DT-002833,2026-04-30,M-003,LINE-01,S2,Mechanical Failure,31.6,No
DT-002834,2026-06-19,M-001,LINE-01,S2,Cleaning,17.3,No
DT-002835,2026-03-17,M-005,LINE-02,S2,Changeover,20.7,Yes
DT-002836,2026-04-25,M-010,LINE-04,S2,Mechanical Failure,23.6,No
DT-002837,2026-03-21,M-005,LINE-02,S1,Quality Hold,21.0,No
DT-002838,2026-05-08,M-012,LINE-04,S1,Cleaning,32.0,No
DT-002839,2026-04-14,M-001,LINE-01,S1,Operator Delay,26.2,No
DT-002840,2026-01-17,M-008,LINE-03,S2,Material Shortage,26.8,No
DT-002841,2026-05-04,M-004,LINE-02,S1,Material Shortage,68.4,No
DT-002842,2026-05-31,M-010,LINE-04,S2,Electrical Failure,36.5,No
DT-002843,2026-01-18,M-001,LINE-01,S2,Changeover,40.1,Yes
DT-002844,2026-01-16,M-004,LINE-02,S2,Operator Delay,10.2,No
DT-002845,2026-03-03,M-010,LINE-04,S3,Mechanical Failure,65.0,No
DT-002846,2026-06-23,M-005,LINE-02,S2,Mechanical Failure,72.7,No
DT-002847,2026-04-24,M-003,LINE-01,S3,Electrical Failure,3.5,No
DT-002848,2026-01-17,M-001,LINE-01,S1,Material Shortage,12.5,No
DT-002849,2026-04-12,M-004,LINE-02,S1,Mechanical Failure,29.2,No
DT-002850,2026-05-15,M-009,LINE-03,S3,Mechanical Failure,97.6,No
DT-002851,2026-06-03,M-010,LINE-04,S2,Electrical Failure,23.3,No
DT-002852,2026-01-02,M-006,LINE-02,S1,Electrical Failure,62.1,No
DT-002853,2026-02-19,M-008,LINE-03,S2,Mechanical Failure,25.4,No
DT-002854,2026-01-22,M-010,LINE-04,S3,Mechanical Failure,132.9,No
DT-002855,2026-02-13,M-004,LINE-02,S2,Material Shortage,5.4,No
DT-002856,2026-05-22,M-012,LINE-04,S1,Quality Hold,71.1,No
DT-002857,2026-05-16,M-002,LINE-01,S3,Mechanical Failure,126.5,No
DT-002858,2026-03-07,M-004,LINE-02,S3,Mechanical Failure,39.9,No
DT-002859,2026-02-09,M-008,LINE-03,S1,Material Shortage,42.2,No
DT-002860,2026-06-10,M-001,LINE-01,S3,Operator Delay,43.7,No
DT-002861,2026-03-15,M-009,LINE-03,S1,Operator Delay,32.6,No
DT-002862,2026-05-01,M-002,LINE-01,S2,Mechanical Failure,24.7,No
DT-002863,2026-02-11,M-005,LINE-02,S3,Electrical Failure,28.3,No
DT-002864,2026-06-02,M-002,LINE-01,S1,Mechanical Failure,17.8,No
DT-002865,2026-06-19,M-010,LINE-04,S2,Material Shortage,68.5,No
DT-002866,2026-03-01,M-002,LINE-01,S2,Mechanical Failure,36.0,No
DT-002867,2026-03-11,M-009,LINE-03,S2,Material Shortage,12.7,No
DT-002868,2026-04-27,M-001,LINE-01,S1,Quality Hold,11.6,No
DT-002869,2026-06-30,M-006,LINE-02,S3,Operator Delay,8.0,No
DT-002870,2026-02-23,M-001,LINE-01,S1,Mechanical Failure,77.0,No
DT-002871,2026-01-31,M-001,LINE-01,S1,Operator Delay,7.7,No
DT-002872,2026-02-22,M-011,LINE-04,S2,Cleaning,35.4,No
DT-002873,2026-05-15,M-003,LINE-01,S1,Mechanical Failure,89.6,No
DT-002874,2026-05-03,M-006,LINE-02,S3,Mechanical Failure,122.7,No
DT-002875,2026-01-15,M-004,LINE-02,S3,Quality Hold,11.2,No
DT-002876,2026-04-30,M-009,LINE-03,S2,Electrical Failure,25.1,No
DT-002877,2026-03-20,M-007,LINE-03,S1,Electrical Failure,38.6,No
DT-002878,2026-01-08,M-005,LINE-02,S3,Material Shortage,3.0,No
DT-002879,2026-02-03,M-001,LINE-01,S2,Cleaning,22.1,No
DT-002880,2026-04-06,M-012,LINE-04,S3,Electrical Failure,26.3,No
DT-002881,2026-02-24,M-008,LINE-03,S3,Preventive Maintenance,46.0,Yes
DT-002882,2026-05-27,M-002,LINE-01,S2,Quality Hold,19.3,No
DT-002883,2026-04-07,M-001,LINE-01,S3,Mechanical Failure,15.1,No
DT-002884,2026-06-01,M-002,LINE-01,S3,Electrical Failure,14.2,No
DT-002885,2026-01-28,M-007,LINE-03,S3,Mechanical Failure,28.5,No
DT-002886,2026-04-23,M-007,LINE-03,S1,Electrical Failure,57.7,No
DT-002887,2026-05-27,M-003,LINE-01,S1,Mechanical Failure,46.1,No
DT-002888,2026-05-18,M-003,LINE-01,S2,Mechanical Failure,29.3,No
DT-002889,2026-01-27,M-011,LINE-04,S2,Electrical Failure,28.4,No
DT-002890,2026-03-03,M-004,LINE-02,S2,Mechanical Failure,8.8,No
DT-002891,2026-01-23,M-008,LINE-03,S3,Mechanical Failure,45.7,No
DT-002892,2026-06-03,M-008,LINE-03,S1,Mechanical Failure,25.3,No
DT-002893,2026-06-10,M-003,LINE-01,S2,Quality Hold,12.3,No
DT-002894,2026-03-28,M-011,LINE-04,S3,Mechanical Failure,64.9,No
DT-002895,2026-03-19,M-009,LINE-03,S2,Mechanical Failure,88.5,No
DT-002896,2026-01-09,M-001,LINE-01,S3,Operator Delay,24.1,No
DT-002897,2026-03-09,M-003,LINE-01,S2,Electrical Failure,63.3,No
DT-002898,2026-01-30,M-007,LINE-03,S3,Mechanical Failure,29.3,No
DT-002899,2026-04-07,M-005,LINE-02,S1,Preventive Maintenance,29.3,Yes
DT-002900,2026-02-03,M-002,LINE-01,S3,Mechanical Failure,29.8,No
DT-002901,2026-06-28,M-009,LINE-03,S1,Electrical Failure,11.2,No
DT-002902,2026-04-29,M-009,LINE-03,S2,Mechanical Failure,29.6,No
DT-002903,2026-06-02,M-009,LINE-03,S1,Mechanical Failure,13.2,No
DT-002904,2026-01-08,M-007,LINE-03,S3,Mechanical Failure,55.3,No
DT-002905,2026-05-24,M-012,LINE-04,S1,Cleaning,3.2,No
DT-002906,2026-01-13,M-011,LINE-04,S1,Material Shortage,121.6,No
DT-002907,2026-05-04,M-002,LINE-01,S2,Material Shortage,25.7,No
DT-002908,2026-03-12,M-010,LINE-04,S1,Operator Delay,5.5,No
DT-002909,2026-01-02,M-010,LINE-04,S3,Changeover,26.0,Yes
DT-002910,2026-01-27,M-002,LINE-01,S1,Cleaning,5.1,No
DT-002911,2026-02-11,M-003,LINE-01,S2,Changeover,28.0,Yes
DT-002912,2026-03-13,M-003,LINE-01,S3,Electrical Failure,3.2,No
DT-002913,2026-05-26,M-010,LINE-04,S1,Material Shortage,67.6,No
DT-002914,2026-06-30,M-008,LINE-03,S1,Cleaning,10.6,No
DT-002915,2026-01-29,M-006,LINE-02,S2,Mechanical Failure,46.6,No
DT-002916,2026-05-27,M-006,LINE-02,S1,Mechanical Failure,67.3,No
DT-002917,2026-01-13,M-008,LINE-03,S2,Mechanical Failure,44.3,No
DT-002918,2026-04-06,M-006,LINE-02,S1,Mechanical Failure,26.1,No
DT-002919,2026-05-20,M-003,LINE-01,S1,Electrical Failure,74.8,No
DT-002920,2026-03-09,M-011,LINE-04,S1,Mechanical Failure,65.3,No
DT-002921,2026-06-07,M-007,LINE-03,S3,Quality Hold,4.7,No
DT-002922,2026-06-09,M-006,LINE-02,S1,Material Shortage,25.2,No
DT-002923,2026-01-25,M-009,LINE-03,S1,Material Shortage,3.0,No
DT-002924,2026-03-07,M-006,LINE-02,S1,Electrical Failure,3.0,No
DT-002925,2026-06-12,M-009,LINE-03,S2,Quality Hold,12.4,No
DT-002926,2026-03-26,M-001,LINE-01,S1,Mechanical Failure,36.0,No
DT-002927,2026-03-14,M-005,LINE-02,S3,Electrical Failure,38.0,No
DT-002928,2026-04-24,M-010,LINE-04,S1,Mechanical Failure,23.0,No
DT-002929,2026-04-30,M-008,LINE-03,S3,Mechanical Failure,141.3,No
DT-002930,2026-03-21,M-006,LINE-02,S3,Material Shortage,32.6,No
DT-002931,2026-05-04,M-009,LINE-03,S1,Cleaning,10.8,No
DT-002932,2026-03-21,M-010,LINE-04,S1,Mechanical Failure,72.6,No
DT-002933,2026-01-17,M-003,LINE-01,S2,Cleaning,36.3,No
DT-002934,2026-02-21,M-012,LINE-04,S3,Material Shortage,23.0,No
DT-002935,2026-03-16,M-008,LINE-03,S1,Cleaning,33.9,No
DT-002936,2026-06-08,M-009,LINE-03,S2,Mechanical Failure,73.5,No
DT-002937,2026-02-18,M-003,LINE-01,S1,Cleaning,3.4,No
DT-002938,2026-03-01,M-005,LINE-02,S1,Mechanical Failure,24.2,No
DT-002939,2026-01-11,M-005,LINE-02,S3,Mechanical Failure,15.0,No
DT-002940,2026-06-05,M-005,LINE-02,S1,Mechanical Failure,47.3,No
DT-002941,2026-02-20,M-007,LINE-03,S2,Cleaning,15.9,No
DT-002942,2026-05-01,M-011,LINE-04,S2,Material Shortage,5.2,No
DT-002943,2026-06-13,M-003,LINE-01,S1,Electrical Failure,40.6,No
DT-002944,2026-04-15,M-009,LINE-03,S3,Electrical Failure,26.9,No
DT-002945,2026-03-20,M-008,LINE-03,S1,Material Shortage,82.9,No
DT-002946,2026-03-21,M-001,LINE-01,S1,Cleaning,12.0,No
DT-002947,2026-03-20,M-004,LINE-02,S2,Material Shortage,11.4,No
DT-002948,2026-06-24,M-006,LINE-02,S3,Electrical Failure,38.0,No
DT-002949,2026-04-08,M-002,LINE-01,S2,Cleaning,3.8,No
DT-002950,2026-04-08,M-003,LINE-01,S1,Operator Delay,3.8,No
DT-002951,2026-01-07,M-003,LINE-01,S1,Mechanical Failure,18.4,No
DT-002952,2026-03-04,M-002,LINE-01,S3,Changeover,24.4,Yes
DT-002953,2026-01-15,M-003,LINE-01,S1,Mechanical Failure,114.5,No
DT-002954,2026-06-12,M-009,LINE-03,S3,Preventive Maintenance,21.5,Yes
DT-002955,2026-01-26,M-003,LINE-01,S1,Mechanical Failure,21.5,No
DT-002956,2026-06-10,M-003,LINE-01,S3,Changeover,54.3,Yes
DT-002957,2026-04-28,M-003,LINE-01,S2,Electrical Failure,45.3,No
DT-002958,2026-05-20,M-005,LINE-02,S2,Electrical Failure,26.1,No
DT-002959,2026-05-22,M-010,LINE-04,S1,Operator Delay,34.5,No
DT-002960,2026-04-08,M-002,LINE-01,S1,Mechanical Failure,22.0,No
DT-002961,2026-01-06,M-006,LINE-02,S1,Mechanical Failure,136.6,No
DT-002962,2026-01-24,M-001,LINE-01,S2,Changeover,49.6,Yes
DT-002963,2026-03-06,M-006,LINE-02,S1,Mechanical Failure,35.9,No
DT-002964,2026-05-16,M-006,LINE-02,S1,Mechanical Failure,39.2,No
DT-002965,2026-02-13,M-007,LINE-03,S3,Material Shortage,34.2,No
DT-002966,2026-01-17,M-004,LINE-02,S1,Operator Delay,18.4,No
DT-002967,2026-01-16,M-007,LINE-03,S2,Quality Hold,94.6,No
DT-002968,2026-05-29,M-006,LINE-02,S1,Cleaning,28.0,No
DT-002969,2026-02-03,M-002,LINE-01,S1,Electrical Failure,30.8,No
DT-002970,2026-02-22,M-008,LINE-03,S1,Changeover,33.8,Yes
DT-002971,2026-03-25,M-008,LINE-03,S1,Preventive Maintenance,3.0,Yes
DT-002972,2026-02-01,M-009,LINE-03,S1,Changeover,12.0,Yes
DT-002973,2026-04-17,M-001,LINE-01,S3,Electrical Failure,21.8,No
DT-002974,2026-05-21,M-004,LINE-02,S2,Cleaning,6.4,No
DT-002975,2026-06-12,M-011,LINE-04,S1,Material Shortage,11.2,No
DT-002976,2026-06-03,M-004,LINE-02,S1,Electrical Failure,43.3,No
DT-002977,2026-01-24,M-010,LINE-04,S1,Electrical Failure,32.6,No
DT-002978,2026-05-14,M-002,LINE-01,S1,Material Shortage,29.0,No
DT-002979,2026-03-25,M-005,LINE-02,S1,Cleaning,23.8,No
DT-002980,2026-01-06,M-002,LINE-01,S1,Material Shortage,7.4,No
DT-002981,2026-05-09,M-008,LINE-03,S1,Quality Hold,52.9,No
DT-002982,2026-05-17,M-011,LINE-04,S2,Electrical Failure,49.7,No
DT-002983,2026-05-24,M-011,LINE-04,S2,Mechanical Failure,17.2,No
DT-002984,2026-05-14,M-010,LINE-04,S2,Changeover,13.0,Yes
DT-002985,2026-02-21,M-002,LINE-01,S1,Mechanical Failure,93.0,No
DT-002986,2026-05-24,M-003,LINE-01,S1,Operator Delay,21.8,No
DT-002987,2026-02-09,M-012,LINE-04,S1,Operator Delay,11.3,No
DT-002988,2026-03-18,M-007,LINE-03,S2,Electrical Failure,18.4,No
DT-002989,2026-02-19,M-011,LINE-04,S3,Preventive Maintenance,14.8,Yes
DT-002990,2026-05-22,M-002,LINE-01,S3,Mechanical Failure,29.0,No
DT-002991,2026-04-14,M-012,LINE-04,S3,Mechanical Failure,129.5,No
DT-002992,2026-02-19,M-002,LINE-01,S1,Mechanical Failure,21.6,No
DT-002993,2026-02-03,M-012,LINE-04,S1,Electrical Failure,77.6,No
DT-002994,2026-06-08,M-011,LINE-04,S3,Electrical Failure,12.5,No
DT-002995,2026-06-16,M-005,LINE-02,S3,Material Shortage,24.5,No
DT-002996,2026-03-04,M-007,LINE-03,S2,Electrical Failure,50.6,No
DT-002997,2026-06-19,M-012,LINE-04,S2,Mechanical Failure,32.7,No
DT-002998,2026-03-09,M-007,LINE-03,S1,Mechanical Failure,68.0,No
DT-002999,2026-06-02,M-002,LINE-01,S3,Preventive Maintenance,29.4,Yes
DT-003000,2026-02-10,M-002,LINE-01,S3,Material Shortage,27.4,No
DT-003001,2026-04-05,M-011,LINE-04,S1,Mechanical Failure,18.2,No
DT-003002,2026-01-13,M-006,LINE-02,S1,Electrical Failure,15.5,No
DT-003003,2026-06-26,M-010,LINE-04,S2,Mechanical Failure,10.7,No
DT-003004,2026-04-29,M-006,LINE-02,S2,Material Shortage,36.7,No
DT-003005,2026-01-17,M-009,LINE-03,S1,Quality Hold,7.6,No
DT-003006,2026-02-11,M-009,LINE-03,S1,Material Shortage,13.4,No
DT-003007,2026-01-04,M-008,LINE-03,S2,Material Shortage,57.5,No
DT-003008,2026-06-20,M-009,LINE-03,S2,Electrical Failure,50.6,No
DT-003009,2026-06-17,M-001,LINE-01,S2,Preventive Maintenance,31.8,Yes
DT-003010,2026-04-24,M-006,LINE-02,S1,Operator Delay,10.6,No
DT-003011,2026-04-05,M-008,LINE-03,S1,Operator Delay,15.5,No
DT-003012,2026-03-23,M-010,LINE-04,S2,Mechanical Failure,37.1,No
DT-003013,2026-04-25,M-011,LINE-04,S1,Operator Delay,9.9,No
DT-003014,2026-06-08,M-003,LINE-01,S3,Cleaning,15.1,No
DT-003015,2026-02-14,M-008,LINE-03,S1,Electrical Failure,32.9,No
DT-003016,2026-02-25,M-003,LINE-01,S1,Electrical Failure,51.4,No
DT-003017,2026-02-19,M-003,LINE-01,S2,Electrical Failure,13.0,No
DT-003018,2026-01-22,M-003,LINE-01,S1,Changeover,25.1,Yes
DT-003019,2026-06-07,M-009,LINE-03,S1,Operator Delay,35.3,No
DT-003020,2026-02-25,M-010,LINE-04,S3,Cleaning,5.3,No
DT-003021,2026-01-31,M-003,LINE-01,S2,Mechanical Failure,27.6,No
DT-003022,2026-05-22,M-002,LINE-01,S1,Material Shortage,17.4,No
DT-003023,2026-03-23,M-005,LINE-02,S3,Mechanical Failure,26.0,No
DT-003024,2026-04-07,M-009,LINE-03,S1,Material Shortage,45.8,No
DT-003025,2026-06-28,M-006,LINE-02,S2,Cleaning,13.4,No
DT-003026,2026-04-03,M-007,LINE-03,S2,Operator Delay,9.1,No
DT-003027,2026-04-23,M-003,LINE-01,S3,Electrical Failure,39.8,No
DT-003028,2026-01-12,M-011,LINE-04,S1,Quality Hold,7.4,No
DT-003029,2026-04-14,M-004,LINE-02,S1,Electrical Failure,111.1,No
DT-003030,2026-02-24,M-007,LINE-03,S2,Electrical Failure,71.6,No
DT-003031,2026-02-08,M-009,LINE-03,S1,Mechanical Failure,46.3,No
DT-003032,2026-02-02,M-005,LINE-02,S1,Mechanical Failure,25.0,No
DT-003033,2026-05-04,M-003,LINE-01,S3,Electrical Failure,20.6,No
DT-003034,2026-01-04,M-004,LINE-02,S1,Mechanical Failure,46.6,No
DT-003035,2026-05-24,M-007,LINE-03,S2,Changeover,43.4,Yes
DT-003036,2026-01-24,M-007,LINE-03,S3,Mechanical Failure,14.0,No
DT-003037,2026-05-25,M-007,LINE-03,S1,Material Shortage,22.1,No
DT-003038,2026-01-01,M-002,LINE-01,S2,Material Shortage,3.0,No
DT-003039,2026-04-02,M-012,LINE-04,S3,Mechanical Failure,78.2,No
DT-003040,2026-06-21,M-003,LINE-01,S3,Mechanical Failure,27.5,No
DT-003041,2026-01-20,M-006,LINE-02,S2,Material Shortage,28.9,No
DT-003042,2026-03-22,M-010,LINE-04,S2,Mechanical Failure,16.4,No
DT-003043,2026-05-29,M-002,LINE-01,S1,Mechanical Failure,86.2,No
DT-003044,2026-05-24,M-012,LINE-04,S2,Preventive Maintenance,46.0,Yes
DT-003045,2026-03-08,M-007,LINE-03,S3,Preventive Maintenance,35.1,Yes
DT-003046,2026-03-14,M-005,LINE-02,S3,Electrical Failure,11.5,No
DT-003047,2026-03-17,M-011,LINE-04,S1,Material Shortage,42.2,No
DT-003048,2026-01-05,M-010,LINE-04,S2,Mechanical Failure,45.5,No
DT-003049,2026-01-08,M-012,LINE-04,S2,Preventive Maintenance,25.3,Yes
DT-003050,2026-02-24,M-007,LINE-03,S2,Electrical Failure,10.9,No
DT-003051,2026-01-23,M-006,LINE-02,S1,Mechanical Failure,75.1,No
DT-003052,2026-06-18,M-009,LINE-03,S1,Changeover,20.0,Yes
DT-003053,2026-04-14,M-008,LINE-03,S2,Quality Hold,3.0,No
DT-003054,2026-04-26,M-007,LINE-03,S1,Quality Hold,30.9,No
DT-003055,2026-02-20,M-012,LINE-04,S1,Mechanical Failure,7.7,No
DT-003056,2026-06-12,M-012,LINE-04,S3,Mechanical Failure,24.9,No
DT-003057,2026-01-12,M-008,LINE-03,S2,Changeover,13.2,Yes
DT-003058,2026-02-09,M-004,LINE-02,S1,Electrical Failure,51.6,No
DT-003059,2026-05-16,M-008,LINE-03,S1,Electrical Failure,28.3,No
DT-003060,2026-03-20,M-006,LINE-02,S2,Mechanical Failure,41.3,No
DT-003061,2026-04-10,M-008,LINE-03,S1,Cleaning,29.9,No
DT-003062,2026-06-11,M-012,LINE-04,S2,Material Shortage,16.9,No
DT-003063,2026-01-27,M-010,LINE-04,S1,Electrical Failure,43.3,No
DT-003064,2026-02-15,M-006,LINE-02,S1,Changeover,43.1,Yes
DT-003065,2026-01-30,M-011,LINE-04,S3,Quality Hold,35.2,No
DT-003066,2026-03-28,M-011,LINE-04,S1,Preventive Maintenance,26.9,Yes
DT-003067,2026-02-04,M-005,LINE-02,S1,Operator Delay,10.8,No
DT-003068,2026-05-28,M-004,LINE-02,S1,Changeover,16.7,Yes
DT-003069,2026-01-11,M-001,LINE-01,S1,Changeover,17.2,Yes
DT-003070,2026-04-30,M-012,LINE-04,S1,Electrical Failure,22.3,No
DT-003071,2026-04-18,M-009,LINE-03,S1,Changeover,23.3,Yes
DT-003072,2026-04-19,M-011,LINE-04,S2,Cleaning,20.4,No
DT-003073,2026-01-25,M-002,LINE-01,S3,Mechanical Failure,5.4,No
DT-003074,2026-01-02,M-012,LINE-04,S3,Mechanical Failure,58.0,No
DT-003075,2026-06-14,M-005,LINE-02,S3,Mechanical Failure,37.7,No
DT-003076,2026-02-19,M-008,LINE-03,S2,Operator Delay,18.0,No
DT-003077,2026-01-01,M-011,LINE-04,S1,Material Shortage,25.8,No
DT-003078,2026-04-08,M-012,LINE-04,S2,Quality Hold,27.3,No
DT-003079,2026-01-03,M-006,LINE-02,S2,Quality Hold,62.7,No
DT-003080,2026-02-19,M-004,LINE-02,S1,Material Shortage,7.1,No
DT-003081,2026-01-23,M-001,LINE-01,S2,Changeover,61.2,Yes
DT-003082,2026-06-22,M-008,LINE-03,S2,Mechanical Failure,86.1,No
DT-003083,2026-01-24,M-003,LINE-01,S2,Material Shortage,17.2,No
DT-003084,2026-01-04,M-009,LINE-03,S2,Cleaning,5.8,No
DT-003085,2026-02-21,M-011,LINE-04,S3,Mechanical Failure,21.4,No
DT-003086,2026-01-17,M-010,LINE-04,S3,Cleaning,7.0,No
DT-003087,2026-03-25,M-010,LINE-04,S2,Electrical Failure,22.0,No
DT-003088,2026-01-28,M-008,LINE-03,S1,Electrical Failure,35.9,No
DT-003089,2026-06-13,M-012,LINE-04,S3,Material Shortage,11.8,No
DT-003090,2026-03-31,M-011,LINE-04,S1,Electrical Failure,8.6,No
DT-003091,2026-02-18,M-002,LINE-01,S1,Quality Hold,35.5,No
DT-003092,2026-06-27,M-008,LINE-03,S3,Quality Hold,8.3,No
DT-003093,2026-05-01,M-010,LINE-04,S3,Material Shortage,31.2,No
DT-003094,2026-05-28,M-003,LINE-01,S3,Electrical Failure,27.2,No
DT-003095,2026-02-01,M-001,LINE-01,S3,Material Shortage,29.7,No
DT-003096,2026-05-11,M-004,LINE-02,S2,Material Shortage,14.6,No
DT-003097,2026-06-22,M-005,LINE-02,S3,Preventive Maintenance,47.1,Yes
DT-003098,2026-03-17,M-003,LINE-01,S3,Changeover,33.9,Yes
DT-003099,2026-05-04,M-004,LINE-02,S2,Quality Hold,10.8,No
DT-003100,2026-04-24,M-001,LINE-01,S2,Material Shortage,12.8,No
DT-003101,2026-05-13,M-009,LINE-03,S1,Mechanical Failure,58.7,No
DT-003102,2026-01-30,M-007,LINE-03,S1,Quality Hold,4.1,No
DT-003103,2026-05-22,M-011,LINE-04,S1,Preventive Maintenance,20.2,Yes
DT-003104,2026-03-20,M-008,LINE-03,S1,Cleaning,71.1,No
DT-003105,2026-02-12,M-011,LINE-04,S3,Mechanical Failure,56.8,No
DT-003106,2026-05-20,M-005,LINE-02,S2,Mechanical Failure,22.3,No
DT-003107,2026-05-16,M-010,LINE-04,S2,Preventive Maintenance,46.7,Yes
DT-003108,2026-02-21,M-009,LINE-03,S2,Cleaning,6.6,No
DT-003109,2026-01-30,M-012,LINE-04,S1,Changeover,21.9,Yes
DT-003110,2026-04-09,M-001,LINE-01,S3,Material Shortage,3.0,No
DT-003111,2026-03-27,M-011,LINE-04,S2,Quality Hold,35.4,No
DT-003112,2026-04-24,M-003,LINE-01,S2,Electrical Failure,61.3,No
DT-003113,2026-02-06,M-010,LINE-04,S1,Electrical Failure,11.8,No
DT-003114,2026-01-14,M-008,LINE-03,S3,Electrical Failure,60.2,No
DT-003115,2026-04-18,M-007,LINE-03,S1,Material Shortage,14.6,No
DT-003116,2026-03-22,M-005,LINE-02,S1,Material Shortage,18.0,No
DT-003117,2026-01-08,M-003,LINE-01,S2,Quality Hold,22.7,No
DT-003118,2026-05-13,M-006,LINE-02,S1,Cleaning,12.1,No
DT-003119,2026-06-15,M-001,LINE-01,S1,Mechanical Failure,14.3,No
DT-003120,2026-03-27,M-004,LINE-02,S1,Cleaning,9.9,No
DT-003121,2026-03-06,M-007,LINE-03,S1,Mechanical Failure,4.9,No
DT-003122,2026-05-10,M-002,LINE-01,S2,Changeover,46.8,Yes
DT-003123,2026-06-26,M-011,LINE-04,S1,Mechanical Failure,7.5,No
DT-003124,2026-04-18,M-009,LINE-03,S1,Mechanical Failure,8.1,No
DT-003125,2026-03-14,M-001,LINE-01,S2,Quality Hold,14.2,No
DT-003126,2026-04-13,M-008,LINE-03,S3,Mechanical Failure,80.9,No
DT-003127,2026-03-13,M-012,LINE-04,S1,Electrical Failure,16.7,No
DT-003128,2026-04-23,M-008,LINE-03,S1,Changeover,5.1,Yes
DT-003129,2026-06-14,M-003,LINE-01,S1,Changeover,3.0,Yes
DT-003130,2026-05-08,M-002,LINE-01,S1,Mechanical Failure,56.3,No
DT-003131,2026-06-28,M-004,LINE-02,S2,Mechanical Failure,29.2,No
DT-003132,2026-05-06,M-008,LINE-03,S3,Mechanical Failure,42.3,No
DT-003133,2026-06-16,M-009,LINE-03,S1,Preventive Maintenance,23.5,Yes
DT-003134,2026-05-11,M-008,LINE-03,S2,Changeover,53.8,Yes
DT-003135,2026-03-11,M-004,LINE-02,S1,Preventive Maintenance,83.8,Yes
DT-003136,2026-02-16,M-008,LINE-03,S2,Mechanical Failure,14.3,No
DT-003137,2026-02-28,M-011,LINE-04,S2,Material Shortage,49.9,No
DT-003138,2026-01-01,M-005,LINE-02,S3,Electrical Failure,22.2,No
DT-003139,2026-01-23,M-009,LINE-03,S3,Changeover,19.0,Yes
DT-003140,2026-03-08,M-003,LINE-01,S3,Cleaning,4.7,No
DT-003141,2026-03-13,M-010,LINE-04,S1,Mechanical Failure,100.3,No
DT-003142,2026-02-01,M-002,LINE-01,S2,Mechanical Failure,17.8,No
DT-003143,2026-03-04,M-009,LINE-03,S2,Mechanical Failure,58.5,No
DT-003144,2026-04-20,M-007,LINE-03,S2,Electrical Failure,7.3,No
DT-003145,2026-01-04,M-004,LINE-02,S2,Mechanical Failure,8.7,No
DT-003146,2026-01-22,M-009,LINE-03,S2,Mechanical Failure,41.2,No
DT-003147,2026-03-31,M-003,LINE-01,S3,Electrical Failure,70.3,No
DT-003148,2026-04-25,M-002,LINE-01,S1,Material Shortage,26.2,No
DT-003149,2026-02-20,M-004,LINE-02,S2,Electrical Failure,52.8,No
DT-003150,2026-01-17,M-004,LINE-02,S2,Mechanical Failure,14.3,No
DT-003151,2026-05-20,M-011,LINE-04,S3,Mechanical Failure,9.1,No
DT-003152,2026-04-10,M-009,LINE-03,S3,Material Shortage,20.5,No
DT-003153,2026-02-18,M-010,LINE-04,S1,Mechanical Failure,20.5,No
DT-003154,2026-01-20,M-002,LINE-01,S2,Material Shortage,32.6,No
DT-003155,2026-04-20,M-011,LINE-04,S1,Material Shortage,62.8,No
DT-003156,2026-04-06,M-002,LINE-01,S2,Material Shortage,33.2,No
DT-003157,2026-02-25,M-012,LINE-04,S1,Electrical Failure,8.3,No
DT-003158,2026-06-22,M-003,LINE-01,S2,Electrical Failure,3.2,No
DT-003159,2026-02-05,M-003,LINE-01,S1,Mechanical Failure,65.0,No
DT-003160,2026-06-05,M-007,LINE-03,S2,Mechanical Failure,17.1,No
DT-003161,2026-03-27,M-005,LINE-02,S1,Operator Delay,12.7,No
DT-003162,2026-02-14,M-003,LINE-01,S3,Electrical Failure,33.5,No
DT-003163,2026-05-19,M-008,LINE-03,S1,Mechanical Failure,67.1,No
DT-003164,2026-04-21,M-011,LINE-04,S3,Mechanical Failure,21.9,No
DT-003165,2026-05-20,M-001,LINE-01,S3,Electrical Failure,9.4,No
DT-003166,2026-03-24,M-006,LINE-02,S2,Mechanical Failure,10.6,No
DT-003167,2026-03-10,M-012,LINE-04,S3,Operator Delay,4.0,No
DT-003168,2026-02-01,M-002,LINE-01,S1,Material Shortage,27.4,No
DT-003169,2026-05-16,M-006,LINE-02,S2,Preventive Maintenance,79.1,Yes
DT-003170,2026-05-22,M-011,LINE-04,S1,Material Shortage,16.3,No
DT-003171,2026-05-09,M-002,LINE-01,S1,Operator Delay,19.2,No
DT-003172,2026-03-04,M-012,LINE-04,S2,Operator Delay,21.7,No
DT-003173,2026-06-30,M-001,LINE-01,S2,Changeover,53.8,Yes
DT-003174,2026-04-11,M-002,LINE-01,S1,Changeover,33.1,Yes
DT-003175,2026-05-21,M-004,LINE-02,S1,Mechanical Failure,5.6,No
DT-003176,2026-04-02,M-005,LINE-02,S1,Changeover,3.8,Yes
DT-003177,2026-06-25,M-004,LINE-02,S2,Changeover,28.7,Yes
DT-003178,2026-05-26,M-009,LINE-03,S2,Changeover,38.4,Yes
DT-003179,2026-04-24,M-008,LINE-03,S2,Quality Hold,47.6,No
DT-003180,2026-03-19,M-003,LINE-01,S2,Changeover,10.1,Yes
DT-003181,2026-06-28,M-010,LINE-04,S2,Mechanical Failure,6.8,No
DT-003182,2026-03-17,M-008,LINE-03,S1,Material Shortage,40.6,No
DT-003183,2026-01-29,M-012,LINE-04,S3,Material Shortage,36.7,No
DT-003184,2026-06-16,M-010,LINE-04,S1,Operator Delay,27.9,No
DT-003185,2026-06-18,M-011,LINE-04,S2,Electrical Failure,31.9,No
DT-003186,2026-03-31,M-008,LINE-03,S3,Cleaning,3.0,No
DT-003187,2026-03-22,M-004,LINE-02,S2,Changeover,7.2,Yes
DT-003188,2026-03-23,M-004,LINE-02,S1,Changeover,38.2,Yes
DT-003189,2026-06-29,M-010,LINE-04,S3,Material Shortage,77.2,No
DT-003190,2026-04-27,M-003,LINE-01,S3,Material Shortage,63.9,No
DT-003191,2026-05-11,M-012,LINE-04,S2,Changeover,66.7,Yes
DT-003192,2026-05-27,M-012,LINE-04,S1,Changeover,16.9,Yes
DT-003193,2026-04-07,M-002,LINE-01,S2,Mechanical Failure,14.6,No
DT-003194,2026-03-19,M-006,LINE-02,S3,Mechanical Failure,21.2,No
DT-003195,2026-04-22,M-012,LINE-04,S3,Mechanical Failure,34.5,No
DT-003196,2026-05-13,M-009,LINE-03,S3,Mechanical Failure,13.8,No
DT-003197,2026-01-15,M-008,LINE-03,S3,Preventive Maintenance,29.8,Yes
DT-003198,2026-01-27,M-012,LINE-04,S1,Mechanical Failure,29.7,No
DT-003199,2026-04-23,M-003,LINE-01,S1,Quality Hold,108.0,No
DT-003200,2026-04-02,M-010,LINE-04,S3,Mechanical Failure,37.4,No
DT-003201,2026-02-13,M-012,LINE-04,S1,Changeover,27.5,Yes
DT-003202,2026-06-20,M-003,LINE-01,S2,Mechanical Failure,81.6,No
DT-003203,2026-05-05,M-002,LINE-01,S1,Quality Hold,20.7,No
DT-003204,2026-04-01,M-011,LINE-04,S1,Electrical Failure,16.0,No
DT-003205,2026-02-04,M-006,LINE-02,S2,Cleaning,13.7,No
DT-003206,2026-04-25,M-011,LINE-04,S2,Changeover,7.0,Yes
DT-003207,2026-02-13,M-007,LINE-03,S1,Material Shortage,30.9,No
DT-003208,2026-01-28,M-010,LINE-04,S3,Changeover,21.2,Yes
DT-003209,2026-02-25,M-006,LINE-02,S2,Mechanical Failure,4.8,No
DT-003210,2026-04-10,M-003,LINE-01,S1,Mechanical Failure,9.3,No
DT-003211,2026-06-14,M-006,LINE-02,S1,Quality Hold,25.5,No
DT-003212,2026-02-23,M-001,LINE-01,S3,Cleaning,26.1,No
DT-003213,2026-05-10,M-001,LINE-01,S1,Mechanical Failure,38.6,No
DT-003214,2026-04-03,M-009,LINE-03,S2,Preventive Maintenance,4.6,Yes
DT-003215,2026-02-23,M-002,LINE-01,S1,Mechanical Failure,29.8,No
DT-003216,2026-02-12,M-008,LINE-03,S1,Electrical Failure,30.5,No
DT-003217,2026-03-15,M-002,LINE-01,S2,Material Shortage,31.2,No
DT-003218,2026-06-29,M-001,LINE-01,S3,Mechanical Failure,48.6,No
DT-003219,2026-02-10,M-009,LINE-03,S2,Mechanical Failure,14.5,No
DT-003220,2026-05-31,M-001,LINE-01,S1,Material Shortage,26.3,No
DT-003221,2026-03-02,M-005,LINE-02,S3,Operator Delay,7.7,No
DT-003222,2026-02-16,M-004,LINE-02,S3,Changeover,42.3,Yes
DT-003223,2026-04-07,M-009,LINE-03,S1,Quality Hold,56.4,No
DT-003224,2026-05-10,M-008,LINE-03,S1,Mechanical Failure,108.6,No
DT-003225,2026-05-29,M-010,LINE-04,S1,Changeover,18.4,Yes
DT-003226,2026-03-30,M-007,LINE-03,S3,Quality Hold,82.2,No
DT-003227,2026-01-09,M-008,LINE-03,S1,Changeover,5.5,Yes
DT-003228,2026-01-24,M-008,LINE-03,S1,Mechanical Failure,99.6,No
DT-003229,2026-05-26,M-007,LINE-03,S1,Mechanical Failure,19.5,No
DT-003230,2026-04-08,M-008,LINE-03,S3,Material Shortage,6.8,No
DT-003231,2026-03-11,M-002,LINE-01,S3,Electrical Failure,37.7,No
DT-003232,2026-06-06,M-003,LINE-01,S2,Mechanical Failure,23.7,No
DT-003233,2026-02-20,M-003,LINE-01,S3,Changeover,71.5,Yes
DT-003234,2026-02-27,M-012,LINE-04,S3,Material Shortage,44.1,No
DT-003235,2026-01-01,M-010,LINE-04,S3,Material Shortage,28.8,No
DT-003236,2026-06-06,M-011,LINE-04,S1,Mechanical Failure,75.0,No
DT-003237,2026-05-04,M-008,LINE-03,S1,Electrical Failure,53.9,No
DT-003238,2026-01-05,M-007,LINE-03,S2,Electrical Failure,47.8,No
DT-003239,2026-01-21,M-009,LINE-03,S1,Quality Hold,3.0,No
DT-003240,2026-01-26,M-001,LINE-01,S3,Electrical Failure,17.6,No
DT-003241,2026-01-29,M-009,LINE-03,S3,Quality Hold,20.5,No
DT-003242,2026-05-17,M-004,LINE-02,S2,Material Shortage,15.1,No
DT-003243,2026-04-16,M-012,LINE-04,S2,Changeover,5.1,Yes
DT-003244,2026-02-08,M-001,LINE-01,S1,Cleaning,10.3,No
DT-003245,2026-05-25,M-012,LINE-04,S2,Mechanical Failure,111.0,No
DT-003246,2026-03-14,M-009,LINE-03,S2,Mechanical Failure,17.0,No
DT-003247,2026-06-14,M-003,LINE-01,S3,Cleaning,19.5,No
DT-003248,2026-01-07,M-006,LINE-02,S3,Mechanical Failure,84.5,No
DT-003249,2026-02-25,M-012,LINE-04,S3,Mechanical Failure,53.5,No
DT-003250,2026-04-30,M-001,LINE-01,S1,Mechanical Failure,21.8,No
DT-003251,2026-04-22,M-012,LINE-04,S3,Electrical Failure,50.3,No
DT-003252,2026-02-04,M-004,LINE-02,S2,Operator Delay,16.7,No
DT-003253,2026-05-06,M-010,LINE-04,S1,Changeover,51.0,Yes
DT-003254,2026-03-21,M-001,LINE-01,S3,Changeover,62.8,Yes
DT-003255,2026-05-31,M-001,LINE-01,S1,Operator Delay,3.0,No
DT-003256,2026-01-31,M-007,LINE-03,S3,Mechanical Failure,99.9,No
DT-003257,2026-05-14,M-008,LINE-03,S1,Mechanical Failure,107.8,No
DT-003258,2026-03-23,M-005,LINE-02,S1,Preventive Maintenance,17.2,Yes
DT-003259,2026-01-21,M-002,LINE-01,S1,Operator Delay,16.9,No
DT-003260,2026-01-26,M-010,LINE-04,S1,Mechanical Failure,25.6,No
DT-003261,2026-03-21,M-003,LINE-01,S2,Quality Hold,22.2,No
DT-003262,2026-05-12,M-012,LINE-04,S3,Quality Hold,6.3,No
DT-003263,2026-05-20,M-004,LINE-02,S1,Quality Hold,21.1,No
DT-003264,2026-04-14,M-008,LINE-03,S2,Mechanical Failure,50.0,No
DT-003265,2026-04-26,M-003,LINE-01,S1,Material Shortage,10.3,No
DT-003266,2026-06-25,M-005,LINE-02,S2,Operator Delay,27.6,No
DT-003267,2026-06-08,M-009,LINE-03,S1,Material Shortage,3.0,No
DT-003268,2026-01-22,M-011,LINE-04,S2,Material Shortage,57.2,No
DT-003269,2026-02-02,M-002,LINE-01,S2,Changeover,29.4,Yes
DT-003270,2026-02-06,M-004,LINE-02,S2,Mechanical Failure,44.8,No
DT-003271,2026-04-05,M-004,LINE-02,S1,Changeover,22.6,Yes
DT-003272,2026-05-08,M-007,LINE-03,S1,Mechanical Failure,5.3,No
DT-003273,2026-06-09,M-006,LINE-02,S1,Material Shortage,48.3,No
DT-003274,2026-02-14,M-012,LINE-04,S2,Electrical Failure,18.9,No
DT-003275,2026-05-03,M-005,LINE-02,S2,Changeover,16.5,Yes
DT-003276,2026-05-26,M-012,LINE-04,S1,Mechanical Failure,118.0,No
DT-003277,2026-04-06,M-005,LINE-02,S3,Changeover,10.7,Yes
DT-003278,2026-04-23,M-007,LINE-03,S2,Material Shortage,7.7,No
DT-003279,2026-03-11,M-001,LINE-01,S1,Changeover,19.2,Yes
DT-003280,2026-03-15,M-001,LINE-01,S3,Cleaning,4.5,No
DT-003281,2026-06-26,M-004,LINE-02,S3,Electrical Failure,53.2,No
DT-003282,2026-04-07,M-003,LINE-01,S3,Mechanical Failure,46.5,No
DT-003283,2026-06-09,M-009,LINE-03,S3,Changeover,16.5,Yes
DT-003284,2026-01-20,M-006,LINE-02,S3,Material Shortage,53.6,No
DT-003285,2026-01-11,M-001,LINE-01,S2,Quality Hold,4.8,No
DT-003286,2026-04-27,M-007,LINE-03,S1,Material Shortage,60.8,No
DT-003287,2026-05-12,M-011,LINE-04,S2,Cleaning,27.3,No
DT-003288,2026-03-18,M-012,LINE-04,S1,Material Shortage,82.0,No
DT-003289,2026-02-02,M-001,LINE-01,S1,Electrical Failure,50.7,No
DT-003290,2026-01-10,M-012,LINE-04,S1,Changeover,21.7,Yes
DT-003291,2026-05-31,M-011,LINE-04,S1,Quality Hold,31.5,No
DT-003292,2026-04-20,M-009,LINE-03,S3,Preventive Maintenance,10.8,Yes
DT-003293,2026-01-11,M-003,LINE-01,S3,Mechanical Failure,9.2,No
DT-003294,2026-01-05,M-007,LINE-03,S3,Operator Delay,3.6,No
DT-003295,2026-05-29,M-006,LINE-02,S2,Mechanical Failure,15.8,No
DT-003296,2026-03-07,M-008,LINE-03,S1,Cleaning,17.8,No
DT-003297,2026-06-29,M-001,LINE-01,S1,Cleaning,16.3,No
DT-003298,2026-06-19,M-011,LINE-04,S1,Material Shortage,24.3,No
DT-003299,2026-01-20,M-012,LINE-04,S1,Changeover,43.6,Yes
DT-003300,2026-01-09,M-002,LINE-01,S1,Material Shortage,50.5,No
DT-003301,2026-03-11,M-009,LINE-03,S1,Preventive Maintenance,48.2,Yes
DT-003302,2026-03-27,M-001,LINE-01,S2,Mechanical Failure,17.3,No
DT-003303,2026-04-26,M-011,LINE-04,S2,Material Shortage,91.8,No
DT-003304,2026-05-16,M-001,LINE-01,S1,Mechanical Failure,35.6,No
DT-003305,2026-05-10,M-003,LINE-01,S3,Mechanical Failure,64.3,No
DT-003306,2026-02-24,M-005,LINE-02,S2,Electrical Failure,3.9,No
DT-003307,2026-05-05,M-010,LINE-04,S1,Mechanical Failure,38.2,No
DT-003308,2026-06-22,M-005,LINE-02,S3,Mechanical Failure,36.1,No
DT-003309,2026-06-09,M-003,LINE-01,S2,Material Shortage,30.7,No
DT-003310,2026-03-31,M-004,LINE-02,S1,Mechanical Failure,19.1,No
DT-003311,2026-05-20,M-010,LINE-04,S1,Mechanical Failure,26.4,No
DT-003312,2026-04-21,M-006,LINE-02,S2,Mechanical Failure,46.3,No
DT-003313,2026-04-17,M-007,LINE-03,S3,Changeover,11.2,Yes
DT-003314,2026-01-06,M-010,LINE-04,S3,Quality Hold,57.9,No
DT-003315,2026-04-19,M-003,LINE-01,S3,Mechanical Failure,66.2,No
DT-003316,2026-04-17,M-004,LINE-02,S1,Cleaning,7.8,No
DT-003317,2026-01-24,M-006,LINE-02,S3,Material Shortage,10.1,No
DT-003318,2026-03-03,M-009,LINE-03,S2,Operator Delay,35.4,No
DT-003319,2026-02-15,M-001,LINE-01,S2,Electrical Failure,10.2,No
DT-003320,2026-02-03,M-008,LINE-03,S1,Changeover,11.7,Yes
DT-003321,2026-01-22,M-003,LINE-01,S1,Quality Hold,3.0,No
DT-003322,2026-05-14,M-012,LINE-04,S1,Changeover,36.3,Yes
DT-003323,2026-05-02,M-005,LINE-02,S2,Mechanical Failure,26.3,No
DT-003324,2026-04-07,M-008,LINE-03,S3,Electrical Failure,3.0,No
DT-003325,2026-05-11,M-003,LINE-01,S1,Mechanical Failure,73.4,No
DT-003326,2026-02-16,M-006,LINE-02,S1,Operator Delay,39.7,No
DT-003327,2026-06-02,M-003,LINE-01,S3,Mechanical Failure,37.8,No
DT-003328,2026-02-28,M-001,LINE-01,S1,Cleaning,34.9,No
DT-003329,2026-05-14,M-004,LINE-02,S3,Electrical Failure,27.0,No
DT-003330,2026-01-14,M-011,LINE-04,S2,Preventive Maintenance,56.2,Yes
DT-003331,2026-06-04,M-002,LINE-01,S1,Cleaning,16.7,No
DT-003332,2026-04-26,M-005,LINE-02,S2,Preventive Maintenance,5.1,Yes
DT-003333,2026-05-11,M-003,LINE-01,S3,Changeover,30.7,Yes
DT-003334,2026-05-21,M-010,LINE-04,S2,Electrical Failure,6.7,No
DT-003335,2026-04-10,M-002,LINE-01,S3,Cleaning,7.6,No
DT-003336,2026-01-27,M-009,LINE-03,S3,Material Shortage,48.6,No
DT-003337,2026-01-11,M-005,LINE-02,S1,Material Shortage,24.6,No
DT-003338,2026-06-04,M-006,LINE-02,S3,Material Shortage,34.3,No
DT-003339,2026-06-28,M-011,LINE-04,S1,Electrical Failure,33.5,No
DT-003340,2026-05-29,M-004,LINE-02,S2,Cleaning,34.3,No
DT-003341,2026-04-02,M-006,LINE-02,S2,Electrical Failure,85.8,No
DT-003342,2026-03-10,M-003,LINE-01,S1,Changeover,63.8,Yes
DT-003343,2026-05-02,M-007,LINE-03,S1,Mechanical Failure,37.3,No
DT-003344,2026-03-23,M-005,LINE-02,S3,Cleaning,15.9,No
DT-003345,2026-01-13,M-011,LINE-04,S2,Electrical Failure,16.3,No
DT-003346,2026-01-17,M-010,LINE-04,S3,Electrical Failure,9.8,No
DT-003347,2026-05-26,M-007,LINE-03,S2,Quality Hold,21.9,No
DT-003348,2026-06-20,M-004,LINE-02,S2,Cleaning,14.6,No
DT-003349,2026-01-03,M-009,LINE-03,S3,Quality Hold,12.2,No
DT-003350,2026-04-28,M-003,LINE-01,S3,Mechanical Failure,41.9,No
DT-003351,2026-05-07,M-006,LINE-02,S1,Mechanical Failure,96.7,No
DT-003352,2026-05-31,M-003,LINE-01,S2,Material Shortage,5.2,No
DT-003353,2026-05-21,M-011,LINE-04,S1,Mechanical Failure,25.5,No
DT-003354,2026-04-26,M-004,LINE-02,S1,Changeover,19.8,Yes
DT-003355,2026-06-22,M-010,LINE-04,S1,Cleaning,18.7,No
DT-003356,2026-03-28,M-002,LINE-01,S1,Electrical Failure,13.6,No
DT-003357,2026-03-12,M-008,LINE-03,S2,Mechanical Failure,19.7,No
DT-003358,2026-06-15,M-012,LINE-04,S1,Changeover,44.1,Yes
DT-003359,2026-05-17,M-001,LINE-01,S3,Electrical Failure,17.6,No
DT-003360,2026-02-09,M-009,LINE-03,S1,Material Shortage,15.5,No
DT-003361,2026-02-03,M-009,LINE-03,S2,Quality Hold,26.7,No
DT-003362,2026-04-08,M-009,LINE-03,S1,Electrical Failure,12.1,No
DT-003363,2026-02-09,M-010,LINE-04,S2,Operator Delay,11.4,No
DT-003364,2026-06-01,M-006,LINE-02,S1,Changeover,58.2,Yes
DT-003365,2026-03-20,M-007,LINE-03,S2,Electrical Failure,70.4,No
DT-003366,2026-02-06,M-004,LINE-02,S3,Cleaning,10.7,No
DT-003367,2026-02-01,M-003,LINE-01,S1,Mechanical Failure,30.8,No
DT-003368,2026-06-15,M-011,LINE-04,S1,Mechanical Failure,6.0,No
DT-003369,2026-06-09,M-004,LINE-02,S1,Electrical Failure,27.1,No
DT-003370,2026-03-20,M-007,LINE-03,S2,Mechanical Failure,45.7,No
DT-003371,2026-05-25,M-005,LINE-02,S2,Material Shortage,60.6,No
DT-003372,2026-04-25,M-004,LINE-02,S1,Electrical Failure,3.1,No
DT-003373,2026-03-05,M-002,LINE-01,S1,Material Shortage,15.6,No
DT-003374,2026-02-15,M-001,LINE-01,S3,Material Shortage,21.6,No
DT-003375,2026-06-20,M-003,LINE-01,S2,Mechanical Failure,17.8,No
DT-003376,2026-02-28,M-009,LINE-03,S1,Mechanical Failure,89.1,No
DT-003377,2026-06-17,M-004,LINE-02,S1,Mechanical Failure,99.9,No
DT-003378,2026-01-18,M-009,LINE-03,S2,Changeover,4.0,Yes
DT-003379,2026-01-12,M-011,LINE-04,S2,Operator Delay,7.7,No
DT-003380,2026-05-17,M-010,LINE-04,S1,Mechanical Failure,30.6,No
DT-003381,2026-04-20,M-002,LINE-01,S1,Mechanical Failure,23.1,No
DT-003382,2026-02-08,M-007,LINE-03,S1,Material Shortage,36.0,No
DT-003383,2026-02-08,M-003,LINE-01,S3,Operator Delay,36.0,No
DT-003384,2026-01-22,M-002,LINE-01,S3,Mechanical Failure,45.6,No
DT-003385,2026-01-30,M-006,LINE-02,S2,Electrical Failure,84.5,No
DT-003386,2026-05-16,M-003,LINE-01,S3,Cleaning,19.6,No
DT-003387,2026-04-24,M-009,LINE-03,S2,Electrical Failure,19.3,No
DT-003388,2026-01-15,M-006,LINE-02,S2,Material Shortage,25.0,No
DT-003389,2026-04-28,M-008,LINE-03,S2,Mechanical Failure,32.1,No
DT-003390,2026-03-24,M-007,LINE-03,S3,Mechanical Failure,31.7,No
DT-003391,2026-02-21,M-010,LINE-04,S2,Cleaning,15.6,No
DT-003392,2026-01-03,M-005,LINE-02,S2,Changeover,5.9,Yes
DT-003393,2026-06-04,M-005,LINE-02,S1,Changeover,28.1,Yes
DT-003394,2026-06-03,M-004,LINE-02,S1,Cleaning,12.7,No
DT-003395,2026-01-11,M-007,LINE-03,S1,Preventive Maintenance,10.2,Yes
DT-003396,2026-04-01,M-006,LINE-02,S1,Material Shortage,21.0,No
DT-003397,2026-03-10,M-002,LINE-01,S2,Cleaning,11.2,No
DT-003398,2026-01-19,M-010,LINE-04,S1,Electrical Failure,32.7,No
DT-003399,2026-04-14,M-006,LINE-02,S2,Material Shortage,40.1,No
DT-003400,2026-03-17,M-009,LINE-03,S1,Mechanical Failure,36.7,No
DT-003401,2026-06-26,M-010,LINE-04,S1,Material Shortage,23.7,No
DT-003402,2026-05-15,M-010,LINE-04,S2,Quality Hold,28.8,No
DT-003403,2026-02-02,M-004,LINE-02,S2,Material Shortage,27.9,No
DT-003404,2026-01-11,M-006,LINE-02,S1,Operator Delay,18.6,No
DT-003405,2026-06-29,M-008,LINE-03,S3,Material Shortage,16.6,No
DT-003406,2026-04-14,M-010,LINE-04,S2,Electrical Failure,3.0,No
DT-003407,2026-03-15,M-011,LINE-04,S1,Mechanical Failure,49.3,No
DT-003408,2026-04-02,M-005,LINE-02,S3,Quality Hold,6.6,No
DT-003409,2026-03-18,M-005,LINE-02,S2,Quality Hold,4.3,No
DT-003410,2026-05-28,M-011,LINE-04,S3,Operator Delay,29.5,No
DT-003411,2026-02-10,M-003,LINE-01,S3,Mechanical Failure,61.0,No
DT-003412,2026-04-19,M-010,LINE-04,S1,Operator Delay,40.1,No
DT-003413,2026-05-28,M-007,LINE-03,S2,Material Shortage,14.4,No
DT-003414,2026-03-11,M-012,LINE-04,S2,Electrical Failure,13.9,No
DT-003415,2026-03-30,M-006,LINE-02,S2,Cleaning,8.0,No
DT-003416,2026-04-01,M-011,LINE-04,S2,Electrical Failure,35.6,No
DT-003417,2026-03-29,M-012,LINE-04,S1,Mechanical Failure,73.9,No
DT-003418,2026-05-15,M-007,LINE-03,S2,Changeover,17.7,Yes
DT-003419,2026-01-20,M-012,LINE-04,S1,Mechanical Failure,100.1,No
DT-003420,2026-01-18,M-010,LINE-04,S1,Mechanical Failure,36.8,No
DT-003421,2026-01-31,M-003,LINE-01,S2,Mechanical Failure,30.1,No
DT-003422,2026-04-02,M-003,LINE-01,S2,Material Shortage,12.2,No
DT-003423,2026-01-10,M-007,LINE-03,S3,Quality Hold,47.3,No
DT-003424,2026-03-24,M-009,LINE-03,S2,Mechanical Failure,43.7,No
DT-003425,2026-04-24,M-010,LINE-04,S2,Mechanical Failure,44.2,No
DT-003426,2026-02-11,M-010,LINE-04,S1,Cleaning,6.1,No
DT-003427,2026-01-08,M-002,LINE-01,S1,Changeover,40.2,Yes
DT-003428,2026-01-29,M-006,LINE-02,S1,Cleaning,37.9,No
DT-003429,2026-06-19,M-001,LINE-01,S1,Mechanical Failure,53.9,No
DT-003430,2026-03-23,M-005,LINE-02,S3,Mechanical Failure,41.2,No
DT-003431,2026-04-28,M-005,LINE-02,S2,Operator Delay,11.6,No
DT-003432,2026-01-11,M-003,LINE-01,S1,Mechanical Failure,23.4,No
DT-003433,2026-02-20,M-012,LINE-04,S1,Mechanical Failure,8.8,No
DT-003434,2026-01-14,M-007,LINE-03,S2,Operator Delay,12.2,No
DT-003435,2026-04-13,M-002,LINE-01,S3,Mechanical Failure,7.4,No
DT-003436,2026-02-21,M-012,LINE-04,S2,Cleaning,17.2,No
DT-003437,2026-04-13,M-011,LINE-04,S2,Mechanical Failure,11.9,No
DT-003438,2026-02-09,M-002,LINE-01,S3,Preventive Maintenance,15.3,Yes
DT-003439,2026-01-17,M-003,LINE-01,S1,Quality Hold,11.4,No
DT-003440,2026-02-24,M-010,LINE-04,S1,Changeover,20.7,Yes
DT-003441,2026-05-12,M-007,LINE-03,S3,Mechanical Failure,31.3,No
DT-003442,2026-05-01,M-005,LINE-02,S3,Mechanical Failure,34.9,No
DT-003443,2026-05-05,M-005,LINE-02,S1,Operator Delay,14.3,No
DT-003444,2026-01-05,M-005,LINE-02,S1,Mechanical Failure,66.2,No
DT-003445,2026-05-24,M-006,LINE-02,S3,Mechanical Failure,34.7,No
DT-003446,2026-05-18,M-011,LINE-04,S2,Mechanical Failure,37.2,No
DT-003447,2026-06-05,M-002,LINE-01,S2,Material Shortage,35.8,No
DT-003448,2026-03-03,M-009,LINE-03,S2,Electrical Failure,7.0,No
DT-003449,2026-05-07,M-008,LINE-03,S1,Changeover,9.8,Yes
DT-003450,2026-06-26,M-010,LINE-04,S3,Mechanical Failure,43.7,No
DT-003451,2026-04-18,M-007,LINE-03,S2,Electrical Failure,4.2,No
DT-003452,2026-04-29,M-004,LINE-02,S1,Material Shortage,25.9,No
DT-003453,2026-01-27,M-006,LINE-02,S3,Electrical Failure,15.1,No
DT-003454,2026-04-24,M-006,LINE-02,S1,Material Shortage,28.6,No
DT-003455,2026-02-15,M-006,LINE-02,S3,Mechanical Failure,21.6,No
DT-003456,2026-01-17,M-010,LINE-04,S1,Material Shortage,12.4,No
DT-003457,2026-01-22,M-002,LINE-01,S1,Preventive Maintenance,91.8,Yes
DT-003458,2026-05-31,M-008,LINE-03,S3,Material Shortage,5.9,No
DT-003459,2026-05-11,M-003,LINE-01,S1,Mechanical Failure,13.8,No
DT-003460,2026-03-21,M-008,LINE-03,S1,Electrical Failure,5.2,No
DT-003461,2026-03-26,M-005,LINE-02,S3,Electrical Failure,18.9,No
DT-003462,2026-06-18,M-008,LINE-03,S2,Mechanical Failure,41.2,No
DT-003463,2026-03-29,M-005,LINE-02,S1,Mechanical Failure,86.8,No
DT-003464,2026-01-14,M-004,LINE-02,S1,Electrical Failure,12.4,No
DT-003465,2026-02-20,M-011,LINE-04,S2,Mechanical Failure,10.7,No
DT-003466,2026-04-04,M-008,LINE-03,S2,Quality Hold,10.0,No
DT-003467,2026-05-06,M-003,LINE-01,S2,Changeover,6.5,Yes
DT-003468,2026-03-22,M-003,LINE-01,S1,Mechanical Failure,73.6,No
DT-003469,2026-04-23,M-006,LINE-02,S3,Changeover,29.4,Yes
DT-003470,2026-03-14,M-010,LINE-04,S1,Electrical Failure,180.0,No
DT-003471,2026-01-27,M-002,LINE-01,S2,Mechanical Failure,44.8,No
DT-003472,2026-01-31,M-003,LINE-01,S2,Mechanical Failure,29.7,No
DT-003473,2026-03-15,M-009,LINE-03,S1,Electrical Failure,40.6,No
DT-003474,2026-06-06,M-002,LINE-01,S2,Material Shortage,58.4,No
DT-003475,2026-03-30,M-003,LINE-01,S2,Changeover,57.4,Yes
DT-003476,2026-03-19,M-004,LINE-02,S1,Electrical Failure,12.0,No
DT-003477,2026-01-07,M-009,LINE-03,S3,Material Shortage,34.3,No
DT-003478,2026-05-04,M-003,LINE-01,S2,Mechanical Failure,30.4,No
DT-003479,2026-06-24,M-010,LINE-04,S1,Quality Hold,9.0,No
DT-003480,2026-06-09,M-002,LINE-01,S1,Cleaning,21.7,No
DT-003481,2026-03-17,M-003,LINE-01,S3,Mechanical Failure,24.5,No
DT-003482,2026-04-16,M-011,LINE-04,S2,Electrical Failure,18.3,No
DT-003483,2026-01-20,M-004,LINE-02,S3,Mechanical Failure,111.3,No
DT-003484,2026-04-24,M-006,LINE-02,S2,Changeover,12.0,Yes
DT-003485,2026-03-21,M-007,LINE-03,S1,Operator Delay,22.5,No
DT-003486,2026-06-09,M-010,LINE-04,S1,Electrical Failure,22.8,No
DT-003487,2026-04-07,M-005,LINE-02,S1,Preventive Maintenance,15.9,Yes
DT-003488,2026-06-21,M-009,LINE-03,S2,Changeover,14.2,Yes
DT-003489,2026-03-02,M-011,LINE-04,S1,Cleaning,27.9,No
DT-003490,2026-04-25,M-002,LINE-01,S1,Quality Hold,32.3,No
DT-003491,2026-06-11,M-004,LINE-02,S1,Electrical Failure,11.4,No
DT-003492,2026-02-14,M-005,LINE-02,S1,Material Shortage,71.8,No
DT-003493,2026-02-02,M-009,LINE-03,S1,Electrical Failure,31.8,No
DT-003494,2026-01-30,M-012,LINE-04,S1,Mechanical Failure,119.6,No
DT-003495,2026-04-08,M-004,LINE-02,S1,Mechanical Failure,116.4,No
DT-003496,2026-03-07,M-011,LINE-04,S2,Quality Hold,53.8,No
DT-003497,2026-02-06,M-001,LINE-01,S2,Electrical Failure,108.1,No
DT-003498,2026-04-19,M-008,LINE-03,S2,Mechanical Failure,43.0,No
DT-003499,2026-01-18,M-003,LINE-01,S1,Electrical Failure,35.6,No
DT-003500,2026-01-15,M-012,LINE-04,S3,Electrical Failure,19.9,No
DT-003501,2026-03-10,M-012,LINE-04,S1,Mechanical Failure,31.9,No
DT-003502,2026-01-03,M-004,LINE-02,S3,Material Shortage,53.4,No
DT-003503,2026-02-22,M-004,LINE-02,S3,Electrical Failure,12.0,No
DT-003504,2026-03-18,M-001,LINE-01,S2,Quality Hold,3.0,No
DT-003505,2026-04-08,M-006,LINE-02,S3,Mechanical Failure,143.5,No
DT-003506,2026-06-19,M-003,LINE-01,S1,Operator Delay,28.0,No
DT-003507,2026-03-09,M-001,LINE-01,S3,Mechanical Failure,71.4,No
DT-003508,2026-03-17,M-003,LINE-01,S2,Cleaning,3.0,No
DT-003509,2026-03-12,M-004,LINE-02,S3,Changeover,22.7,Yes
DT-003510,2026-06-29,M-010,LINE-04,S1,Electrical Failure,19.7,No
DT-003511,2026-01-04,M-011,LINE-04,S3,Mechanical Failure,24.8,No
DT-003512,2026-04-12,M-010,LINE-04,S2,Electrical Failure,23.6,No
DT-003513,2026-06-22,M-008,LINE-03,S3,Cleaning,29.7,No
DT-003514,2026-01-25,M-010,LINE-04,S2,Electrical Failure,13.5,No
DT-003515,2026-04-15,M-009,LINE-03,S1,Mechanical Failure,38.6,No
DT-003516,2026-04-17,M-006,LINE-02,S2,Material Shortage,45.3,No
DT-003517,2026-06-11,M-002,LINE-01,S2,Operator Delay,23.5,No
DT-003518,2026-01-28,M-003,LINE-01,S1,Changeover,9.3,Yes
DT-003519,2026-04-17,M-011,LINE-04,S1,Operator Delay,30.2,No
DT-003520,2026-04-05,M-004,LINE-02,S2,Changeover,11.3,Yes
DT-003521,2026-02-23,M-004,LINE-02,S2,Electrical Failure,6.9,No
DT-003522,2026-02-01,M-006,LINE-02,S3,Mechanical Failure,51.1,No
DT-003523,2026-05-24,M-011,LINE-04,S1,Material Shortage,89.8,No
DT-003524,2026-06-22,M-008,LINE-03,S1,Electrical Failure,21.4,No
DT-003525,2026-02-15,M-008,LINE-03,S1,Electrical Failure,27.4,No
DT-003526,2026-03-03,M-005,LINE-02,S1,Electrical Failure,13.9,No
DT-003527,2026-05-22,M-002,LINE-01,S2,Material Shortage,26.8,No
DT-003528,2026-06-28,M-005,LINE-02,S1,Changeover,41.8,Yes
DT-003529,2026-05-05,M-005,LINE-02,S2,Mechanical Failure,32.6,No
DT-003530,2026-05-22,M-008,LINE-03,S2,Electrical Failure,72.3,No
DT-003531,2026-03-19,M-001,LINE-01,S2,Material Shortage,42.8,No
DT-003532,2026-05-31,M-002,LINE-01,S2,Changeover,23.7,Yes
DT-003533,2026-04-17,M-011,LINE-04,S3,Quality Hold,41.1,No
DT-003534,2026-06-04,M-008,LINE-03,S3,Electrical Failure,12.1,No
DT-003535,2026-03-21,M-008,LINE-03,S1,Quality Hold,7.9,No
DT-003536,2026-04-16,M-009,LINE-03,S1,Mechanical Failure,5.6,No
DT-003537,2026-04-02,M-010,LINE-04,S3,Changeover,18.7,Yes
DT-003538,2026-03-28,M-001,LINE-01,S1,Operator Delay,3.0,No
DT-003539,2026-03-18,M-003,LINE-01,S2,Preventive Maintenance,6.6,Yes
DT-003540,2026-02-07,M-011,LINE-04,S2,Electrical Failure,33.5,No
DT-003541,2026-01-29,M-011,LINE-04,S2,Mechanical Failure,26.7,No
DT-003542,2026-03-13,M-007,LINE-03,S1,Mechanical Failure,31.1,No
DT-003543,2026-06-21,M-006,LINE-02,S3,Material Shortage,12.0,No
DT-003544,2026-06-28,M-004,LINE-02,S2,Mechanical Failure,72.5,No
DT-003545,2026-04-14,M-004,LINE-02,S3,Mechanical Failure,30.7,No
DT-003546,2026-05-13,M-012,LINE-04,S1,Changeover,11.0,Yes
DT-003547,2026-01-03,M-009,LINE-03,S1,Electrical Failure,45.3,No
DT-003548,2026-05-21,M-012,LINE-04,S1,Electrical Failure,45.4,No
DT-003549,2026-03-24,M-009,LINE-03,S3,Material Shortage,4.4,No
DT-003550,2026-02-24,M-009,LINE-03,S1,Mechanical Failure,7.7,No
DT-003551,2026-04-28,M-012,LINE-04,S1,Mechanical Failure,25.7,No
DT-003552,2026-03-03,M-004,LINE-02,S3,Electrical Failure,39.4,No
DT-003553,2026-01-15,M-005,LINE-02,S1,Operator Delay,23.0,No
DT-003554,2026-05-21,M-001,LINE-01,S2,Changeover,14.8,Yes
DT-003555,2026-01-11,M-012,LINE-04,S1,Mechanical Failure,5.9,No
DT-003556,2026-02-21,M-005,LINE-02,S2,Changeover,13.1,Yes
DT-003557,2026-03-11,M-012,LINE-04,S1,Electrical Failure,28.5,No
DT-003558,2026-05-21,M-004,LINE-02,S1,Material Shortage,25.9,No
DT-003559,2026-03-28,M-010,LINE-04,S1,Mechanical Failure,7.1,No
DT-003560,2026-02-11,M-001,LINE-01,S2,Operator Delay,3.0,No
DT-003561,2026-05-29,M-002,LINE-01,S1,Mechanical Failure,36.1,No
DT-003562,2026-05-22,M-009,LINE-03,S3,Electrical Failure,43.7,No
DT-003563,2026-04-02,M-005,LINE-02,S1,Mechanical Failure,6.7,No
DT-003564,2026-06-18,M-010,LINE-04,S1,Electrical Failure,3.0,No
DT-003565,2026-02-15,M-008,LINE-03,S2,Cleaning,18.5,No
DT-003566,2026-01-05,M-010,LINE-04,S3,Mechanical Failure,49.7,No
DT-003567,2026-03-21,M-009,LINE-03,S1,Mechanical Failure,22.1,No
DT-003568,2026-06-05,M-002,LINE-01,S2,Quality Hold,7.7,No
DT-003569,2026-03-08,M-004,LINE-02,S1,Quality Hold,29.6,No
DT-003570,2026-06-19,M-005,LINE-02,S2,Preventive Maintenance,26.6,Yes
DT-003571,2026-02-16,M-004,LINE-02,S2,Electrical Failure,22.8,No
DT-003572,2026-01-24,M-004,LINE-02,S1,Mechanical Failure,19.1,No
DT-003573,2026-03-13,M-003,LINE-01,S2,Quality Hold,42.0,No
DT-003574,2026-01-30,M-002,LINE-01,S1,Cleaning,13.9,No
DT-003575,2026-01-10,M-005,LINE-02,S1,Changeover,38.7,Yes
DT-003576,2026-01-18,M-003,LINE-01,S1,Electrical Failure,51.4,No
DT-003577,2026-06-15,M-012,LINE-04,S2,Mechanical Failure,98.2,No
DT-003578,2026-01-19,M-011,LINE-04,S3,Material Shortage,8.8,No
DT-003579,2026-06-26,M-003,LINE-01,S1,Mechanical Failure,55.1,No
DT-003580,2026-03-16,M-004,LINE-02,S1,Material Shortage,90.2,No
DT-003581,2026-02-12,M-003,LINE-01,S1,Mechanical Failure,30.1,No
DT-003582,2026-05-12,M-010,LINE-04,S2,Electrical Failure,36.6,No
DT-003583,2026-01-25,M-010,LINE-04,S1,Material Shortage,47.3,No
DT-003584,2026-04-18,M-006,LINE-02,S1,Operator Delay,33.9,No
DT-003585,2026-04-26,M-003,LINE-01,S3,Cleaning,17.6,No
DT-003586,2026-01-09,M-007,LINE-03,S1,Mechanical Failure,49.0,No
DT-003587,2026-05-08,M-003,LINE-01,S1,Mechanical Failure,32.6,No
DT-003588,2026-05-26,M-012,LINE-04,S3,Quality Hold,17.8,No
DT-003589,2026-05-08,M-007,LINE-03,S1,Electrical Failure,67.3,No
DT-003590,2026-04-16,M-008,LINE-03,S1,Mechanical Failure,11.0,No
DT-003591,2026-04-29,M-005,LINE-02,S1,Electrical Failure,20.5,No
DT-003592,2026-03-23,M-008,LINE-03,S1,Quality Hold,13.9,No
DT-003593,2026-02-14,M-003,LINE-01,S1,Mechanical Failure,20.7,No
DT-003594,2026-04-19,M-012,LINE-04,S3,Mechanical Failure,60.9,No
DT-003595,2026-03-10,M-002,LINE-01,S2,Cleaning,17.9,No
DT-003596,2026-02-20,M-007,LINE-03,S3,Mechanical Failure,41.2,No
DT-003597,2026-05-15,M-002,LINE-01,S2,Material Shortage,11.8,No
DT-003598,2026-03-08,M-005,LINE-02,S1,Electrical Failure,4.8,No
DT-003599,2026-04-15,M-001,LINE-01,S1,Mechanical Failure,48.3,No
DT-003600,2026-02-12,M-003,LINE-01,S3,Electrical Failure,13.1,No
DT-003601,2026-02-04,M-003,LINE-01,S1,Changeover,77.5,Yes
DT-003602,2026-05-29,M-012,LINE-04,S1,Mechanical Failure,16.0,No
DT-003603,2026-04-02,M-009,LINE-03,S1,Operator Delay,24.9,No
DT-003604,2026-03-16,M-005,LINE-02,S3,Preventive Maintenance,26.4,Yes
DT-003605,2026-02-02,M-003,LINE-01,S2,Electrical Failure,19.4,No
DT-003606,2026-02-06,M-008,LINE-03,S1,Cleaning,7.5,No
DT-003607,2026-01-17,M-005,LINE-02,S1,Mechanical Failure,18.3,No
DT-003608,2026-03-31,M-001,LINE-01,S2,Mechanical Failure,48.4,No
DT-003609,2026-06-06,M-008,LINE-03,S2,Mechanical Failure,32.3,No
DT-003610,2026-01-14,M-004,LINE-02,S1,Preventive Maintenance,57.9,Yes
DT-003611,2026-05-17,M-001,LINE-01,S2,Mechanical Failure,17.4,No
DT-003612,2026-05-19,M-011,LINE-04,S1,Material Shortage,18.4,No
DT-003613,2026-04-04,M-011,LINE-04,S2,Electrical Failure,63.1,No
DT-003614,2026-02-20,M-008,LINE-03,S1,Preventive Maintenance,9.6,Yes
DT-003615,2026-05-21,M-008,LINE-03,S3,Mechanical Failure,37.7,No
DT-003616,2026-03-24,M-007,LINE-03,S3,Mechanical Failure,60.6,No
DT-003617,2026-02-19,M-011,LINE-04,S3,Material Shortage,66.9,No
DT-003618,2026-01-12,M-007,LINE-03,S2,Electrical Failure,51.0,No
DT-003619,2026-02-04,M-012,LINE-04,S3,Mechanical Failure,55.5,No
DT-003620,2026-02-10,M-007,LINE-03,S1,Material Shortage,31.6,No
DT-003621,2026-05-25,M-011,LINE-04,S1,Electrical Failure,34.1,No
DT-003622,2026-03-31,M-004,LINE-02,S2,Electrical Failure,56.2,No
DT-003623,2026-03-13,M-009,LINE-03,S1,Operator Delay,20.8,No
DT-003624,2026-04-23,M-009,LINE-03,S2,Preventive Maintenance,67.9,Yes
DT-003625,2026-05-02,M-011,LINE-04,S1,Material Shortage,15.4,No
DT-003626,2026-03-14,M-006,LINE-02,S1,Mechanical Failure,50.9,No
DT-003627,2026-04-22,M-006,LINE-02,S1,Cleaning,14.4,No
DT-003628,2026-04-07,M-006,LINE-02,S2,Mechanical Failure,45.9,No
DT-003629,2026-01-09,M-008,LINE-03,S1,Electrical Failure,20.9,No
DT-003630,2026-06-06,M-009,LINE-03,S3,Electrical Failure,71.5,No
DT-003631,2026-01-25,M-004,LINE-02,S1,Electrical Failure,6.9,No
DT-003632,2026-06-13,M-005,LINE-02,S2,Material Shortage,35.5,No
DT-003633,2026-06-27,M-010,LINE-04,S3,Operator Delay,40.1,No
DT-003634,2026-05-22,M-009,LINE-03,S1,Material Shortage,32.7,No
DT-003635,2026-03-30,M-007,LINE-03,S1,Operator Delay,41.7,No
DT-003636,2026-01-09,M-005,LINE-02,S3,Mechanical Failure,24.8,No
DT-003637,2026-05-02,M-006,LINE-02,S2,Electrical Failure,31.1,No
DT-003638,2026-02-23,M-003,LINE-01,S2,Changeover,27.3,Yes
DT-003639,2026-02-25,M-012,LINE-04,S2,Quality Hold,14.7,No
DT-003640,2026-01-29,M-009,LINE-03,S3,Changeover,70.1,Yes
DT-003641,2026-05-25,M-001,LINE-01,S1,Mechanical Failure,19.8,No
DT-003642,2026-04-28,M-012,LINE-04,S3,Mechanical Failure,8.8,No
DT-003643,2026-03-07,M-003,LINE-01,S1,Changeover,48.4,Yes
DT-003644,2026-05-08,M-002,LINE-01,S1,Changeover,30.9,Yes
DT-003645,2026-02-15,M-002,LINE-01,S3,Preventive Maintenance,20.8,Yes
DT-003646,2026-05-05,M-007,LINE-03,S2,Mechanical Failure,9.4,No
DT-003647,2026-02-05,M-002,LINE-01,S1,Operator Delay,34.2,No
DT-003648,2026-05-21,M-003,LINE-01,S2,Mechanical Failure,14.0,No
DT-003649,2026-05-08,M-001,LINE-01,S2,Mechanical Failure,27.0,No
DT-003650,2026-02-16,M-005,LINE-02,S2,Changeover,26.1,Yes
DT-003651,2026-03-28,M-004,LINE-02,S3,Operator Delay,23.3,No
DT-003652,2026-01-22,M-001,LINE-01,S1,Mechanical Failure,65.0,No
DT-003653,2026-04-23,M-006,LINE-02,S1,Material Shortage,22.9,No
DT-003654,2026-03-25,M-011,LINE-04,S2,Quality Hold,38.9,No
DT-003655,2026-03-16,M-008,LINE-03,S2,Operator Delay,66.4,No
DT-003656,2026-02-22,M-005,LINE-02,S1,Operator Delay,16.1,No
DT-003657,2026-05-27,M-005,LINE-02,S2,Mechanical Failure,81.1,No
DT-003658,2026-06-11,M-012,LINE-04,S2,Electrical Failure,58.5,No
DT-003659,2026-01-03,M-002,LINE-01,S1,Mechanical Failure,91.5,No
DT-003660,2026-05-22,M-007,LINE-03,S1,Cleaning,3.0,No
DT-003661,2026-05-03,M-006,LINE-02,S2,Electrical Failure,53.8,No
DT-003662,2026-04-29,M-008,LINE-03,S3,Mechanical Failure,29.2,No
DT-003663,2026-01-02,M-010,LINE-04,S2,Changeover,9.9,Yes
DT-003664,2026-01-02,M-001,LINE-01,S1,Mechanical Failure,37.0,No
DT-003665,2026-02-12,M-010,LINE-04,S1,Quality Hold,36.4,No
DT-003666,2026-06-05,M-009,LINE-03,S3,Quality Hold,28.4,No
DT-003667,2026-05-05,M-003,LINE-01,S1,Electrical Failure,27.0,No
DT-003668,2026-05-28,M-011,LINE-04,S1,Quality Hold,39.6,No
DT-003669,2026-06-14,M-001,LINE-01,S2,Changeover,15.7,Yes
DT-003670,2026-04-09,M-005,LINE-02,S3,Quality Hold,9.3,No
DT-003671,2026-04-27,M-005,LINE-02,S1,Electrical Failure,7.4,No
DT-003672,2026-06-14,M-001,LINE-01,S2,Material Shortage,14.4,No
DT-003673,2026-05-10,M-002,LINE-01,S2,Cleaning,31.3,No
DT-003674,2026-05-18,M-010,LINE-04,S1,Mechanical Failure,8.1,No
DT-003675,2026-06-18,M-004,LINE-02,S2,Operator Delay,3.0,No
DT-003676,2026-04-04,M-002,LINE-01,S2,Material Shortage,61.7,No
DT-003677,2026-03-21,M-008,LINE-03,S1,Changeover,34.7,Yes
DT-003678,2026-01-07,M-005,LINE-02,S1,Cleaning,6.5,No
DT-003679,2026-06-09,M-002,LINE-01,S3,Changeover,3.9,Yes
DT-003680,2026-02-20,M-005,LINE-02,S1,Quality Hold,92.1,No
DT-003681,2026-05-15,M-010,LINE-04,S2,Quality Hold,53.2,No
DT-003682,2026-04-09,M-001,LINE-01,S2,Changeover,23.2,Yes
DT-003683,2026-01-18,M-007,LINE-03,S2,Material Shortage,37.7,No
DT-003684,2026-02-02,M-012,LINE-04,S1,Operator Delay,21.9,No
DT-003685,2026-03-10,M-010,LINE-04,S2,Electrical Failure,27.0,No
DT-003686,2026-01-26,M-003,LINE-01,S3,Mechanical Failure,50.8,No
DT-003687,2026-04-17,M-005,LINE-02,S2,Material Shortage,58.0,No
DT-003688,2026-03-08,M-009,LINE-03,S3,Changeover,6.0,Yes
DT-003689,2026-06-05,M-008,LINE-03,S2,Changeover,6.9,Yes
DT-003690,2026-02-02,M-003,LINE-01,S2,Preventive Maintenance,74.7,Yes
DT-003691,2026-03-25,M-008,LINE-03,S2,Changeover,54.0,Yes
DT-003692,2026-06-15,M-001,LINE-01,S1,Mechanical Failure,83.4,No
DT-003693,2026-01-03,M-003,LINE-01,S3,Mechanical Failure,66.0,No
DT-003694,2026-03-10,M-003,LINE-01,S2,Mechanical Failure,25.3,No
DT-003695,2026-02-01,M-011,LINE-04,S1,Electrical Failure,19.2,No
DT-003696,2026-05-18,M-006,LINE-02,S2,Material Shortage,11.4,No
DT-003697,2026-03-30,M-008,LINE-03,S3,Changeover,61.0,Yes
DT-003698,2026-03-18,M-010,LINE-04,S2,Mechanical Failure,35.2,No
DT-003699,2026-04-09,M-003,LINE-01,S2,Mechanical Failure,27.7,No
DT-003700,2026-04-11,M-010,LINE-04,S2,Cleaning,3.0,No
DT-003701,2026-05-20,M-010,LINE-04,S1,Quality Hold,73.7,No
DT-003702,2026-05-27,M-011,LINE-04,S1,Mechanical Failure,108.1,No
DT-003703,2026-01-17,M-010,LINE-04,S1,Preventive Maintenance,5.4,Yes
DT-003704,2026-05-01,M-001,LINE-01,S1,Material Shortage,31.9,No
DT-003705,2026-06-05,M-006,LINE-02,S1,Cleaning,3.4,No
DT-003706,2026-01-21,M-004,LINE-02,S2,Electrical Failure,39.5,No
DT-003707,2026-06-15,M-006,LINE-02,S2,Mechanical Failure,73.4,No
DT-003708,2026-06-03,M-001,LINE-01,S1,Electrical Failure,27.4,No
DT-003709,2026-03-11,M-003,LINE-01,S3,Mechanical Failure,21.1,No
DT-003710,2026-03-31,M-012,LINE-04,S1,Mechanical Failure,85.3,No
DT-003711,2026-06-25,M-003,LINE-01,S1,Changeover,11.7,Yes
DT-003712,2026-05-01,M-004,LINE-02,S3,Mechanical Failure,91.7,No
DT-003713,2026-03-01,M-008,LINE-03,S3,Changeover,20.2,Yes
DT-003714,2026-05-18,M-010,LINE-04,S1,Mechanical Failure,18.8,No
DT-003715,2026-06-30,M-011,LINE-04,S1,Mechanical Failure,8.8,No
DT-003716,2026-05-18,M-003,LINE-01,S3,Electrical Failure,15.3,No
DT-003717,2026-02-06,M-011,LINE-04,S3,Mechanical Failure,34.2,No
DT-003718,2026-03-27,M-006,LINE-02,S1,Mechanical Failure,46.4,No
DT-003719,2026-05-27,M-009,LINE-03,S2,Mechanical Failure,42.3,No
DT-003720,2026-04-16,M-005,LINE-02,S1,Changeover,22.6,Yes
DT-003721,2026-04-29,M-007,LINE-03,S1,Mechanical Failure,145.2,No
DT-003722,2026-06-15,M-007,LINE-03,S2,Mechanical Failure,23.3,No
DT-003723,2026-02-10,M-006,LINE-02,S3,Mechanical Failure,52.6,No
DT-003724,2026-05-04,M-007,LINE-03,S1,Mechanical Failure,6.5,No
DT-003725,2026-03-19,M-005,LINE-02,S2,Mechanical Failure,41.1,No
DT-003726,2026-06-26,M-003,LINE-01,S1,Mechanical Failure,143.8,No
DT-003727,2026-04-28,M-007,LINE-03,S3,Electrical Failure,23.8,No
DT-003728,2026-06-22,M-002,LINE-01,S1,Mechanical Failure,28.3,No
DT-003729,2026-03-21,M-012,LINE-04,S2,Electrical Failure,15.7,No
DT-003730,2026-01-01,M-003,LINE-01,S2,Electrical Failure,7.8,No
DT-003731,2026-06-07,M-008,LINE-03,S2,Mechanical Failure,37.6,No
DT-003732,2026-03-23,M-003,LINE-01,S1,Quality Hold,19.5,No
DT-003733,2026-05-16,M-012,LINE-04,S2,Mechanical Failure,20.5,No
DT-003734,2026-01-08,M-012,LINE-04,S2,Cleaning,16.5,No
DT-003735,2026-05-22,M-004,LINE-02,S2,Electrical Failure,40.1,No
DT-003736,2026-02-09,M-003,LINE-01,S1,Preventive Maintenance,61.7,Yes
DT-003737,2026-04-14,M-003,LINE-01,S3,Mechanical Failure,3.0,No
DT-003738,2026-04-21,M-010,LINE-04,S1,Operator Delay,110.6,No
DT-003739,2026-04-25,M-009,LINE-03,S1,Mechanical Failure,14.8,No
DT-003740,2026-06-09,M-002,LINE-01,S1,Mechanical Failure,88.7,No
DT-003741,2026-05-18,M-007,LINE-03,S1,Mechanical Failure,94.2,No
DT-003742,2026-02-17,M-009,LINE-03,S1,Preventive Maintenance,61.3,Yes
DT-003743,2026-05-11,M-006,LINE-02,S2,Operator Delay,19.1,No
DT-003744,2026-03-22,M-002,LINE-01,S1,Material Shortage,8.3,No
DT-003745,2026-01-04,M-010,LINE-04,S1,Electrical Failure,36.8,No
DT-003746,2026-04-13,M-009,LINE-03,S2,Cleaning,13.0,No
DT-003747,2026-03-03,M-011,LINE-04,S2,Electrical Failure,33.5,No
DT-003748,2026-01-20,M-004,LINE-02,S2,Material Shortage,17.9,No
DT-003749,2026-03-11,M-012,LINE-04,S3,Mechanical Failure,31.6,No
DT-003750,2026-01-01,M-006,LINE-02,S1,Material Shortage,3.9,No
DT-003751,2026-05-25,M-001,LINE-01,S2,Changeover,25.2,Yes
DT-003752,2026-05-24,M-003,LINE-01,S2,Electrical Failure,27.6,No
DT-003753,2026-03-13,M-004,LINE-02,S1,Quality Hold,11.2,No
DT-003754,2026-05-06,M-008,LINE-03,S3,Preventive Maintenance,20.5,Yes
DT-003755,2026-04-30,M-011,LINE-04,S1,Mechanical Failure,23.9,No
DT-003756,2026-02-11,M-011,LINE-04,S2,Material Shortage,16.0,No
DT-003757,2026-05-20,M-002,LINE-01,S2,Quality Hold,13.3,No
DT-003758,2026-01-01,M-008,LINE-03,S2,Mechanical Failure,21.7,No
DT-003759,2026-03-07,M-005,LINE-02,S3,Electrical Failure,23.4,No
DT-003760,2026-03-29,M-002,LINE-01,S3,Preventive Maintenance,4.7,Yes
DT-003761,2026-02-25,M-011,LINE-04,S2,Quality Hold,5.8,No
DT-003762,2026-05-26,M-005,LINE-02,S3,Mechanical Failure,48.6,No
DT-003763,2026-01-25,M-011,LINE-04,S3,Material Shortage,22.1,No
DT-003764,2026-04-09,M-008,LINE-03,S2,Material Shortage,25.2,No
DT-003765,2026-05-07,M-008,LINE-03,S1,Material Shortage,38.4,No
DT-003766,2026-02-25,M-003,LINE-01,S1,Quality Hold,44.7,No
DT-003767,2026-03-03,M-002,LINE-01,S2,Changeover,26.9,Yes
DT-003768,2026-05-03,M-003,LINE-01,S3,Changeover,22.7,Yes
DT-003769,2026-03-02,M-003,LINE-01,S3,Electrical Failure,7.5,No
DT-003770,2026-06-15,M-010,LINE-04,S2,Material Shortage,16.9,No
DT-003771,2026-05-07,M-004,LINE-02,S1,Material Shortage,3.5,No
DT-003772,2026-02-20,M-004,LINE-02,S2,Mechanical Failure,45.7,No
DT-003773,2026-03-25,M-009,LINE-03,S2,Material Shortage,30.2,No
DT-003774,2026-02-11,M-006,LINE-02,S2,Changeover,39.9,Yes
DT-003775,2026-04-04,M-004,LINE-02,S1,Electrical Failure,23.9,No
DT-003776,2026-01-12,M-011,LINE-04,S2,Material Shortage,40.7,No
DT-003777,2026-02-02,M-010,LINE-04,S1,Electrical Failure,32.1,No
DT-003778,2026-06-13,M-007,LINE-03,S1,Mechanical Failure,81.5,No
DT-003779,2026-01-03,M-002,LINE-01,S1,Changeover,33.1,Yes
DT-003780,2026-01-17,M-002,LINE-01,S1,Changeover,18.2,Yes
DT-003781,2026-02-19,M-004,LINE-02,S1,Mechanical Failure,76.5,No
DT-003782,2026-02-27,M-001,LINE-01,S2,Cleaning,42.0,No
DT-003783,2026-01-06,M-011,LINE-04,S2,Mechanical Failure,100.5,No
DT-003784,2026-05-07,M-010,LINE-04,S3,Changeover,23.3,Yes
DT-003785,2026-02-25,M-004,LINE-02,S1,Electrical Failure,83.7,No
DT-003786,2026-06-06,M-001,LINE-01,S3,Quality Hold,17.7,No
DT-003787,2026-04-21,M-001,LINE-01,S2,Cleaning,10.6,No
DT-003788,2026-03-30,M-008,LINE-03,S2,Changeover,10.5,Yes
DT-003789,2026-05-03,M-004,LINE-02,S3,Material Shortage,22.2,No
DT-003790,2026-05-30,M-006,LINE-02,S1,Preventive Maintenance,52.7,Yes
DT-003791,2026-05-20,M-007,LINE-03,S2,Operator Delay,5.1,No
DT-003792,2026-04-02,M-011,LINE-04,S2,Operator Delay,15.3,No
DT-003793,2026-05-30,M-012,LINE-04,S3,Electrical Failure,15.4,No
DT-003794,2026-06-17,M-003,LINE-01,S1,Operator Delay,28.9,No
DT-003795,2026-04-08,M-008,LINE-03,S3,Material Shortage,39.3,No
DT-003796,2026-05-31,M-011,LINE-04,S1,Electrical Failure,5.4,No
DT-003797,2026-05-22,M-005,LINE-02,S2,Mechanical Failure,16.7,No
DT-003798,2026-02-05,M-003,LINE-01,S2,Changeover,24.7,Yes
DT-003799,2026-05-04,M-002,LINE-01,S3,Electrical Failure,5.2,No
DT-003800,2026-02-17,M-004,LINE-02,S3,Material Shortage,30.8,No
DT-003801,2026-03-19,M-007,LINE-03,S2,Quality Hold,22.4,No
DT-003802,2026-01-28,M-008,LINE-03,S1,Electrical Failure,55.1,No
DT-003803,2026-03-04,M-008,LINE-03,S1,Mechanical Failure,12.4,No
DT-003804,2026-01-23,M-007,LINE-03,S3,Preventive Maintenance,38.0,Yes
DT-003805,2026-04-26,M-009,LINE-03,S2,Quality Hold,68.9,No
DT-003806,2026-06-15,M-006,LINE-02,S3,Mechanical Failure,48.0,No
DT-003807,2026-03-14,M-007,LINE-03,S2,Quality Hold,20.1,No
DT-003808,2026-01-10,M-009,LINE-03,S2,Electrical Failure,44.4,No
DT-003809,2026-03-22,M-011,LINE-04,S1,Mechanical Failure,43.4,No
DT-003810,2026-05-03,M-003,LINE-01,S1,Electrical Failure,55.3,No
DT-003811,2026-03-04,M-010,LINE-04,S2,Operator Delay,12.5,No
DT-003812,2026-05-19,M-005,LINE-02,S1,Mechanical Failure,73.8,No
DT-003813,2026-01-10,M-005,LINE-02,S3,Changeover,10.9,Yes
DT-003814,2026-01-16,M-012,LINE-04,S1,Changeover,32.9,Yes
DT-003815,2026-05-31,M-012,LINE-04,S2,Mechanical Failure,65.3,No
DT-003816,2026-01-27,M-009,LINE-03,S2,Mechanical Failure,13.0,No
DT-003817,2026-06-17,M-012,LINE-04,S3,Preventive Maintenance,31.5,Yes
DT-003818,2026-04-10,M-004,LINE-02,S2,Operator Delay,6.7,No
DT-003819,2026-05-23,M-009,LINE-03,S3,Mechanical Failure,40.6,No
DT-003820,2026-04-24,M-012,LINE-04,S2,Material Shortage,3.2,No
DT-003821,2026-04-01,M-010,LINE-04,S2,Changeover,48.3,Yes
DT-003822,2026-01-01,M-001,LINE-01,S3,Electrical Failure,64.8,No
DT-003823,2026-03-07,M-005,LINE-02,S1,Electrical Failure,44.5,No
DT-003824,2026-04-06,M-001,LINE-01,S2,Material Shortage,81.7,No
DT-003825,2026-03-23,M-003,LINE-01,S3,Electrical Failure,66.1,No
DT-003826,2026-01-17,M-006,LINE-02,S1,Changeover,32.8,Yes
DT-003827,2026-04-16,M-012,LINE-04,S2,Material Shortage,24.4,No
DT-003828,2026-06-21,M-001,LINE-01,S3,Changeover,24.2,Yes
DT-003829,2026-05-31,M-001,LINE-01,S1,Mechanical Failure,7.8,No
DT-003830,2026-01-19,M-009,LINE-03,S2,Mechanical Failure,35.3,No
DT-003831,2026-01-30,M-006,LINE-02,S1,Mechanical Failure,39.5,No
DT-003832,2026-05-27,M-008,LINE-03,S2,Electrical Failure,6.0,No
DT-003833,2026-04-15,M-011,LINE-04,S2,Operator Delay,12.9,No
DT-003834,2026-05-30,M-001,LINE-01,S3,Electrical Failure,90.5,No
DT-003835,2026-05-04,M-002,LINE-01,S3,Cleaning,29.1,No
DT-003836,2026-06-06,M-005,LINE-02,S2,Electrical Failure,39.6,No
DT-003837,2026-06-15,M-004,LINE-02,S2,Cleaning,19.0,No
DT-003838,2026-06-08,M-006,LINE-02,S2,Quality Hold,30.1,No
DT-003839,2026-01-24,M-002,LINE-01,S1,Electrical Failure,40.5,No
DT-003840,2026-04-23,M-003,LINE-01,S3,Electrical Failure,67.8,No
DT-003841,2026-05-30,M-001,LINE-01,S1,Mechanical Failure,35.2,No
DT-003842,2026-03-20,M-003,LINE-01,S1,Cleaning,12.1,No
DT-003843,2026-05-15,M-004,LINE-02,S2,Mechanical Failure,39.0,No
DT-003844,2026-06-14,M-009,LINE-03,S3,Mechanical Failure,41.1,No
DT-003845,2026-01-26,M-001,LINE-01,S1,Quality Hold,14.7,No
DT-003846,2026-05-22,M-002,LINE-01,S1,Electrical Failure,46.2,No
DT-003847,2026-03-13,M-002,LINE-01,S1,Changeover,42.8,Yes
DT-003848,2026-04-22,M-011,LINE-04,S2,Changeover,20.7,Yes
DT-003849,2026-02-18,M-007,LINE-03,S2,Mechanical Failure,126.3,No
DT-003850,2026-03-13,M-012,LINE-04,S2,Mechanical Failure,5.3,No
DT-003851,2026-01-17,M-001,LINE-01,S3,Mechanical Failure,25.7,No
DT-003852,2026-06-22,M-008,LINE-03,S2,Changeover,3.9,Yes
DT-003853,2026-03-08,M-004,LINE-02,S1,Cleaning,3.0,No
DT-003854,2026-02-01,M-002,LINE-01,S1,Material Shortage,30.8,No
DT-003855,2026-05-24,M-005,LINE-02,S1,Mechanical Failure,103.9,No
DT-003856,2026-06-12,M-012,LINE-04,S3,Cleaning,18.7,No
DT-003857,2026-04-02,M-009,LINE-03,S3,Mechanical Failure,39.2,No
DT-003858,2026-04-07,M-008,LINE-03,S2,Cleaning,28.2,No
DT-003859,2026-05-14,M-003,LINE-01,S3,Operator Delay,35.3,No
DT-003860,2026-04-05,M-003,LINE-01,S3,Electrical Failure,95.1,No
DT-003861,2026-01-27,M-011,LINE-04,S3,Mechanical Failure,55.4,No
DT-003862,2026-02-09,M-010,LINE-04,S2,Material Shortage,83.9,No
DT-003863,2026-03-28,M-009,LINE-03,S1,Mechanical Failure,3.0,No
DT-003864,2026-02-28,M-009,LINE-03,S1,Material Shortage,44.4,No
DT-003865,2026-06-24,M-008,LINE-03,S1,Quality Hold,7.7,No
DT-003866,2026-03-14,M-010,LINE-04,S2,Mechanical Failure,66.7,No
DT-003867,2026-03-20,M-003,LINE-01,S3,Mechanical Failure,18.0,No
DT-003868,2026-06-06,M-011,LINE-04,S2,Cleaning,8.0,No
DT-003869,2026-05-08,M-001,LINE-01,S2,Changeover,4.4,Yes
DT-003870,2026-04-12,M-012,LINE-04,S1,Mechanical Failure,51.1,No
DT-003871,2026-03-09,M-012,LINE-04,S2,Mechanical Failure,48.9,No
DT-003872,2026-04-10,M-006,LINE-02,S1,Changeover,20.4,Yes
DT-003873,2026-01-01,M-003,LINE-01,S3,Electrical Failure,24.6,No
DT-003874,2026-04-09,M-011,LINE-04,S3,Mechanical Failure,122.7,No
DT-003875,2026-04-11,M-001,LINE-01,S3,Electrical Failure,30.6,No
DT-003876,2026-01-06,M-003,LINE-01,S2,Operator Delay,14.5,No
DT-003877,2026-04-21,M-003,LINE-01,S3,Quality Hold,22.2,No
DT-003878,2026-06-14,M-004,LINE-02,S3,Material Shortage,21.8,No
DT-003879,2026-04-06,M-007,LINE-03,S2,Electrical Failure,16.1,No
DT-003880,2026-06-04,M-006,LINE-02,S1,Cleaning,23.0,No
DT-003881,2026-06-18,M-011,LINE-04,S2,Cleaning,19.9,No
DT-003882,2026-05-20,M-002,LINE-01,S1,Changeover,21.1,Yes
DT-003883,2026-02-03,M-005,LINE-02,S3,Changeover,60.0,Yes
DT-003884,2026-05-06,M-010,LINE-04,S2,Changeover,7.8,Yes
DT-003885,2026-03-29,M-005,LINE-02,S3,Changeover,29.4,Yes
DT-003886,2026-04-09,M-005,LINE-02,S1,Changeover,37.9,Yes
DT-003887,2026-05-04,M-007,LINE-03,S2,Material Shortage,25.7,No
DT-003888,2026-03-20,M-006,LINE-02,S2,Material Shortage,30.7,No
DT-003889,2026-01-16,M-005,LINE-02,S2,Mechanical Failure,34.8,No
DT-003890,2026-03-15,M-008,LINE-03,S1,Quality Hold,57.5,No
DT-003891,2026-01-26,M-010,LINE-04,S2,Mechanical Failure,101.9,No
DT-003892,2026-01-18,M-011,LINE-04,S1,Changeover,20.3,Yes
DT-003893,2026-05-14,M-001,LINE-01,S2,Cleaning,18.0,No
DT-003894,2026-03-28,M-012,LINE-04,S2,Mechanical Failure,52.0,No
DT-003895,2026-02-19,M-005,LINE-02,S2,Mechanical Failure,23.6,No
DT-003896,2026-05-26,M-011,LINE-04,S1,Mechanical Failure,54.9,No
DT-003897,2026-03-16,M-009,LINE-03,S2,Changeover,17.3,Yes
DT-003898,2026-03-29,M-007,LINE-03,S2,Mechanical Failure,56.9,No
DT-003899,2026-04-26,M-011,LINE-04,S1,Mechanical Failure,16.7,No
DT-003900,2026-04-11,M-004,LINE-02,S1,Mechanical Failure,61.1,No
DT-003901,2026-03-06,M-001,LINE-01,S3,Electrical Failure,8.8,No
DT-003902,2026-02-20,M-012,LINE-04,S1,Quality Hold,30.2,No
DT-003903,2026-04-17,M-010,LINE-04,S1,Mechanical Failure,37.5,No
DT-003904,2026-02-04,M-005,LINE-02,S2,Material Shortage,30.9,No
DT-003905,2026-01-10,M-006,LINE-02,S2,Material Shortage,23.5,No
DT-003906,2026-05-22,M-003,LINE-01,S2,Mechanical Failure,68.9,No
DT-003907,2026-04-15,M-002,LINE-01,S3,Material Shortage,32.7,No
DT-003908,2026-03-29,M-008,LINE-03,S2,Changeover,18.8,Yes
DT-003909,2026-01-18,M-008,LINE-03,S3,Mechanical Failure,7.7,No
DT-003910,2026-01-03,M-005,LINE-02,S1,Mechanical Failure,65.6,No
DT-003911,2026-06-06,M-002,LINE-01,S1,Electrical Failure,101.1,No
DT-003912,2026-05-16,M-011,LINE-04,S1,Material Shortage,7.5,No
DT-003913,2026-02-23,M-009,LINE-03,S1,Mechanical Failure,42.3,No
DT-003914,2026-02-22,M-012,LINE-04,S3,Material Shortage,22.6,No
DT-003915,2026-01-03,M-010,LINE-04,S3,Cleaning,15.3,No
DT-003916,2026-04-10,M-010,LINE-04,S1,Electrical Failure,17.6,No
DT-003917,2026-01-27,M-007,LINE-03,S3,Operator Delay,68.7,No
DT-003918,2026-05-16,M-004,LINE-02,S1,Cleaning,3.0,No
DT-003919,2026-01-05,M-009,LINE-03,S2,Mechanical Failure,6.0,No
DT-003920,2026-01-06,M-010,LINE-04,S2,Mechanical Failure,41.1,No
DT-003921,2026-03-23,M-006,LINE-02,S1,Mechanical Failure,19.9,No
DT-003922,2026-01-02,M-001,LINE-01,S1,Quality Hold,7.6,No
DT-003923,2026-04-26,M-003,LINE-01,S2,Mechanical Failure,68.0,No
DT-003924,2026-01-11,M-004,LINE-02,S1,Mechanical Failure,11.9,No
DT-003925,2026-05-16,M-004,LINE-02,S1,Quality Hold,18.8,No
DT-003926,2026-04-26,M-011,LINE-04,S2,Mechanical Failure,38.4,No
DT-003927,2026-04-19,M-009,LINE-03,S3,Cleaning,8.6,No
DT-003928,2026-05-07,M-011,LINE-04,S1,Changeover,43.0,Yes
DT-003929,2026-03-29,M-002,LINE-01,S1,Material Shortage,21.4,No
DT-003930,2026-02-25,M-009,LINE-03,S1,Material Shortage,6.0,No
DT-003931,2026-06-23,M-005,LINE-02,S3,Changeover,84.6,Yes
DT-003932,2026-05-30,M-012,LINE-04,S2,Operator Delay,5.0,No
DT-003933,2026-04-07,M-006,LINE-02,S1,Electrical Failure,6.7,No
DT-003934,2026-06-29,M-004,LINE-02,S2,Mechanical Failure,15.7,No
DT-003935,2026-04-02,M-009,LINE-03,S3,Preventive Maintenance,29.3,Yes
DT-003936,2026-01-26,M-007,LINE-03,S1,Electrical Failure,95.9,No
DT-003937,2026-06-30,M-009,LINE-03,S3,Material Shortage,15.9,No
DT-003938,2026-05-28,M-012,LINE-04,S1,Electrical Failure,11.4,No
DT-003939,2026-03-30,M-008,LINE-03,S2,Electrical Failure,23.7,No
DT-003940,2026-04-24,M-001,LINE-01,S2,Mechanical Failure,59.1,No
DT-003941,2026-03-04,M-001,LINE-01,S1,Operator Delay,5.2,No
DT-003942,2026-05-18,M-003,LINE-01,S2,Mechanical Failure,36.4,No
DT-003943,2026-03-12,M-009,LINE-03,S3,Electrical Failure,37.7,No
DT-003944,2026-04-25,M-009,LINE-03,S2,Changeover,26.7,Yes
DT-003945,2026-04-24,M-012,LINE-04,S3,Electrical Failure,15.6,No
DT-003946,2026-05-29,M-009,LINE-03,S2,Changeover,55.9,Yes
DT-003947,2026-03-14,M-007,LINE-03,S1,Mechanical Failure,18.7,No
DT-003948,2026-03-21,M-010,LINE-04,S3,Electrical Failure,13.8,No
DT-003949,2026-02-25,M-011,LINE-04,S1,Material Shortage,9.8,No
DT-003950,2026-03-31,M-002,LINE-01,S3,Material Shortage,9.0,No
DT-003951,2026-02-12,M-008,LINE-03,S2,Preventive Maintenance,8.6,Yes
DT-003952,2026-01-15,M-005,LINE-02,S1,Mechanical Failure,57.8,No
DT-003953,2026-04-19,M-002,LINE-01,S2,Material Shortage,12.0,No
DT-003954,2026-01-25,M-005,LINE-02,S1,Changeover,67.2,Yes
DT-003955,2026-01-02,M-004,LINE-02,S1,Changeover,4.4,Yes
DT-003956,2026-02-10,M-006,LINE-02,S1,Operator Delay,32.6,No
DT-003957,2026-01-29,M-004,LINE-02,S2,Mechanical Failure,28.3,No
DT-003958,2026-01-06,M-002,LINE-01,S3,Mechanical Failure,71.7,No
DT-003959,2026-01-31,M-007,LINE-03,S1,Changeover,49.2,Yes
DT-003960,2026-01-13,M-010,LINE-04,S3,Operator Delay,27.3,No
DT-003961,2026-01-24,M-001,LINE-01,S1,Electrical Failure,15.0,No
DT-003962,2026-05-25,M-005,LINE-02,S1,Electrical Failure,50.7,No
DT-003963,2026-04-24,M-011,LINE-04,S2,Electrical Failure,69.7,No
DT-003964,2026-04-25,M-010,LINE-04,S1,Changeover,87.9,Yes
DT-003965,2026-04-09,M-004,LINE-02,S3,Material Shortage,18.5,No
DT-003966,2026-02-06,M-007,LINE-03,S3,Electrical Failure,28.6,No
DT-003967,2026-01-16,M-012,LINE-04,S1,Mechanical Failure,97.0,No
DT-003968,2026-05-26,M-007,LINE-03,S2,Mechanical Failure,37.6,No
DT-003969,2026-06-10,M-001,LINE-01,S1,Mechanical Failure,59.9,No
DT-003970,2026-04-05,M-007,LINE-03,S1,Electrical Failure,30.0,No
DT-003971,2026-03-17,M-010,LINE-04,S3,Quality Hold,39.5,No
DT-003972,2026-06-19,M-006,LINE-02,S3,Mechanical Failure,70.7,No
DT-003973,2026-01-04,M-004,LINE-02,S1,Changeover,39.6,Yes
DT-003974,2026-05-30,M-012,LINE-04,S3,Preventive Maintenance,8.5,Yes
DT-003975,2026-01-17,M-010,LINE-04,S1,Mechanical Failure,87.2,No
DT-003976,2026-04-12,M-009,LINE-03,S1,Preventive Maintenance,8.3,Yes
DT-003977,2026-01-27,M-005,LINE-02,S3,Electrical Failure,50.3,No
DT-003978,2026-06-01,M-006,LINE-02,S1,Quality Hold,44.8,No
DT-003979,2026-03-19,M-001,LINE-01,S2,Cleaning,8.9,No
DT-003980,2026-03-17,M-011,LINE-04,S2,Cleaning,9.9,No
DT-003981,2026-06-09,M-002,LINE-01,S3,Electrical Failure,19.4,No
DT-003982,2026-05-07,M-003,LINE-01,S3,Quality Hold,46.2,No
DT-003983,2026-04-16,M-008,LINE-03,S1,Material Shortage,10.8,No
DT-003984,2026-01-27,M-007,LINE-03,S1,Mechanical Failure,13.4,No
DT-003985,2026-06-26,M-008,LINE-03,S3,Cleaning,16.0,No
DT-003986,2026-05-10,M-003,LINE-01,S1,Mechanical Failure,23.2,No
DT-003987,2026-01-27,M-007,LINE-03,S1,Mechanical Failure,84.7,No
DT-003988,2026-03-04,M-009,LINE-03,S1,Mechanical Failure,22.5,No
DT-003989,2026-03-07,M-005,LINE-02,S1,Cleaning,3.6,No
DT-003990,2026-04-28,M-005,LINE-02,S3,Operator Delay,15.3,No
DT-003991,2026-03-19,M-008,LINE-03,S1,Changeover,19.5,Yes
DT-003992,2026-04-20,M-010,LINE-04,S3,Mechanical Failure,3.0,No
DT-003993,2026-06-01,M-009,LINE-03,S1,Operator Delay,13.8,No
DT-003994,2026-06-24,M-005,LINE-02,S3,Electrical Failure,64.8,No
DT-003995,2026-01-01,M-003,LINE-01,S1,Cleaning,18.2,No
DT-003996,2026-02-27,M-004,LINE-02,S1,Mechanical Failure,97.8,No
DT-003997,2026-06-27,M-001,LINE-01,S3,Electrical Failure,19.4,No
DT-003998,2026-01-27,M-010,LINE-04,S2,Electrical Failure,7.7,No
DT-003999,2026-01-03,M-001,LINE-01,S3,Mechanical Failure,15.4,No
DT-004000,2026-05-04,M-010,LINE-04,S2,Changeover,33.4,Yes
DT-004001,2026-03-16,M-006,LINE-02,S1,Electrical Failure,59.6,No
DT-004002,2026-03-09,M-002,LINE-01,S1,Mechanical Failure,37.9,No
DT-004003,2026-05-27,M-007,LINE-03,S2,Changeover,23.5,Yes
DT-004004,2026-02-16,M-001,LINE-01,S2,Mechanical Failure,45.7,No
DT-004005,2026-02-27,M-006,LINE-02,S2,Changeover,34.9,Yes
DT-004006,2026-01-30,M-001,LINE-01,S1,Mechanical Failure,33.1,No
DT-004007,2026-03-08,M-006,LINE-02,S1,Changeover,11.6,Yes
DT-004008,2026-03-19,M-010,LINE-04,S1,Mechanical Failure,46.3,No
DT-004009,2026-06-11,M-003,LINE-01,S1,Mechanical Failure,15.2,No
DT-004010,2026-06-24,M-010,LINE-04,S2,Material Shortage,17.8,No
DT-004011,2026-02-12,M-002,LINE-01,S3,Mechanical Failure,19.8,No
DT-004012,2026-04-03,M-006,LINE-02,S1,Cleaning,33.4,No
DT-004013,2026-03-27,M-006,LINE-02,S1,Mechanical Failure,66.1,No
DT-004014,2026-03-23,M-012,LINE-04,S2,Electrical Failure,4.3,No
DT-004015,2026-02-26,M-001,LINE-01,S1,Operator Delay,10.6,No
DT-004016,2026-05-31,M-011,LINE-04,S1,Quality Hold,30.8,No
DT-004017,2026-01-21,M-004,LINE-02,S3,Material Shortage,23.9,No
DT-004018,2026-05-27,M-005,LINE-02,S2,Electrical Failure,43.4,No
DT-004019,2026-01-15,M-006,LINE-02,S1,Material Shortage,15.3,No
DT-004020,2026-05-07,M-010,LINE-04,S3,Operator Delay,34.1,No
DT-004021,2026-04-28,M-002,LINE-01,S1,Electrical Failure,63.7,No
DT-004022,2026-03-30,M-010,LINE-04,S2,Changeover,53.2,Yes
DT-004023,2026-01-08,M-006,LINE-02,S1,Mechanical Failure,51.0,No
DT-004024,2026-06-02,M-007,LINE-03,S3,Electrical Failure,12.1,No
DT-004025,2026-04-24,M-006,LINE-02,S1,Electrical Failure,113.0,No
DT-004026,2026-05-31,M-011,LINE-04,S1,Mechanical Failure,47.2,No
DT-004027,2026-04-23,M-001,LINE-01,S2,Electrical Failure,25.0,No
DT-004028,2026-03-10,M-010,LINE-04,S1,Mechanical Failure,86.6,No
DT-004029,2026-03-04,M-011,LINE-04,S1,Cleaning,16.3,No
DT-004030,2026-05-27,M-002,LINE-01,S1,Material Shortage,23.9,No
DT-004031,2026-03-15,M-009,LINE-03,S1,Operator Delay,50.8,No
DT-004032,2026-06-26,M-006,LINE-02,S1,Mechanical Failure,105.3,No
DT-004033,2026-04-20,M-005,LINE-02,S1,Changeover,20.9,Yes
DT-004034,2026-05-13,M-007,LINE-03,S2,Material Shortage,53.2,No
DT-004035,2026-03-10,M-008,LINE-03,S1,Mechanical Failure,30.1,No
DT-004036,2026-04-21,M-009,LINE-03,S3,Material Shortage,18.4,No
DT-004037,2026-05-05,M-004,LINE-02,S3,Mechanical Failure,53.8,No
DT-004038,2026-01-10,M-010,LINE-04,S1,Mechanical Failure,67.5,No
DT-004039,2026-01-01,M-006,LINE-02,S1,Changeover,31.1,Yes
DT-004040,2026-04-28,M-004,LINE-02,S1,Mechanical Failure,4.2,No
DT-004041,2026-04-25,M-003,LINE-01,S1,Mechanical Failure,17.9,No
DT-004042,2026-05-11,M-001,LINE-01,S3,Electrical Failure,45.9,No
DT-004043,2026-02-17,M-003,LINE-01,S1,Material Shortage,8.2,No
DT-004044,2026-02-28,M-011,LINE-04,S3,Operator Delay,12.7,No
DT-004045,2026-01-21,M-007,LINE-03,S1,Mechanical Failure,117.8,No
DT-004046,2026-03-07,M-012,LINE-04,S3,Quality Hold,42.4,No
DT-004047,2026-01-17,M-010,LINE-04,S2,Mechanical Failure,139.4,No
DT-004048,2026-02-14,M-001,LINE-01,S1,Electrical Failure,150.1,No
DT-004049,2026-03-25,M-010,LINE-04,S2,Mechanical Failure,10.0,No
DT-004050,2026-04-01,M-006,LINE-02,S3,Operator Delay,20.9,No
DT-004051,2026-03-26,M-004,LINE-02,S2,Mechanical Failure,19.6,No
DT-004052,2026-04-27,M-008,LINE-03,S3,Material Shortage,22.7,No
DT-004053,2026-06-03,M-011,LINE-04,S1,Changeover,17.0,Yes
DT-004054,2026-01-28,M-001,LINE-01,S2,Material Shortage,38.8,No
DT-004055,2026-04-24,M-008,LINE-03,S1,Material Shortage,13.8,No
DT-004056,2026-03-30,M-002,LINE-01,S1,Mechanical Failure,41.6,No
DT-004057,2026-03-14,M-007,LINE-03,S2,Changeover,29.6,Yes
DT-004058,2026-05-06,M-011,LINE-04,S1,Electrical Failure,54.7,No
DT-004059,2026-03-02,M-002,LINE-01,S1,Electrical Failure,35.7,No
DT-004060,2026-04-01,M-003,LINE-01,S1,Mechanical Failure,17.4,No
DT-004061,2026-01-22,M-001,LINE-01,S2,Material Shortage,8.9,No
DT-004062,2026-06-11,M-009,LINE-03,S2,Mechanical Failure,21.0,No
DT-004063,2026-04-13,M-002,LINE-01,S2,Electrical Failure,7.2,No
DT-004064,2026-05-07,M-010,LINE-04,S2,Material Shortage,24.6,No
DT-004065,2026-04-08,M-005,LINE-02,S1,Mechanical Failure,41.1,No
DT-004066,2026-06-10,M-003,LINE-01,S2,Material Shortage,3.8,No
DT-004067,2026-05-31,M-006,LINE-02,S2,Material Shortage,25.8,No
DT-004068,2026-02-11,M-003,LINE-01,S1,Changeover,6.8,Yes
DT-004069,2026-01-05,M-012,LINE-04,S3,Mechanical Failure,36.2,No
DT-004070,2026-01-18,M-009,LINE-03,S1,Operator Delay,7.3,No
DT-004071,2026-01-12,M-009,LINE-03,S1,Material Shortage,19.6,No
DT-004072,2026-03-18,M-002,LINE-01,S1,Mechanical Failure,18.5,No
DT-004073,2026-05-28,M-003,LINE-01,S1,Material Shortage,56.8,No
DT-004074,2026-06-30,M-011,LINE-04,S1,Material Shortage,20.9,No
DT-004075,2026-01-16,M-002,LINE-01,S1,Electrical Failure,52.6,No
DT-004076,2026-04-17,M-002,LINE-01,S1,Changeover,27.0,Yes
DT-004077,2026-02-02,M-002,LINE-01,S1,Electrical Failure,95.8,No
DT-004078,2026-03-26,M-006,LINE-02,S2,Electrical Failure,51.8,No
DT-004079,2026-03-06,M-005,LINE-02,S1,Material Shortage,15.9,No
DT-004080,2026-05-14,M-004,LINE-02,S1,Cleaning,15.9,No
DT-004081,2026-03-29,M-007,LINE-03,S2,Electrical Failure,21.3,No
DT-004082,2026-03-17,M-004,LINE-02,S2,Material Shortage,5.9,No
DT-004083,2026-03-30,M-002,LINE-01,S3,Mechanical Failure,55.1,No
DT-004084,2026-01-26,M-004,LINE-02,S1,Mechanical Failure,38.1,No
DT-004085,2026-03-07,M-010,LINE-04,S2,Mechanical Failure,32.2,No
DT-004086,2026-03-28,M-007,LINE-03,S1,Electrical Failure,42.7,No
DT-004087,2026-01-11,M-001,LINE-01,S3,Changeover,25.3,Yes
DT-004088,2026-05-06,M-006,LINE-02,S3,Changeover,13.8,Yes
DT-004089,2026-05-04,M-007,LINE-03,S3,Mechanical Failure,17.6,No
DT-004090,2026-04-13,M-006,LINE-02,S1,Cleaning,15.2,No
DT-004091,2026-06-16,M-001,LINE-01,S2,Changeover,18.5,Yes
DT-004092,2026-01-16,M-010,LINE-04,S3,Electrical Failure,15.6,No
DT-004093,2026-01-14,M-007,LINE-03,S1,Electrical Failure,65.4,No
DT-004094,2026-01-25,M-001,LINE-01,S2,Changeover,12.4,Yes
DT-004095,2026-05-17,M-002,LINE-01,S2,Electrical Failure,57.0,No
DT-004096,2026-04-19,M-012,LINE-04,S2,Electrical Failure,21.3,No
DT-004097,2026-03-03,M-001,LINE-01,S1,Material Shortage,36.5,No
DT-004098,2026-06-21,M-005,LINE-02,S1,Mechanical Failure,50.2,No
DT-004099,2026-06-14,M-011,LINE-04,S3,Changeover,61.5,Yes
DT-004100,2026-01-28,M-008,LINE-03,S1,Operator Delay,11.5,No
DT-004101,2026-04-03,M-001,LINE-01,S1,Mechanical Failure,26.3,No
DT-004102,2026-06-08,M-005,LINE-02,S1,Changeover,28.9,Yes
DT-004103,2026-02-24,M-005,LINE-02,S2,Mechanical Failure,11.2,No
DT-004104,2026-04-07,M-006,LINE-02,S2,Changeover,22.8,Yes
DT-004105,2026-01-22,M-009,LINE-03,S1,Cleaning,3.0,No
DT-004106,2026-06-14,M-007,LINE-03,S1,Mechanical Failure,70.1,No
DT-004107,2026-02-11,M-001,LINE-01,S2,Material Shortage,18.7,No
DT-004108,2026-05-15,M-009,LINE-03,S3,Cleaning,22.5,No
DT-004109,2026-01-12,M-012,LINE-04,S1,Material Shortage,101.6,No
DT-004110,2026-03-16,M-010,LINE-04,S1,Quality Hold,5.8,No
DT-004111,2026-03-04,M-010,LINE-04,S1,Cleaning,6.1,No
DT-004112,2026-01-14,M-002,LINE-01,S1,Material Shortage,76.1,No
DT-004113,2026-06-07,M-009,LINE-03,S2,Operator Delay,8.3,No
DT-004114,2026-06-19,M-002,LINE-01,S1,Electrical Failure,8.3,No
DT-004115,2026-04-23,M-009,LINE-03,S1,Mechanical Failure,76.6,No
DT-004116,2026-04-11,M-009,LINE-03,S1,Electrical Failure,12.4,No
DT-004117,2026-02-09,M-001,LINE-01,S2,Quality Hold,19.9,No
DT-004118,2026-05-19,M-006,LINE-02,S1,Material Shortage,12.8,No
DT-004119,2026-04-19,M-011,LINE-04,S3,Operator Delay,13.1,No
DT-004120,2026-04-22,M-008,LINE-03,S2,Cleaning,18.3,No
DT-004121,2026-04-03,M-010,LINE-04,S1,Mechanical Failure,74.0,No
DT-004122,2026-01-15,M-001,LINE-01,S1,Mechanical Failure,37.0,No
DT-004123,2026-02-03,M-006,LINE-02,S3,Mechanical Failure,26.9,No
DT-004124,2026-02-02,M-012,LINE-04,S2,Changeover,19.1,Yes
DT-004125,2026-01-18,M-011,LINE-04,S3,Mechanical Failure,18.6,No
DT-004126,2026-03-24,M-006,LINE-02,S1,Mechanical Failure,31.7,No
DT-004127,2026-04-11,M-005,LINE-02,S2,Mechanical Failure,50.5,No
DT-004128,2026-01-04,M-001,LINE-01,S1,Mechanical Failure,13.3,No
DT-004129,2026-03-23,M-012,LINE-04,S3,Operator Delay,42.3,No
DT-004130,2026-03-01,M-009,LINE-03,S3,Electrical Failure,50.9,No
DT-004131,2026-05-08,M-001,LINE-01,S3,Changeover,18.1,Yes
DT-004132,2026-03-20,M-002,LINE-01,S3,Quality Hold,35.0,No
DT-004133,2026-03-21,M-004,LINE-02,S3,Mechanical Failure,64.1,No
DT-004134,2026-01-01,M-001,LINE-01,S2,Material Shortage,5.8,No
DT-004135,2026-04-18,M-008,LINE-03,S2,Preventive Maintenance,8.8,Yes
DT-004136,2026-04-12,M-012,LINE-04,S1,Mechanical Failure,47.2,No
DT-004137,2026-01-17,M-007,LINE-03,S2,Mechanical Failure,8.8,No
DT-004138,2026-05-07,M-007,LINE-03,S3,Mechanical Failure,49.8,No
DT-004139,2026-05-26,M-001,LINE-01,S2,Mechanical Failure,13.3,No
DT-004140,2026-06-26,M-010,LINE-04,S1,Changeover,86.1,Yes
DT-004141,2026-01-25,M-003,LINE-01,S2,Mechanical Failure,59.9,No
DT-004142,2026-05-31,M-010,LINE-04,S2,Mechanical Failure,42.3,No
DT-004143,2026-04-28,M-004,LINE-02,S1,Electrical Failure,13.3,No
DT-004144,2026-02-07,M-001,LINE-01,S1,Quality Hold,16.8,No
DT-004145,2026-06-25,M-004,LINE-02,S1,Mechanical Failure,31.7,No
DT-004146,2026-03-21,M-004,LINE-02,S3,Mechanical Failure,36.6,No
DT-004147,2026-03-17,M-004,LINE-02,S1,Quality Hold,60.1,No
DT-004148,2026-06-28,M-004,LINE-02,S3,Quality Hold,33.4,No
DT-004149,2026-05-11,M-012,LINE-04,S1,Mechanical Failure,68.6,No
DT-004150,2026-05-29,M-002,LINE-01,S2,Material Shortage,38.4,No
DT-004151,2026-05-25,M-003,LINE-01,S1,Electrical Failure,61.0,No
DT-004152,2026-01-06,M-003,LINE-01,S1,Mechanical Failure,9.2,No
DT-004153,2026-06-14,M-011,LINE-04,S3,Material Shortage,47.6,No
DT-004154,2026-03-10,M-010,LINE-04,S1,Material Shortage,22.9,No
DT-004155,2026-03-23,M-010,LINE-04,S2,Mechanical Failure,41.1,No
DT-004156,2026-02-10,M-004,LINE-02,S1,Mechanical Failure,60.9,No
DT-004157,2026-01-03,M-003,LINE-01,S3,Changeover,3.0,Yes
DT-004158,2026-01-08,M-005,LINE-02,S3,Electrical Failure,18.7,No
DT-004159,2026-03-09,M-002,LINE-01,S2,Mechanical Failure,4.2,No
DT-004160,2026-05-28,M-007,LINE-03,S2,Electrical Failure,27.4,No
DT-004161,2026-05-01,M-005,LINE-02,S1,Operator Delay,33.5,No
DT-004162,2026-01-14,M-009,LINE-03,S3,Mechanical Failure,132.1,No
DT-004163,2026-04-06,M-007,LINE-03,S1,Changeover,3.0,Yes
DT-004164,2026-02-08,M-003,LINE-01,S3,Operator Delay,8.4,No
DT-004165,2026-03-08,M-007,LINE-03,S1,Changeover,55.8,Yes
DT-004166,2026-03-13,M-002,LINE-01,S1,Electrical Failure,180.0,No
DT-004167,2026-04-08,M-010,LINE-04,S3,Electrical Failure,55.1,No
DT-004168,2026-05-14,M-004,LINE-02,S2,Material Shortage,35.2,No
DT-004169,2026-05-27,M-003,LINE-01,S2,Electrical Failure,16.0,No
DT-004170,2026-01-07,M-004,LINE-02,S1,Mechanical Failure,34.2,No
DT-004171,2026-04-28,M-005,LINE-02,S2,Cleaning,8.5,No
DT-004172,2026-05-22,M-005,LINE-02,S2,Mechanical Failure,71.3,No
DT-004173,2026-01-13,M-012,LINE-04,S1,Mechanical Failure,5.4,No
DT-004174,2026-06-10,M-008,LINE-03,S2,Changeover,38.2,Yes
DT-004175,2026-01-08,M-001,LINE-01,S2,Cleaning,7.4,No
DT-004176,2026-05-17,M-009,LINE-03,S2,Electrical Failure,75.5,No
DT-004177,2026-04-10,M-004,LINE-02,S3,Material Shortage,14.3,No
DT-004178,2026-05-29,M-010,LINE-04,S3,Electrical Failure,3.0,No
DT-004179,2026-05-29,M-001,LINE-01,S2,Electrical Failure,120.6,No
DT-004180,2026-03-30,M-002,LINE-01,S3,Mechanical Failure,48.1,No
DT-004181,2026-04-17,M-005,LINE-02,S3,Material Shortage,82.9,No
DT-004182,2026-01-23,M-002,LINE-01,S2,Mechanical Failure,26.7,No
DT-004183,2026-02-16,M-007,LINE-03,S2,Operator Delay,8.5,No
DT-004184,2026-03-28,M-010,LINE-04,S1,Changeover,13.5,Yes
DT-004185,2026-05-26,M-006,LINE-02,S3,Electrical Failure,12.2,No
DT-004186,2026-04-30,M-001,LINE-01,S3,Changeover,3.0,Yes
DT-004187,2026-02-14,M-003,LINE-01,S1,Cleaning,10.3,No
DT-004188,2026-02-27,M-011,LINE-04,S1,Electrical Failure,22.8,No
DT-004189,2026-03-26,M-006,LINE-02,S2,Quality Hold,24.4,No
DT-004190,2026-05-16,M-011,LINE-04,S3,Cleaning,6.0,No
DT-004191,2026-02-24,M-009,LINE-03,S2,Cleaning,3.0,No
DT-004192,2026-06-22,M-012,LINE-04,S2,Electrical Failure,20.1,No
DT-004193,2026-02-17,M-003,LINE-01,S1,Changeover,9.9,Yes
DT-004194,2026-03-13,M-005,LINE-02,S1,Changeover,27.4,Yes
DT-004195,2026-05-14,M-004,LINE-02,S1,Changeover,4.1,Yes
DT-004196,2026-05-17,M-007,LINE-03,S3,Electrical Failure,115.6,No
DT-004197,2026-01-14,M-006,LINE-02,S1,Changeover,56.0,Yes
DT-004198,2026-06-08,M-001,LINE-01,S1,Electrical Failure,15.9,No
DT-004199,2026-02-12,M-005,LINE-02,S3,Material Shortage,17.2,No
DT-004200,2026-03-20,M-008,LINE-03,S1,Material Shortage,24.9,No
DT-004201,2026-01-20,M-010,LINE-04,S2,Electrical Failure,21.5,No
DT-004202,2026-04-09,M-012,LINE-04,S1,Mechanical Failure,18.4,No
DT-004203,2026-06-20,M-004,LINE-02,S1,Preventive Maintenance,39.4,Yes
DT-004204,2026-05-05,M-002,LINE-01,S2,Electrical Failure,21.6,No
DT-004205,2026-05-04,M-006,LINE-02,S1,Changeover,18.5,Yes
DT-004206,2026-03-08,M-006,LINE-02,S1,Changeover,3.0,Yes
DT-004207,2026-04-10,M-006,LINE-02,S1,Mechanical Failure,35.4,No
DT-004208,2026-05-23,M-004,LINE-02,S2,Mechanical Failure,27.8,No
DT-004209,2026-04-11,M-001,LINE-01,S2,Electrical Failure,22.8,No
DT-004210,2026-03-14,M-001,LINE-01,S3,Material Shortage,31.5,No
DT-004211,2026-03-11,M-010,LINE-04,S3,Material Shortage,71.1,No
DT-004212,2026-06-03,M-001,LINE-01,S2,Cleaning,7.1,No
DT-004213,2026-02-20,M-002,LINE-01,S2,Changeover,11.4,Yes
DT-004214,2026-03-14,M-002,LINE-01,S1,Operator Delay,44.3,No
DT-004215,2026-02-03,M-006,LINE-02,S1,Mechanical Failure,28.1,No
DT-004216,2026-03-18,M-005,LINE-02,S1,Material Shortage,8.8,No
DT-004217,2026-06-07,M-011,LINE-04,S1,Mechanical Failure,12.4,No
DT-004218,2026-06-17,M-009,LINE-03,S1,Changeover,10.5,Yes
DT-004219,2026-05-09,M-004,LINE-02,S2,Mechanical Failure,25.3,No
DT-004220,2026-06-12,M-006,LINE-02,S2,Cleaning,15.4,No
DT-004221,2026-01-26,M-001,LINE-01,S1,Mechanical Failure,18.2,No
DT-004222,2026-06-20,M-002,LINE-01,S3,Mechanical Failure,7.4,No
DT-004223,2026-03-13,M-010,LINE-04,S2,Material Shortage,40.3,No
DT-004224,2026-01-19,M-009,LINE-03,S1,Material Shortage,43.3,No
DT-004225,2026-05-07,M-008,LINE-03,S1,Mechanical Failure,21.2,No
DT-004226,2026-04-14,M-012,LINE-04,S1,Material Shortage,46.6,No
DT-004227,2026-01-12,M-004,LINE-02,S2,Electrical Failure,37.2,No
DT-004228,2026-01-26,M-009,LINE-03,S3,Mechanical Failure,20.2,No
DT-004229,2026-03-25,M-005,LINE-02,S1,Material Shortage,17.1,No
DT-004230,2026-03-31,M-011,LINE-04,S1,Mechanical Failure,44.4,No
DT-004231,2026-03-18,M-009,LINE-03,S2,Electrical Failure,68.8,No
DT-004232,2026-03-27,M-005,LINE-02,S2,Mechanical Failure,9.4,No
DT-004233,2026-02-12,M-011,LINE-04,S2,Changeover,11.0,Yes
DT-004234,2026-01-21,M-011,LINE-04,S3,Operator Delay,5.2,No
DT-004235,2026-02-23,M-012,LINE-04,S2,Operator Delay,40.9,No
DT-004236,2026-01-03,M-010,LINE-04,S1,Changeover,16.4,Yes
DT-004237,2026-04-12,M-002,LINE-01,S1,Mechanical Failure,48.7,No
DT-004238,2026-01-05,M-004,LINE-02,S3,Mechanical Failure,117.7,No
DT-004239,2026-06-24,M-009,LINE-03,S2,Electrical Failure,22.3,No
DT-004240,2026-04-08,M-006,LINE-02,S1,Cleaning,20.3,No
DT-004241,2026-03-10,M-004,LINE-02,S3,Mechanical Failure,54.3,No
DT-004242,2026-01-13,M-008,LINE-03,S2,Preventive Maintenance,24.9,Yes
DT-004243,2026-03-07,M-011,LINE-04,S2,Mechanical Failure,118.7,No
DT-004244,2026-03-18,M-010,LINE-04,S3,Mechanical Failure,65.6,No
DT-004245,2026-03-06,M-011,LINE-04,S3,Preventive Maintenance,17.2,Yes
DT-004246,2026-04-16,M-012,LINE-04,S3,Mechanical Failure,8.0,No
DT-004247,2026-04-22,M-008,LINE-03,S3,Material Shortage,60.5,No
DT-004248,2026-01-28,M-008,LINE-03,S3,Material Shortage,78.8,No
DT-004249,2026-05-12,M-012,LINE-04,S1,Mechanical Failure,21.4,No
DT-004250,2026-03-09,M-001,LINE-01,S1,Electrical Failure,44.7,No
DT-004251,2026-02-23,M-008,LINE-03,S1,Electrical Failure,11.9,No
DT-004252,2026-03-16,M-009,LINE-03,S3,Changeover,39.8,Yes
DT-004253,2026-04-01,M-011,LINE-04,S3,Changeover,20.9,Yes
DT-004254,2026-01-03,M-002,LINE-01,S1,Mechanical Failure,82.4,No
DT-004255,2026-05-22,M-005,LINE-02,S1,Quality Hold,55.9,No
DT-004256,2026-03-31,M-012,LINE-04,S1,Quality Hold,21.3,No
DT-004257,2026-02-17,M-001,LINE-01,S2,Quality Hold,19.2,No
DT-004258,2026-04-21,M-012,LINE-04,S2,Mechanical Failure,61.8,No
DT-004259,2026-06-30,M-010,LINE-04,S3,Mechanical Failure,25.3,No
DT-004260,2026-05-16,M-011,LINE-04,S1,Mechanical Failure,46.8,No
DT-004261,2026-05-03,M-009,LINE-03,S1,Changeover,9.6,Yes
DT-004262,2026-01-14,M-001,LINE-01,S1,Electrical Failure,23.2,No
DT-004263,2026-06-05,M-006,LINE-02,S1,Quality Hold,5.3,No
DT-004264,2026-06-14,M-012,LINE-04,S1,Changeover,20.6,Yes
DT-004265,2026-04-26,M-012,LINE-04,S1,Mechanical Failure,40.5,No
DT-004266,2026-06-28,M-005,LINE-02,S3,Changeover,23.3,Yes
DT-004267,2026-05-17,M-009,LINE-03,S2,Mechanical Failure,70.4,No
DT-004268,2026-01-22,M-009,LINE-03,S1,Changeover,41.8,Yes
DT-004269,2026-06-19,M-011,LINE-04,S1,Mechanical Failure,119.8,No
DT-004270,2026-06-14,M-006,LINE-02,S3,Mechanical Failure,67.9,No
DT-004271,2026-06-05,M-005,LINE-02,S2,Changeover,18.5,Yes
DT-004272,2026-01-30,M-007,LINE-03,S2,Mechanical Failure,17.5,No
DT-004273,2026-05-13,M-004,LINE-02,S1,Mechanical Failure,39.6,No
DT-004274,2026-05-23,M-003,LINE-01,S2,Cleaning,17.0,No
DT-004275,2026-04-20,M-007,LINE-03,S3,Material Shortage,47.4,No
DT-004276,2026-02-01,M-011,LINE-04,S3,Changeover,41.3,Yes
DT-004277,2026-03-05,M-006,LINE-02,S1,Operator Delay,46.1,No
DT-004278,2026-06-04,M-009,LINE-03,S1,Mechanical Failure,40.0,No
DT-004279,2026-04-14,M-009,LINE-03,S3,Mechanical Failure,58.7,No
DT-004280,2026-04-24,M-007,LINE-03,S2,Mechanical Failure,116.2,No
DT-004281,2026-05-01,M-009,LINE-03,S1,Mechanical Failure,30.3,No
DT-004282,2026-01-31,M-003,LINE-01,S3,Cleaning,16.5,No
DT-004283,2026-01-14,M-001,LINE-01,S1,Changeover,42.6,Yes
DT-004284,2026-03-21,M-005,LINE-02,S1,Mechanical Failure,13.1,No
DT-004285,2026-04-29,M-003,LINE-01,S1,Quality Hold,13.5,No
DT-004286,2026-01-15,M-005,LINE-02,S3,Changeover,24.0,Yes
DT-004287,2026-02-11,M-011,LINE-04,S1,Mechanical Failure,50.8,No
DT-004288,2026-02-04,M-001,LINE-01,S2,Mechanical Failure,68.2,No
DT-004289,2026-03-15,M-005,LINE-02,S1,Cleaning,3.0,No
DT-004290,2026-05-01,M-008,LINE-03,S3,Mechanical Failure,52.2,No
DT-004291,2026-06-28,M-010,LINE-04,S3,Electrical Failure,24.8,No
DT-004292,2026-01-15,M-007,LINE-03,S2,Operator Delay,23.8,No
DT-004293,2026-02-25,M-001,LINE-01,S1,Preventive Maintenance,4.1,Yes
DT-004294,2026-06-16,M-007,LINE-03,S3,Material Shortage,35.6,No
DT-004295,2026-05-09,M-007,LINE-03,S3,Quality Hold,29.4,No
DT-004296,2026-02-06,M-006,LINE-02,S2,Mechanical Failure,26.7,No
DT-004297,2026-01-05,M-009,LINE-03,S2,Electrical Failure,55.3,No
DT-004298,2026-06-11,M-003,LINE-01,S1,Cleaning,4.5,No
DT-004299,2026-06-14,M-001,LINE-01,S2,Operator Delay,32.1,No
DT-004300,2026-06-15,M-008,LINE-03,S2,Electrical Failure,30.8,No
DT-004301,2026-05-04,M-011,LINE-04,S1,Electrical Failure,11.9,No
DT-004302,2026-05-06,M-006,LINE-02,S3,Material Shortage,83.7,No
DT-004303,2026-05-19,M-003,LINE-01,S2,Cleaning,8.3,No
DT-004304,2026-03-02,M-008,LINE-03,S3,Material Shortage,10.9,No
DT-004305,2026-01-19,M-001,LINE-01,S2,Mechanical Failure,18.2,No
DT-004306,2026-03-20,M-003,LINE-01,S1,Operator Delay,20.2,No
DT-004307,2026-04-04,M-008,LINE-03,S1,Quality Hold,61.4,No
DT-004308,2026-02-11,M-006,LINE-02,S2,Operator Delay,5.2,No
DT-004309,2026-01-11,M-010,LINE-04,S2,Quality Hold,4.5,No
DT-004310,2026-02-15,M-010,LINE-04,S1,Electrical Failure,77.0,No
DT-004311,2026-03-03,M-007,LINE-03,S1,Mechanical Failure,9.5,No
DT-004312,2026-04-09,M-008,LINE-03,S1,Quality Hold,51.4,No
DT-004313,2026-01-25,M-004,LINE-02,S1,Preventive Maintenance,75.3,Yes
DT-004314,2026-03-02,M-001,LINE-01,S1,Electrical Failure,44.1,No
DT-004315,2026-06-02,M-007,LINE-03,S2,Electrical Failure,13.7,No
DT-004316,2026-06-25,M-009,LINE-03,S3,Mechanical Failure,68.8,No
DT-004317,2026-04-29,M-003,LINE-01,S1,Cleaning,30.1,No
DT-004318,2026-06-29,M-010,LINE-04,S3,Changeover,28.9,Yes
DT-004319,2026-05-30,M-006,LINE-02,S3,Operator Delay,12.4,No
DT-004320,2026-04-08,M-003,LINE-01,S2,Material Shortage,76.7,No
DT-004321,2026-06-14,M-006,LINE-02,S3,Changeover,48.2,Yes
DT-004322,2026-03-05,M-007,LINE-03,S1,Changeover,36.9,Yes
DT-004323,2026-02-10,M-003,LINE-01,S1,Mechanical Failure,150.7,No
DT-004324,2026-04-08,M-011,LINE-04,S1,Mechanical Failure,19.7,No
DT-004325,2026-02-22,M-011,LINE-04,S3,Cleaning,20.9,No
DT-004326,2026-01-29,M-001,LINE-01,S1,Preventive Maintenance,26.3,Yes
DT-004327,2026-03-29,M-008,LINE-03,S2,Material Shortage,11.6,No
DT-004328,2026-04-23,M-010,LINE-04,S1,Quality Hold,4.3,No
DT-004329,2026-04-18,M-002,LINE-01,S2,Changeover,14.3,Yes
DT-004330,2026-04-30,M-010,LINE-04,S3,Mechanical Failure,11.3,No
DT-004331,2026-06-09,M-001,LINE-01,S3,Material Shortage,27.6,No
DT-004332,2026-01-20,M-011,LINE-04,S2,Changeover,55.6,Yes
DT-004333,2026-03-14,M-003,LINE-01,S2,Mechanical Failure,27.8,No
DT-004334,2026-04-15,M-012,LINE-04,S1,Mechanical Failure,53.3,No
DT-004335,2026-02-11,M-012,LINE-04,S3,Preventive Maintenance,75.3,Yes
DT-004336,2026-02-13,M-004,LINE-02,S3,Mechanical Failure,42.5,No
DT-004337,2026-03-17,M-009,LINE-03,S3,Electrical Failure,10.0,No
DT-004338,2026-02-14,M-004,LINE-02,S1,Cleaning,13.1,No
DT-004339,2026-04-14,M-010,LINE-04,S2,Mechanical Failure,31.6,No
DT-004340,2026-06-07,M-010,LINE-04,S1,Electrical Failure,31.1,No
DT-004341,2026-05-20,M-003,LINE-01,S3,Cleaning,4.0,No
DT-004342,2026-06-17,M-008,LINE-03,S2,Operator Delay,7.6,No
DT-004343,2026-06-10,M-003,LINE-01,S3,Material Shortage,25.8,No
DT-004344,2026-04-12,M-003,LINE-01,S3,Operator Delay,13.1,No
DT-004345,2026-02-11,M-004,LINE-02,S1,Mechanical Failure,48.9,No
DT-004346,2026-06-14,M-004,LINE-02,S2,Material Shortage,14.7,No
DT-004347,2026-01-10,M-005,LINE-02,S2,Mechanical Failure,30.6,No
DT-004348,2026-01-17,M-008,LINE-03,S1,Cleaning,12.2,No
DT-004349,2026-05-01,M-009,LINE-03,S1,Changeover,54.2,Yes
DT-004350,2026-03-30,M-008,LINE-03,S1,Operator Delay,14.3,No
DT-004351,2026-02-16,M-005,LINE-02,S2,Quality Hold,6.1,No
DT-004352,2026-02-27,M-010,LINE-04,S1,Operator Delay,3.5,No
DT-004353,2026-03-06,M-010,LINE-04,S1,Operator Delay,42.4,No
DT-004354,2026-04-20,M-005,LINE-02,S2,Changeover,17.4,Yes
DT-004355,2026-04-06,M-005,LINE-02,S2,Operator Delay,7.8,No
DT-004356,2026-03-08,M-008,LINE-03,S2,Electrical Failure,10.7,No
DT-004357,2026-06-22,M-010,LINE-04,S3,Material Shortage,14.9,No
DT-004358,2026-03-14,M-011,LINE-04,S1,Preventive Maintenance,38.1,Yes
DT-004359,2026-05-17,M-004,LINE-02,S2,Mechanical Failure,3.5,No
DT-004360,2026-01-11,M-009,LINE-03,S1,Electrical Failure,63.8,No
DT-004361,2026-01-12,M-011,LINE-04,S3,Material Shortage,26.1,No
DT-004362,2026-01-20,M-012,LINE-04,S1,Mechanical Failure,48.5,No
DT-004363,2026-06-14,M-006,LINE-02,S2,Electrical Failure,97.3,No
DT-004364,2026-04-02,M-001,LINE-01,S2,Mechanical Failure,16.6,No
DT-004365,2026-05-03,M-006,LINE-02,S3,Operator Delay,9.5,No
DT-004366,2026-05-21,M-011,LINE-04,S1,Mechanical Failure,17.2,No
DT-004367,2026-02-08,M-008,LINE-03,S1,Preventive Maintenance,54.9,Yes
DT-004368,2026-05-15,M-007,LINE-03,S1,Operator Delay,3.4,No
DT-004369,2026-05-13,M-006,LINE-02,S1,Electrical Failure,30.0,No
DT-004370,2026-02-19,M-012,LINE-04,S2,Mechanical Failure,31.1,No
DT-004371,2026-03-20,M-012,LINE-04,S2,Quality Hold,20.4,No
DT-004372,2026-06-06,M-011,LINE-04,S2,Electrical Failure,47.6,No
DT-004373,2026-04-10,M-002,LINE-01,S1,Mechanical Failure,20.7,No
DT-004374,2026-04-03,M-004,LINE-02,S3,Material Shortage,19.0,No
DT-004375,2026-06-12,M-009,LINE-03,S1,Quality Hold,34.4,No
DT-004376,2026-06-10,M-009,LINE-03,S2,Cleaning,10.6,No
DT-004377,2026-06-24,M-012,LINE-04,S2,Cleaning,29.4,No
DT-004378,2026-01-22,M-009,LINE-03,S3,Mechanical Failure,51.6,No
DT-004379,2026-04-12,M-009,LINE-03,S1,Mechanical Failure,14.6,No
DT-004380,2026-02-11,M-011,LINE-04,S2,Material Shortage,26.3,No
DT-004381,2026-02-18,M-012,LINE-04,S3,Electrical Failure,53.1,No
DT-004382,2026-04-04,M-006,LINE-02,S1,Mechanical Failure,34.2,No
DT-004383,2026-06-04,M-008,LINE-03,S2,Changeover,23.3,Yes
DT-004384,2026-01-24,M-009,LINE-03,S3,Changeover,3.8,Yes
DT-004385,2026-06-13,M-006,LINE-02,S3,Electrical Failure,42.7,No
DT-004386,2026-04-17,M-007,LINE-03,S1,Material Shortage,22.2,No
DT-004387,2026-03-17,M-010,LINE-04,S1,Material Shortage,13.6,No
DT-004388,2026-06-29,M-005,LINE-02,S2,Cleaning,17.4,No
DT-004389,2026-01-03,M-012,LINE-04,S1,Electrical Failure,84.3,No
DT-004390,2026-03-18,M-008,LINE-03,S1,Changeover,16.0,Yes
DT-004391,2026-01-08,M-010,LINE-04,S2,Electrical Failure,36.9,No
DT-004392,2026-04-01,M-009,LINE-03,S3,Operator Delay,10.7,No
DT-004393,2026-02-20,M-004,LINE-02,S1,Material Shortage,62.2,No
DT-004394,2026-03-27,M-011,LINE-04,S2,Operator Delay,13.7,No
DT-004395,2026-03-26,M-003,LINE-01,S2,Quality Hold,69.3,No
DT-004396,2026-06-09,M-005,LINE-02,S2,Material Shortage,94.7,No
DT-004397,2026-05-15,M-008,LINE-03,S3,Changeover,37.3,Yes
DT-004398,2026-01-29,M-004,LINE-02,S3,Material Shortage,9.1,No
DT-004399,2026-06-09,M-012,LINE-04,S2,Electrical Failure,10.2,No
DT-004400,2026-03-22,M-006,LINE-02,S1,Cleaning,19.8,No
DT-004401,2026-05-12,M-001,LINE-01,S2,Mechanical Failure,41.8,No
DT-004402,2026-06-11,M-008,LINE-03,S3,Material Shortage,16.4,No
DT-004403,2026-03-08,M-012,LINE-04,S2,Material Shortage,12.0,No
DT-004404,2026-04-09,M-008,LINE-03,S1,Cleaning,11.6,No
DT-004405,2026-02-25,M-007,LINE-03,S3,Mechanical Failure,32.8,No
DT-004406,2026-05-30,M-012,LINE-04,S1,Material Shortage,44.5,No
DT-004407,2026-02-02,M-004,LINE-02,S1,Mechanical Failure,25.8,No
DT-004408,2026-05-03,M-001,LINE-01,S1,Electrical Failure,92.9,No
DT-004409,2026-05-15,M-002,LINE-01,S2,Electrical Failure,16.9,No
DT-004410,2026-05-25,M-005,LINE-02,S3,Electrical Failure,26.3,No
DT-004411,2026-03-10,M-011,LINE-04,S3,Electrical Failure,14.7,No
DT-004412,2026-03-06,M-006,LINE-02,S2,Material Shortage,21.9,No
DT-004413,2026-05-24,M-003,LINE-01,S3,Mechanical Failure,8.8,No
DT-004414,2026-05-22,M-001,LINE-01,S1,Preventive Maintenance,15.0,Yes
DT-004415,2026-05-30,M-005,LINE-02,S1,Mechanical Failure,36.1,No
DT-004416,2026-05-16,M-002,LINE-01,S1,Mechanical Failure,19.3,No
DT-004417,2026-01-24,M-009,LINE-03,S2,Quality Hold,50.6,No
DT-004418,2026-01-11,M-009,LINE-03,S1,Electrical Failure,43.2,No
DT-004419,2026-06-04,M-002,LINE-01,S1,Operator Delay,17.1,No
DT-004420,2026-02-05,M-002,LINE-01,S3,Mechanical Failure,38.0,No
DT-004421,2026-04-20,M-001,LINE-01,S1,Changeover,134.4,Yes
DT-004422,2026-05-14,M-007,LINE-03,S2,Mechanical Failure,61.3,No
DT-004423,2026-01-19,M-003,LINE-01,S3,Quality Hold,33.8,No
DT-004424,2026-05-23,M-011,LINE-04,S3,Operator Delay,9.8,No
DT-004425,2026-06-03,M-001,LINE-01,S2,Operator Delay,8.6,No
DT-004426,2026-03-31,M-010,LINE-04,S2,Mechanical Failure,50.2,No
DT-004427,2026-03-12,M-007,LINE-03,S3,Electrical Failure,40.5,No
DT-004428,2026-03-04,M-006,LINE-02,S2,Electrical Failure,54.7,No
DT-004429,2026-04-18,M-004,LINE-02,S1,Operator Delay,22.2,No
DT-004430,2026-05-01,M-012,LINE-04,S1,Quality Hold,9.7,No
DT-004431,2026-01-28,M-001,LINE-01,S2,Quality Hold,10.5,No
DT-004432,2026-04-21,M-002,LINE-01,S3,Mechanical Failure,3.0,No
DT-004433,2026-02-13,M-010,LINE-04,S3,Material Shortage,9.4,No
DT-004434,2026-05-23,M-007,LINE-03,S2,Mechanical Failure,98.5,No
DT-004435,2026-01-18,M-006,LINE-02,S2,Mechanical Failure,52.3,No
DT-004436,2026-06-07,M-002,LINE-01,S1,Electrical Failure,9.8,No
DT-004437,2026-02-08,M-005,LINE-02,S2,Material Shortage,35.0,No
DT-004438,2026-04-27,M-004,LINE-02,S1,Mechanical Failure,67.0,No
DT-004439,2026-05-12,M-006,LINE-02,S3,Mechanical Failure,11.4,No
DT-004440,2026-05-08,M-005,LINE-02,S2,Cleaning,20.4,No
DT-004441,2026-06-14,M-011,LINE-04,S2,Mechanical Failure,59.9,No
DT-004442,2026-06-18,M-011,LINE-04,S1,Quality Hold,8.6,No
DT-004443,2026-02-26,M-011,LINE-04,S2,Mechanical Failure,36.0,No
DT-004444,2026-01-17,M-008,LINE-03,S3,Changeover,22.2,Yes
DT-004445,2026-01-25,M-008,LINE-03,S2,Electrical Failure,5.4,No
DT-004446,2026-01-16,M-005,LINE-02,S1,Electrical Failure,48.2,No
DT-004447,2026-06-20,M-012,LINE-04,S2,Preventive Maintenance,20.7,Yes
DT-004448,2026-05-28,M-004,LINE-02,S2,Electrical Failure,29.4,No
DT-004449,2026-02-06,M-009,LINE-03,S2,Electrical Failure,58.1,No
DT-004450,2026-03-20,M-012,LINE-04,S2,Operator Delay,31.8,No
DT-004451,2026-05-06,M-002,LINE-01,S1,Electrical Failure,39.8,No
DT-004452,2026-03-28,M-010,LINE-04,S2,Operator Delay,28.9,No
DT-004453,2026-04-20,M-003,LINE-01,S1,Electrical Failure,30.6,No
DT-004454,2026-01-14,M-005,LINE-02,S2,Mechanical Failure,49.9,No
DT-004455,2026-02-03,M-006,LINE-02,S3,Mechanical Failure,13.2,No
DT-004456,2026-02-23,M-002,LINE-01,S2,Electrical Failure,22.9,No
DT-004457,2026-06-23,M-008,LINE-03,S3,Electrical Failure,83.2,No
DT-004458,2026-02-16,M-011,LINE-04,S2,Electrical Failure,123.3,No
DT-004459,2026-05-27,M-002,LINE-01,S2,Quality Hold,35.9,No
DT-004460,2026-05-14,M-007,LINE-03,S2,Preventive Maintenance,10.8,Yes
DT-004461,2026-04-30,M-006,LINE-02,S2,Electrical Failure,11.3,No
DT-004462,2026-03-26,M-008,LINE-03,S2,Electrical Failure,17.3,No
DT-004463,2026-04-19,M-009,LINE-03,S2,Operator Delay,30.9,No
DT-004464,2026-05-15,M-002,LINE-01,S1,Mechanical Failure,43.1,No
DT-004465,2026-04-23,M-001,LINE-01,S2,Electrical Failure,30.0,No
DT-004466,2026-06-23,M-011,LINE-04,S3,Electrical Failure,28.9,No
DT-004467,2026-05-07,M-010,LINE-04,S3,Changeover,19.0,Yes
DT-004468,2026-01-29,M-004,LINE-02,S1,Quality Hold,78.3,No
DT-004469,2026-01-08,M-012,LINE-04,S1,Material Shortage,26.3,No
DT-004470,2026-06-24,M-003,LINE-01,S1,Changeover,21.4,Yes
DT-004471,2026-02-01,M-001,LINE-01,S2,Quality Hold,23.1,No
DT-004472,2026-02-14,M-005,LINE-02,S2,Mechanical Failure,81.8,No
DT-004473,2026-03-05,M-006,LINE-02,S2,Operator Delay,38.5,No
DT-004474,2026-06-14,M-007,LINE-03,S1,Preventive Maintenance,35.3,Yes
DT-004475,2026-01-21,M-004,LINE-02,S1,Material Shortage,29.1,No
DT-004476,2026-02-16,M-010,LINE-04,S2,Mechanical Failure,44.2,No
DT-004477,2026-03-31,M-004,LINE-02,S2,Cleaning,47.7,No
DT-004478,2026-06-03,M-001,LINE-01,S3,Material Shortage,17.4,No
DT-004479,2026-01-24,M-007,LINE-03,S3,Mechanical Failure,31.9,No
DT-004480,2026-06-13,M-011,LINE-04,S1,Mechanical Failure,23.3,No
DT-004481,2026-05-14,M-004,LINE-02,S1,Preventive Maintenance,21.9,Yes
DT-004482,2026-03-16,M-007,LINE-03,S1,Mechanical Failure,30.8,No
DT-004483,2026-04-07,M-003,LINE-01,S3,Cleaning,10.2,No
DT-004484,2026-01-01,M-006,LINE-02,S2,Electrical Failure,94.5,No
DT-004485,2026-05-04,M-002,LINE-01,S1,Mechanical Failure,31.3,No
DT-004486,2026-03-04,M-002,LINE-01,S2,Electrical Failure,122.3,No
DT-004487,2026-06-07,M-005,LINE-02,S2,Electrical Failure,8.0,No
DT-004488,2026-04-16,M-003,LINE-01,S2,Material Shortage,29.9,No
DT-004489,2026-04-15,M-003,LINE-01,S1,Mechanical Failure,59.8,No
DT-004490,2026-02-02,M-006,LINE-02,S2,Changeover,21.8,Yes
DT-004491,2026-04-30,M-007,LINE-03,S3,Changeover,3.5,Yes
DT-004492,2026-02-06,M-011,LINE-04,S2,Electrical Failure,28.7,No
DT-004493,2026-04-15,M-010,LINE-04,S3,Material Shortage,32.9,No
DT-004494,2026-03-17,M-006,LINE-02,S2,Preventive Maintenance,27.4,Yes
DT-004495,2026-03-14,M-003,LINE-01,S3,Mechanical Failure,10.9,No
DT-004496,2026-02-03,M-006,LINE-02,S3,Operator Delay,46.5,No
DT-004497,2026-06-12,M-003,LINE-01,S3,Mechanical Failure,8.5,No
DT-004498,2026-04-22,M-009,LINE-03,S1,Material Shortage,49.6,No
DT-004499,2026-05-11,M-007,LINE-03,S1,Quality Hold,38.1,No
DT-004500,2026-06-04,M-006,LINE-02,S3,Mechanical Failure,9.3,No
DT-004501,2026-04-11,M-008,LINE-03,S1,Mechanical Failure,29.0,No
DT-004502,2026-04-23,M-012,LINE-04,S2,Material Shortage,52.2,No
DT-004503,2026-05-13,M-004,LINE-02,S2,Mechanical Failure,18.4,No
DT-004504,2026-03-01,M-002,LINE-01,S2,Cleaning,6.1,No
DT-004505,2026-01-12,M-012,LINE-04,S1,Mechanical Failure,13.7,No
DT-004506,2026-04-10,M-008,LINE-03,S3,Material Shortage,15.1,No
DT-004507,2026-02-25,M-009,LINE-03,S2,Electrical Failure,56.4,No
DT-004508,2026-04-13,M-002,LINE-01,S1,Changeover,16.6,Yes
DT-004509,2026-04-30,M-006,LINE-02,S3,Changeover,25.7,Yes
DT-004510,2026-06-29,M-011,LINE-04,S3,Mechanical Failure,21.3,No
DT-004511,2026-05-05,M-012,LINE-04,S1,Mechanical Failure,7.9,No
DT-004512,2026-05-27,M-002,LINE-01,S3,Mechanical Failure,3.1,No
DT-004513,2026-05-31,M-009,LINE-03,S3,Material Shortage,46.1,No
DT-004514,2026-03-12,M-005,LINE-02,S1,Electrical Failure,3.0,No
DT-004515,2026-03-04,M-006,LINE-02,S2,Operator Delay,20.8,No
DT-004516,2026-06-03,M-003,LINE-01,S1,Material Shortage,11.9,No
DT-004517,2026-02-22,M-009,LINE-03,S1,Electrical Failure,14.3,No
DT-004518,2026-02-26,M-011,LINE-04,S2,Mechanical Failure,56.1,No
DT-004519,2026-05-23,M-005,LINE-02,S2,Electrical Failure,52.3,No
DT-004520,2026-04-01,M-001,LINE-01,S2,Electrical Failure,29.9,No
DT-004521,2026-05-17,M-012,LINE-04,S1,Mechanical Failure,54.1,No
DT-004522,2026-04-30,M-003,LINE-01,S2,Mechanical Failure,138.7,No
DT-004523,2026-02-20,M-012,LINE-04,S1,Quality Hold,59.2,No
DT-004524,2026-01-23,M-012,LINE-04,S3,Mechanical Failure,22.0,No
DT-004525,2026-01-01,M-004,LINE-02,S3,Material Shortage,46.0,No
DT-004526,2026-03-25,M-004,LINE-02,S1,Preventive Maintenance,40.8,Yes
DT-004527,2026-04-10,M-004,LINE-02,S1,Changeover,33.0,Yes
DT-004528,2026-03-24,M-008,LINE-03,S1,Changeover,5.1,Yes
DT-004529,2026-05-23,M-007,LINE-03,S3,Mechanical Failure,16.0,No
DT-004530,2026-01-31,M-011,LINE-04,S3,Operator Delay,7.3,No
DT-004531,2026-04-12,M-003,LINE-01,S3,Mechanical Failure,15.8,No
DT-004532,2026-04-26,M-004,LINE-02,S3,Material Shortage,3.0,No
DT-004533,2026-03-24,M-012,LINE-04,S2,Preventive Maintenance,46.2,Yes
DT-004534,2026-02-10,M-003,LINE-01,S3,Operator Delay,35.3,No
DT-004535,2026-03-23,M-008,LINE-03,S1,Electrical Failure,86.5,No
DT-004536,2026-05-11,M-005,LINE-02,S3,Changeover,11.5,Yes
DT-004537,2026-02-17,M-012,LINE-04,S2,Changeover,29.4,Yes
DT-004538,2026-06-22,M-008,LINE-03,S2,Mechanical Failure,21.9,No
DT-004539,2026-03-04,M-008,LINE-03,S2,Operator Delay,22.5,No
DT-004540,2026-05-17,M-003,LINE-01,S2,Electrical Failure,10.7,No
DT-004541,2026-01-29,M-008,LINE-03,S2,Mechanical Failure,22.1,No
DT-004542,2026-01-16,M-011,LINE-04,S1,Mechanical Failure,70.9,No
DT-004543,2026-04-04,M-008,LINE-03,S3,Quality Hold,15.2,No
DT-004544,2026-03-22,M-005,LINE-02,S3,Electrical Failure,33.7,No
DT-004545,2026-03-14,M-002,LINE-01,S1,Preventive Maintenance,22.5,Yes
DT-004546,2026-05-16,M-004,LINE-02,S3,Quality Hold,26.6,No
DT-004547,2026-06-23,M-005,LINE-02,S2,Electrical Failure,36.1,No
DT-004548,2026-06-15,M-004,LINE-02,S3,Cleaning,3.0,No
DT-004549,2026-04-17,M-007,LINE-03,S1,Mechanical Failure,56.2,No
DT-004550,2026-03-07,M-009,LINE-03,S3,Cleaning,20.9,No
DT-004551,2026-06-09,M-002,LINE-01,S2,Cleaning,18.6,No
DT-004552,2026-04-17,M-002,LINE-01,S1,Electrical Failure,14.6,No
DT-004553,2026-04-19,M-002,LINE-01,S2,Electrical Failure,32.4,No
DT-004554,2026-05-22,M-005,LINE-02,S3,Mechanical Failure,33.0,No
DT-004555,2026-05-01,M-009,LINE-03,S2,Electrical Failure,10.2,No
DT-004556,2026-05-19,M-003,LINE-01,S2,Mechanical Failure,47.9,No
DT-004557,2026-02-20,M-010,LINE-04,S1,Electrical Failure,39.9,No
DT-004558,2026-04-17,M-002,LINE-01,S1,Material Shortage,68.9,No
DT-004559,2026-04-26,M-001,LINE-01,S2,Changeover,63.0,Yes
DT-004560,2026-06-18,M-012,LINE-04,S2,Material Shortage,43.7,No
DT-004561,2026-03-07,M-012,LINE-04,S3,Mechanical Failure,58.3,No
DT-004562,2026-06-29,M-011,LINE-04,S3,Preventive Maintenance,7.9,Yes
DT-004563,2026-02-06,M-010,LINE-04,S3,Electrical Failure,39.6,No
DT-004564,2026-05-14,M-002,LINE-01,S1,Preventive Maintenance,44.5,Yes
DT-004565,2026-02-15,M-004,LINE-02,S1,Quality Hold,27.3,No
DT-004566,2026-02-15,M-004,LINE-02,S2,Cleaning,27.5,No
DT-004567,2026-04-27,M-002,LINE-01,S1,Quality Hold,30.7,No
DT-004568,2026-03-08,M-003,LINE-01,S3,Mechanical Failure,9.0,No
DT-004569,2026-03-28,M-007,LINE-03,S2,Mechanical Failure,17.1,No
DT-004570,2026-03-17,M-004,LINE-02,S1,Electrical Failure,10.4,No
DT-004571,2026-05-07,M-010,LINE-04,S2,Mechanical Failure,35.6,No
DT-004572,2026-04-05,M-010,LINE-04,S2,Changeover,23.9,Yes
DT-004573,2026-06-20,M-012,LINE-04,S3,Changeover,20.6,Yes
DT-004574,2026-01-27,M-002,LINE-01,S2,Mechanical Failure,55.1,No
DT-004575,2026-02-09,M-007,LINE-03,S2,Changeover,59.4,Yes
DT-004576,2026-04-27,M-007,LINE-03,S1,Mechanical Failure,42.0,No
DT-004577,2026-03-14,M-005,LINE-02,S2,Electrical Failure,21.9,No
DT-004578,2026-04-10,M-001,LINE-01,S2,Mechanical Failure,40.5,No
DT-004579,2026-01-08,M-001,LINE-01,S1,Mechanical Failure,10.9,No
DT-004580,2026-02-13,M-005,LINE-02,S3,Mechanical Failure,26.2,No
DT-004581,2026-02-25,M-010,LINE-04,S2,Mechanical Failure,63.4,No
DT-004582,2026-05-24,M-002,LINE-01,S1,Preventive Maintenance,52.6,Yes
DT-004583,2026-03-08,M-002,LINE-01,S1,Changeover,23.2,Yes
DT-004584,2026-06-01,M-005,LINE-02,S2,Changeover,37.7,Yes
DT-004585,2026-04-06,M-007,LINE-03,S1,Mechanical Failure,71.8,No
DT-004586,2026-02-13,M-006,LINE-02,S3,Mechanical Failure,67.8,No
DT-004587,2026-04-16,M-012,LINE-04,S2,Quality Hold,5.8,No
DT-004588,2026-01-25,M-007,LINE-03,S2,Electrical Failure,78.9,No
DT-004589,2026-02-13,M-003,LINE-01,S1,Preventive Maintenance,32.8,Yes
DT-004590,2026-06-12,M-006,LINE-02,S1,Electrical Failure,18.9,No
DT-004591,2026-02-04,M-012,LINE-04,S1,Mechanical Failure,15.9,No
DT-004592,2026-06-30,M-009,LINE-03,S3,Preventive Maintenance,108.0,Yes
DT-004593,2026-06-02,M-001,LINE-01,S1,Operator Delay,3.7,No
DT-004594,2026-05-21,M-011,LINE-04,S2,Mechanical Failure,41.8,No
DT-004595,2026-05-15,M-006,LINE-02,S2,Mechanical Failure,6.2,No
DT-004596,2026-05-11,M-012,LINE-04,S1,Material Shortage,10.5,No
DT-004597,2026-04-12,M-012,LINE-04,S2,Quality Hold,78.8,No
DT-004598,2026-05-16,M-008,LINE-03,S1,Cleaning,28.0,No
DT-004599,2026-03-08,M-008,LINE-03,S2,Mechanical Failure,66.8,No
DT-004600,2026-03-09,M-004,LINE-02,S2,Electrical Failure,68.1,No
DT-004601,2026-04-09,M-009,LINE-03,S1,Mechanical Failure,63.6,No
DT-004602,2026-06-10,M-011,LINE-04,S1,Operator Delay,7.3,No
DT-004603,2026-02-09,M-008,LINE-03,S1,Mechanical Failure,77.3,No
DT-004604,2026-03-19,M-002,LINE-01,S1,Cleaning,13.2,No
DT-004605,2026-05-01,M-004,LINE-02,S1,Electrical Failure,39.3,No
DT-004606,2026-06-04,M-005,LINE-02,S1,Mechanical Failure,74.1,No
DT-004607,2026-01-12,M-012,LINE-04,S2,Mechanical Failure,41.3,No
DT-004608,2026-01-03,M-002,LINE-01,S1,Operator Delay,7.0,No
DT-004609,2026-01-01,M-003,LINE-01,S3,Mechanical Failure,83.9,No
DT-004610,2026-04-17,M-009,LINE-03,S1,Material Shortage,34.9,No
DT-004611,2026-01-30,M-003,LINE-01,S2,Electrical Failure,28.1,No
DT-004612,2026-05-12,M-003,LINE-01,S3,Mechanical Failure,39.1,No
DT-004613,2026-02-15,M-007,LINE-03,S3,Mechanical Failure,16.4,No
DT-004614,2026-05-07,M-011,LINE-04,S2,Electrical Failure,111.7,No
DT-004615,2026-02-07,M-004,LINE-02,S2,Electrical Failure,86.1,No
DT-004616,2026-02-05,M-003,LINE-01,S1,Changeover,43.7,Yes
DT-004617,2026-06-08,M-012,LINE-04,S3,Quality Hold,12.7,No
DT-004618,2026-05-12,M-010,LINE-04,S1,Quality Hold,15.1,No
DT-004619,2026-03-09,M-003,LINE-01,S2,Electrical Failure,45.4,No
DT-004620,2026-04-28,M-004,LINE-02,S2,Operator Delay,14.4,No
DT-004621,2026-02-27,M-010,LINE-04,S3,Preventive Maintenance,20.5,Yes
DT-004622,2026-03-17,M-003,LINE-01,S1,Preventive Maintenance,40.3,Yes
DT-004623,2026-04-02,M-004,LINE-02,S3,Changeover,3.0,Yes
DT-004624,2026-02-22,M-003,LINE-01,S1,Cleaning,14.8,No
DT-004625,2026-03-30,M-004,LINE-02,S1,Mechanical Failure,20.5,No
DT-004626,2026-05-19,M-002,LINE-01,S1,Material Shortage,9.5,No
DT-004627,2026-04-20,M-010,LINE-04,S1,Mechanical Failure,53.3,No
DT-004628,2026-05-30,M-010,LINE-04,S1,Mechanical Failure,9.7,No
DT-004629,2026-05-14,M-003,LINE-01,S2,Changeover,26.1,Yes
DT-004630,2026-01-26,M-012,LINE-04,S2,Electrical Failure,17.4,No
DT-004631,2026-02-16,M-001,LINE-01,S1,Mechanical Failure,18.6,No
DT-004632,2026-05-19,M-004,LINE-02,S1,Material Shortage,31.3,No
DT-004633,2026-01-27,M-002,LINE-01,S2,Cleaning,28.2,No
DT-004634,2026-04-20,M-011,LINE-04,S2,Quality Hold,32.1,No
DT-004635,2026-05-03,M-001,LINE-01,S1,Operator Delay,18.4,No
DT-004636,2026-01-29,M-005,LINE-02,S3,Electrical Failure,3.0,No
DT-004637,2026-03-23,M-008,LINE-03,S2,Mechanical Failure,8.0,No
DT-004638,2026-05-20,M-012,LINE-04,S1,Electrical Failure,4.6,No
DT-004639,2026-06-26,M-008,LINE-03,S1,Cleaning,17.9,No
DT-004640,2026-01-07,M-007,LINE-03,S1,Electrical Failure,38.3,No
DT-004641,2026-04-07,M-011,LINE-04,S2,Changeover,9.0,Yes
DT-004642,2026-05-17,M-005,LINE-02,S2,Changeover,21.6,Yes
DT-004643,2026-05-20,M-009,LINE-03,S3,Mechanical Failure,50.2,No
DT-004644,2026-04-30,M-004,LINE-02,S2,Material Shortage,92.8,No
DT-004645,2026-03-18,M-010,LINE-04,S1,Electrical Failure,59.3,No
DT-004646,2026-01-15,M-002,LINE-01,S1,Electrical Failure,27.2,No
DT-004647,2026-01-13,M-002,LINE-01,S2,Quality Hold,22.3,No
DT-004648,2026-03-18,M-004,LINE-02,S2,Changeover,5.2,Yes
DT-004649,2026-05-02,M-012,LINE-04,S2,Changeover,73.1,Yes
DT-004650,2026-03-11,M-002,LINE-01,S2,Electrical Failure,39.9,No
DT-004651,2026-01-31,M-005,LINE-02,S2,Electrical Failure,45.6,No
DT-004652,2026-04-23,M-008,LINE-03,S1,Mechanical Failure,56.2,No
DT-004653,2026-04-07,M-009,LINE-03,S2,Mechanical Failure,62.7,No
DT-004654,2026-04-06,M-007,LINE-03,S3,Quality Hold,8.0,No
DT-004655,2026-05-08,M-006,LINE-02,S2,Mechanical Failure,37.2,No
DT-004656,2026-01-11,M-005,LINE-02,S2,Electrical Failure,61.6,No
DT-004657,2026-01-03,M-001,LINE-01,S2,Electrical Failure,102.5,No
DT-004658,2026-06-14,M-007,LINE-03,S2,Mechanical Failure,51.8,No
DT-004659,2026-02-04,M-011,LINE-04,S2,Changeover,20.0,Yes
DT-004660,2026-01-29,M-006,LINE-02,S3,Cleaning,18.5,No
DT-004661,2026-05-09,M-002,LINE-01,S1,Mechanical Failure,10.4,No
DT-004662,2026-04-21,M-003,LINE-01,S3,Electrical Failure,5.8,No
DT-004663,2026-06-29,M-003,LINE-01,S2,Mechanical Failure,83.1,No
DT-004664,2026-05-31,M-003,LINE-01,S1,Electrical Failure,98.5,No
DT-004665,2026-06-11,M-002,LINE-01,S1,Changeover,69.5,Yes
DT-004666,2026-01-03,M-011,LINE-04,S2,Material Shortage,28.6,No
DT-004667,2026-05-19,M-008,LINE-03,S1,Operator Delay,24.8,No
DT-004668,2026-05-21,M-011,LINE-04,S1,Quality Hold,21.5,No
DT-004669,2026-06-05,M-005,LINE-02,S1,Mechanical Failure,13.1,No
DT-004670,2026-05-03,M-012,LINE-04,S2,Material Shortage,30.2,No
DT-004671,2026-05-30,M-002,LINE-01,S3,Electrical Failure,55.6,No
DT-004672,2026-02-11,M-010,LINE-04,S1,Material Shortage,15.1,No
DT-004673,2026-01-20,M-011,LINE-04,S2,Cleaning,14.0,No
DT-004674,2026-03-22,M-007,LINE-03,S2,Changeover,61.5,Yes
DT-004675,2026-03-05,M-001,LINE-01,S2,Electrical Failure,42.1,No
DT-004676,2026-05-01,M-006,LINE-02,S1,Mechanical Failure,29.1,No
DT-004677,2026-05-21,M-005,LINE-02,S3,Quality Hold,56.5,No
DT-004678,2026-02-16,M-010,LINE-04,S2,Changeover,12.8,Yes
DT-004679,2026-03-12,M-003,LINE-01,S2,Operator Delay,14.5,No
DT-004680,2026-06-19,M-005,LINE-02,S1,Material Shortage,16.8,No
DT-004681,2026-04-13,M-007,LINE-03,S3,Material Shortage,31.7,No
DT-004682,2026-01-01,M-008,LINE-03,S1,Mechanical Failure,62.8,No
DT-004683,2026-06-29,M-008,LINE-03,S2,Material Shortage,24.8,No
DT-004684,2026-02-01,M-004,LINE-02,S2,Changeover,11.6,Yes
DT-004685,2026-03-23,M-009,LINE-03,S2,Mechanical Failure,40.4,No
DT-004686,2026-03-02,M-006,LINE-02,S2,Changeover,3.7,Yes
DT-004687,2026-05-15,M-005,LINE-02,S1,Mechanical Failure,85.4,No
DT-004688,2026-06-06,M-009,LINE-03,S3,Changeover,12.1,Yes
DT-004689,2026-02-08,M-005,LINE-02,S2,Electrical Failure,19.1,No
DT-004690,2026-01-13,M-005,LINE-02,S2,Material Shortage,22.2,No
DT-004691,2026-01-08,M-004,LINE-02,S2,Mechanical Failure,69.1,No
DT-004692,2026-01-27,M-007,LINE-03,S2,Mechanical Failure,14.9,No
DT-004693,2026-03-21,M-004,LINE-02,S1,Material Shortage,38.1,No
DT-004694,2026-03-16,M-012,LINE-04,S1,Mechanical Failure,97.2,No
DT-004695,2026-03-30,M-001,LINE-01,S1,Mechanical Failure,37.4,No
DT-004696,2026-04-16,M-011,LINE-04,S1,Changeover,20.5,Yes
DT-004697,2026-04-16,M-006,LINE-02,S1,Electrical Failure,7.2,No
DT-004698,2026-05-01,M-008,LINE-03,S3,Electrical Failure,51.0,No
DT-004699,2026-02-09,M-008,LINE-03,S3,Operator Delay,25.7,No
DT-004700,2026-05-09,M-011,LINE-04,S1,Changeover,25.4,Yes
DT-004701,2026-03-15,M-011,LINE-04,S2,Electrical Failure,39.2,No
DT-004702,2026-04-01,M-007,LINE-03,S2,Cleaning,15.1,No
DT-004703,2026-06-30,M-004,LINE-02,S2,Preventive Maintenance,18.5,Yes
DT-004704,2026-01-01,M-003,LINE-01,S2,Changeover,28.1,Yes
DT-004705,2026-06-30,M-009,LINE-03,S2,Quality Hold,3.6,No
DT-004706,2026-04-30,M-002,LINE-01,S1,Operator Delay,8.8,No
DT-004707,2026-05-25,M-006,LINE-02,S2,Mechanical Failure,33.8,No
DT-004708,2026-06-03,M-006,LINE-02,S1,Changeover,32.8,Yes
DT-004709,2026-05-13,M-007,LINE-03,S3,Electrical Failure,19.3,No
DT-004710,2026-04-13,M-012,LINE-04,S1,Cleaning,33.1,No
DT-004711,2026-06-03,M-011,LINE-04,S2,Operator Delay,36.0,No
DT-004712,2026-06-15,M-002,LINE-01,S3,Mechanical Failure,75.5,No
DT-004713,2026-02-22,M-001,LINE-01,S1,Changeover,15.5,Yes
DT-004714,2026-04-12,M-011,LINE-04,S3,Changeover,36.8,Yes
DT-004715,2026-05-17,M-008,LINE-03,S1,Changeover,27.3,Yes
DT-004716,2026-01-14,M-003,LINE-01,S3,Mechanical Failure,50.8,No
DT-004717,2026-06-01,M-002,LINE-01,S1,Electrical Failure,16.3,No
DT-004718,2026-03-03,M-007,LINE-03,S2,Cleaning,25.1,No
DT-004719,2026-02-07,M-006,LINE-02,S2,Quality Hold,9.3,No
DT-004720,2026-04-16,M-011,LINE-04,S1,Quality Hold,105.0,No
DT-004721,2026-06-25,M-005,LINE-02,S3,Mechanical Failure,52.4,No
DT-004722,2026-05-08,M-007,LINE-03,S1,Changeover,8.6,Yes
DT-004723,2026-04-26,M-002,LINE-01,S1,Mechanical Failure,19.9,No
DT-004724,2026-06-06,M-007,LINE-03,S1,Changeover,30.8,Yes
DT-004725,2026-01-22,M-012,LINE-04,S1,Mechanical Failure,16.6,No
DT-004726,2026-03-05,M-002,LINE-01,S2,Cleaning,3.0,No
DT-004727,2026-02-18,M-010,LINE-04,S1,Quality Hold,24.9,No
DT-004728,2026-04-19,M-004,LINE-02,S1,Electrical Failure,56.1,No
DT-004729,2026-06-10,M-007,LINE-03,S1,Quality Hold,14.4,No
DT-004730,2026-05-11,M-009,LINE-03,S1,Electrical Failure,23.0,No
DT-004731,2026-03-05,M-007,LINE-03,S1,Electrical Failure,20.8,No
DT-004732,2026-04-11,M-012,LINE-04,S3,Operator Delay,20.0,No
DT-004733,2026-02-08,M-009,LINE-03,S1,Quality Hold,31.6,No
DT-004734,2026-04-27,M-009,LINE-03,S3,Quality Hold,11.7,No
DT-004735,2026-05-29,M-007,LINE-03,S2,Material Shortage,34.4,No
DT-004736,2026-03-06,M-010,LINE-04,S1,Mechanical Failure,93.5,No
DT-004737,2026-02-21,M-002,LINE-01,S2,Material Shortage,8.6,No
DT-004738,2026-06-19,M-004,LINE-02,S3,Electrical Failure,43.1,No
DT-004739,2026-04-14,M-010,LINE-04,S3,Material Shortage,11.8,No
DT-004740,2026-03-31,M-004,LINE-02,S3,Electrical Failure,15.8,No
DT-004741,2026-05-16,M-004,LINE-02,S2,Quality Hold,9.6,No
DT-004742,2026-03-12,M-004,LINE-02,S2,Mechanical Failure,84.4,No
DT-004743,2026-02-08,M-008,LINE-03,S2,Quality Hold,32.9,No
DT-004744,2026-01-06,M-011,LINE-04,S1,Changeover,34.7,Yes
DT-004745,2026-05-06,M-011,LINE-04,S1,Electrical Failure,4.7,No
DT-004746,2026-02-18,M-004,LINE-02,S2,Operator Delay,28.9,No
DT-004747,2026-03-17,M-001,LINE-01,S1,Mechanical Failure,7.2,No
DT-004748,2026-04-11,M-010,LINE-04,S2,Mechanical Failure,46.7,No
DT-004749,2026-06-12,M-012,LINE-04,S2,Electrical Failure,9.5,No
DT-004750,2026-03-05,M-004,LINE-02,S1,Operator Delay,17.1,No
DT-004751,2026-03-16,M-004,LINE-02,S3,Operator Delay,44.0,No
DT-004752,2026-02-16,M-003,LINE-01,S2,Mechanical Failure,65.8,No
DT-004753,2026-06-01,M-009,LINE-03,S2,Changeover,24.0,Yes
DT-004754,2026-05-16,M-012,LINE-04,S3,Cleaning,27.0,No
DT-004755,2026-06-14,M-008,LINE-03,S3,Mechanical Failure,11.3,No
DT-004756,2026-04-23,M-011,LINE-04,S2,Cleaning,24.1,No
DT-004757,2026-02-27,M-011,LINE-04,S1,Mechanical Failure,21.9,No
DT-004758,2026-05-19,M-007,LINE-03,S2,Material Shortage,51.5,No
DT-004759,2026-02-13,M-003,LINE-01,S3,Mechanical Failure,44.3,No
DT-004760,2026-02-17,M-004,LINE-02,S1,Changeover,12.8,Yes
DT-004761,2026-05-05,M-006,LINE-02,S1,Changeover,3.0,Yes
DT-004762,2026-04-25,M-002,LINE-01,S2,Mechanical Failure,24.1,No
DT-004763,2026-04-21,M-006,LINE-02,S1,Operator Delay,28.3,No
DT-004764,2026-05-04,M-005,LINE-02,S3,Mechanical Failure,37.7,No
DT-004765,2026-06-28,M-011,LINE-04,S2,Mechanical Failure,33.0,No
DT-004766,2026-01-18,M-007,LINE-03,S1,Mechanical Failure,59.3,No
DT-004767,2026-05-27,M-009,LINE-03,S1,Mechanical Failure,90.9,No
DT-004768,2026-04-22,M-005,LINE-02,S2,Electrical Failure,28.3,No
DT-004769,2026-03-20,M-001,LINE-01,S2,Operator Delay,34.2,No
DT-004770,2026-05-29,M-008,LINE-03,S2,Mechanical Failure,27.2,No
DT-004771,2026-05-30,M-007,LINE-03,S1,Electrical Failure,47.5,No
DT-004772,2026-05-18,M-002,LINE-01,S2,Operator Delay,50.1,No
DT-004773,2026-04-29,M-003,LINE-01,S3,Electrical Failure,36.7,No
DT-004774,2026-06-18,M-001,LINE-01,S2,Operator Delay,9.5,No
DT-004775,2026-04-25,M-011,LINE-04,S3,Mechanical Failure,13.1,No
DT-004776,2026-04-22,M-008,LINE-03,S3,Electrical Failure,43.2,No
DT-004777,2026-06-25,M-012,LINE-04,S2,Mechanical Failure,4.3,No
DT-004778,2026-01-08,M-003,LINE-01,S3,Electrical Failure,3.0,No
DT-004779,2026-01-25,M-009,LINE-03,S1,Mechanical Failure,30.9,No
DT-004780,2026-02-15,M-006,LINE-02,S3,Mechanical Failure,71.9,No
DT-004781,2026-06-11,M-008,LINE-03,S1,Mechanical Failure,37.2,No
DT-004782,2026-03-03,M-003,LINE-01,S2,Electrical Failure,7.0,No
DT-004783,2026-06-03,M-005,LINE-02,S1,Mechanical Failure,3.0,No
DT-004784,2026-06-20,M-009,LINE-03,S1,Operator Delay,13.8,No
DT-004785,2026-03-07,M-009,LINE-03,S3,Material Shortage,92.4,No
DT-004786,2026-06-03,M-012,LINE-04,S3,Mechanical Failure,15.4,No
DT-004787,2026-05-20,M-006,LINE-02,S2,Mechanical Failure,11.0,No
DT-004788,2026-04-15,M-008,LINE-03,S1,Quality Hold,19.8,No
DT-004789,2026-03-25,M-006,LINE-02,S2,Mechanical Failure,148.8,No
DT-004790,2026-04-26,M-008,LINE-03,S1,Mechanical Failure,29.3,No
DT-004791,2026-04-16,M-008,LINE-03,S3,Mechanical Failure,36.3,No
DT-004792,2026-05-12,M-008,LINE-03,S2,Mechanical Failure,38.3,No
DT-004793,2026-03-14,M-010,LINE-04,S1,Changeover,29.3,Yes
DT-004794,2026-04-17,M-003,LINE-01,S2,Mechanical Failure,84.4,No
DT-004795,2026-03-22,M-009,LINE-03,S2,Electrical Failure,64.5,No
DT-004796,2026-03-10,M-008,LINE-03,S2,Electrical Failure,36.8,No
DT-004797,2026-02-13,M-001,LINE-01,S2,Changeover,71.6,Yes
DT-004798,2026-05-24,M-003,LINE-01,S1,Electrical Failure,22.2,No
DT-004799,2026-06-10,M-004,LINE-02,S1,Operator Delay,37.4,No
DT-004800,2026-05-25,M-012,LINE-04,S1,Changeover,16.5,Yes
DT-004801,2026-05-14,M-005,LINE-02,S1,Changeover,29.4,Yes
DT-004802,2026-04-16,M-004,LINE-02,S1,Electrical Failure,14.8,No
DT-004803,2026-04-07,M-003,LINE-01,S3,Operator Delay,25.3,No
DT-004804,2026-02-14,M-012,LINE-04,S1,Mechanical Failure,104.4,No
DT-004805,2026-03-07,M-006,LINE-02,S2,Material Shortage,32.6,No
DT-004806,2026-05-07,M-005,LINE-02,S2,Preventive Maintenance,25.4,Yes
DT-004807,2026-02-17,M-011,LINE-04,S1,Mechanical Failure,89.3,No
DT-004808,2026-01-28,M-005,LINE-02,S2,Electrical Failure,63.5,No
DT-004809,2026-05-19,M-006,LINE-02,S2,Mechanical Failure,21.2,No
DT-004810,2026-04-13,M-005,LINE-02,S3,Cleaning,3.0,No
DT-004811,2026-05-07,M-012,LINE-04,S2,Material Shortage,65.8,No
DT-004812,2026-06-06,M-007,LINE-03,S1,Cleaning,6.5,No
DT-004813,2026-02-19,M-003,LINE-01,S2,Electrical Failure,3.0,No
DT-004814,2026-03-01,M-007,LINE-03,S3,Material Shortage,3.0,No
DT-004815,2026-03-17,M-009,LINE-03,S3,Mechanical Failure,23.1,No
DT-004816,2026-02-16,M-005,LINE-02,S1,Electrical Failure,20.8,No
DT-004817,2026-01-30,M-012,LINE-04,S1,Quality Hold,34.2,No
DT-004818,2026-04-07,M-010,LINE-04,S1,Material Shortage,63.7,No
DT-004819,2026-06-06,M-012,LINE-04,S2,Mechanical Failure,148.4,No
DT-004820,2026-06-18,M-003,LINE-01,S1,Mechanical Failure,13.5,No
DT-004821,2026-01-13,M-005,LINE-02,S3,Material Shortage,7.5,No
DT-004822,2026-01-28,M-003,LINE-01,S1,Changeover,20.9,Yes
DT-004823,2026-03-26,M-010,LINE-04,S1,Electrical Failure,33.9,No
DT-004824,2026-03-15,M-011,LINE-04,S1,Mechanical Failure,63.1,No
DT-004825,2026-05-10,M-010,LINE-04,S1,Material Shortage,39.1,No
DT-004826,2026-05-12,M-003,LINE-01,S1,Cleaning,25.7,No
DT-004827,2026-05-30,M-010,LINE-04,S2,Electrical Failure,4.0,No
DT-004828,2026-03-04,M-001,LINE-01,S3,Operator Delay,3.6,No
DT-004829,2026-04-15,M-005,LINE-02,S2,Material Shortage,60.6,No
DT-004830,2026-05-17,M-010,LINE-04,S2,Electrical Failure,14.5,No
DT-004831,2026-06-25,M-006,LINE-02,S1,Electrical Failure,36.3,No
DT-004832,2026-01-05,M-001,LINE-01,S1,Changeover,38.1,Yes
DT-004833,2026-02-22,M-012,LINE-04,S3,Mechanical Failure,41.1,No
DT-004834,2026-02-23,M-005,LINE-02,S1,Electrical Failure,114.0,No
DT-004835,2026-01-23,M-006,LINE-02,S3,Changeover,20.2,Yes
DT-004836,2026-05-25,M-007,LINE-03,S3,Material Shortage,40.4,No
DT-004837,2026-05-14,M-004,LINE-02,S1,Material Shortage,11.7,No
DT-004838,2026-06-27,M-009,LINE-03,S1,Mechanical Failure,79.9,No
DT-004839,2026-06-01,M-002,LINE-01,S1,Preventive Maintenance,23.4,Yes
DT-004840,2026-04-06,M-005,LINE-02,S2,Mechanical Failure,23.5,No
DT-004841,2026-04-27,M-001,LINE-01,S3,Mechanical Failure,15.4,No
DT-004842,2026-06-21,M-008,LINE-03,S1,Mechanical Failure,3.5,No
DT-004843,2026-01-16,M-009,LINE-03,S2,Changeover,5.7,Yes
DT-004844,2026-02-25,M-008,LINE-03,S1,Material Shortage,36.2,No
DT-004845,2026-03-08,M-004,LINE-02,S1,Cleaning,4.4,No
DT-004846,2026-01-26,M-012,LINE-04,S1,Electrical Failure,98.8,No
DT-004847,2026-02-07,M-010,LINE-04,S1,Mechanical Failure,67.4,No
DT-004848,2026-01-09,M-011,LINE-04,S1,Electrical Failure,61.8,No
DT-004849,2026-04-12,M-007,LINE-03,S1,Mechanical Failure,49.8,No
DT-004850,2026-03-26,M-007,LINE-03,S1,Mechanical Failure,42.3,No
DT-004851,2026-01-30,M-011,LINE-04,S2,Cleaning,28.1,No
DT-004852,2026-04-22,M-007,LINE-03,S2,Material Shortage,59.3,No
DT-004853,2026-03-12,M-002,LINE-01,S3,Mechanical Failure,5.9,No
DT-004854,2026-01-16,M-003,LINE-01,S2,Mechanical Failure,38.8,No
DT-004855,2026-06-09,M-010,LINE-04,S3,Electrical Failure,50.9,No
DT-004856,2026-02-27,M-001,LINE-01,S2,Material Shortage,5.6,No
DT-004857,2026-02-09,M-001,LINE-01,S3,Quality Hold,38.6,No
DT-004858,2026-02-13,M-012,LINE-04,S2,Material Shortage,15.2,No
DT-004859,2026-05-10,M-012,LINE-04,S2,Cleaning,15.1,No
DT-004860,2026-01-12,M-001,LINE-01,S3,Mechanical Failure,81.7,No
DT-004861,2026-03-05,M-004,LINE-02,S1,Electrical Failure,20.2,No
DT-004862,2026-03-17,M-005,LINE-02,S1,Mechanical Failure,99.5,No
DT-004863,2026-06-12,M-006,LINE-02,S1,Mechanical Failure,26.7,No
DT-004864,2026-03-17,M-012,LINE-04,S2,Preventive Maintenance,16.6,Yes
DT-004865,2026-01-09,M-007,LINE-03,S1,Electrical Failure,24.8,No
DT-004866,2026-01-28,M-001,LINE-01,S2,Mechanical Failure,51.5,No
DT-004867,2026-03-27,M-012,LINE-04,S2,Electrical Failure,37.9,No
DT-004868,2026-03-07,M-006,LINE-02,S2,Mechanical Failure,48.0,No
DT-004869,2026-05-05,M-012,LINE-04,S2,Electrical Failure,26.1,No
DT-004870,2026-05-19,M-009,LINE-03,S2,Electrical Failure,43.1,No
DT-004871,2026-01-18,M-003,LINE-01,S3,Mechanical Failure,15.9,No
DT-004872,2026-02-10,M-009,LINE-03,S3,Material Shortage,20.1,No
DT-004873,2026-01-12,M-007,LINE-03,S2,Material Shortage,17.3,No
DT-004874,2026-04-23,M-001,LINE-01,S3,Material Shortage,105.9,No
DT-004875,2026-06-26,M-007,LINE-03,S3,Mechanical Failure,30.3,No
DT-004876,2026-02-09,M-002,LINE-01,S1,Changeover,30.6,Yes
DT-004877,2026-02-14,M-001,LINE-01,S3,Cleaning,6.3,No
DT-004878,2026-06-20,M-008,LINE-03,S3,Mechanical Failure,16.2,No
DT-004879,2026-03-15,M-011,LINE-04,S1,Electrical Failure,99.9,No
DT-004880,2026-06-06,M-001,LINE-01,S3,Electrical Failure,29.0,No
DT-004881,2026-02-21,M-006,LINE-02,S3,Mechanical Failure,61.8,No
DT-004882,2026-02-10,M-009,LINE-03,S2,Cleaning,4.8,No
DT-004883,2026-06-30,M-006,LINE-02,S1,Material Shortage,18.4,No
DT-004884,2026-01-18,M-002,LINE-01,S3,Mechanical Failure,175.3,No
DT-004885,2026-01-06,M-001,LINE-01,S2,Changeover,18.0,Yes
DT-004886,2026-01-04,M-003,LINE-01,S2,Mechanical Failure,71.9,No
DT-004887,2026-02-16,M-004,LINE-02,S2,Mechanical Failure,35.5,No
DT-004888,2026-06-26,M-006,LINE-02,S3,Mechanical Failure,9.5,No
DT-004889,2026-04-09,M-004,LINE-02,S2,Mechanical Failure,90.3,No
DT-004890,2026-05-20,M-003,LINE-01,S1,Electrical Failure,28.1,No
DT-004891,2026-01-28,M-005,LINE-02,S1,Operator Delay,6.4,No
DT-004892,2026-05-13,M-001,LINE-01,S2,Mechanical Failure,3.0,No
DT-004893,2026-02-05,M-004,LINE-02,S1,Quality Hold,17.0,No
DT-004894,2026-02-17,M-010,LINE-04,S1,Electrical Failure,27.1,No
DT-004895,2026-02-20,M-012,LINE-04,S3,Mechanical Failure,92.4,No
DT-004896,2026-04-13,M-003,LINE-01,S3,Operator Delay,47.3,No
DT-004897,2026-03-07,M-008,LINE-03,S3,Cleaning,5.5,No
DT-004898,2026-01-18,M-011,LINE-04,S2,Material Shortage,48.8,No
DT-004899,2026-03-24,M-001,LINE-01,S1,Mechanical Failure,25.9,No
DT-004900,2026-01-27,M-009,LINE-03,S1,Electrical Failure,15.9,No
DT-004901,2026-02-10,M-007,LINE-03,S2,Electrical Failure,14.5,No
DT-004902,2026-05-18,M-008,LINE-03,S1,Material Shortage,17.3,No
DT-004903,2026-04-11,M-006,LINE-02,S1,Changeover,40.1,Yes
DT-004904,2026-01-07,M-012,LINE-04,S2,Quality Hold,37.5,No
DT-004905,2026-06-02,M-008,LINE-03,S3,Electrical Failure,72.5,No
DT-004906,2026-01-09,M-003,LINE-01,S1,Mechanical Failure,106.7,No
DT-004907,2026-05-29,M-003,LINE-01,S1,Material Shortage,3.9,No
DT-004908,2026-06-01,M-007,LINE-03,S3,Mechanical Failure,20.6,No
DT-004909,2026-02-15,M-012,LINE-04,S3,Electrical Failure,14.7,No
DT-004910,2026-05-01,M-001,LINE-01,S1,Cleaning,11.7,No
DT-004911,2026-01-26,M-002,LINE-01,S1,Electrical Failure,48.4,No
DT-004912,2026-02-03,M-001,LINE-01,S1,Mechanical Failure,21.3,No
DT-004913,2026-05-22,M-011,LINE-04,S3,Mechanical Failure,80.2,No
DT-004914,2026-06-22,M-011,LINE-04,S2,Mechanical Failure,108.4,No
DT-004915,2026-01-29,M-008,LINE-03,S3,Mechanical Failure,32.4,No
DT-004916,2026-06-02,M-010,LINE-04,S1,Material Shortage,23.3,No
DT-004917,2026-05-17,M-004,LINE-02,S3,Changeover,16.3,Yes
DT-004918,2026-02-10,M-009,LINE-03,S2,Mechanical Failure,37.5,No
DT-004919,2026-03-19,M-006,LINE-02,S2,Mechanical Failure,105.4,No
DT-004920,2026-03-31,M-005,LINE-02,S1,Preventive Maintenance,32.0,Yes
DT-004921,2026-06-24,M-010,LINE-04,S1,Electrical Failure,22.6,No
DT-004922,2026-01-26,M-005,LINE-02,S2,Mechanical Failure,15.1,No
DT-004923,2026-03-28,M-010,LINE-04,S2,Mechanical Failure,75.0,No
DT-004924,2026-01-09,M-012,LINE-04,S1,Operator Delay,10.4,No
DT-004925,2026-06-16,M-011,LINE-04,S3,Mechanical Failure,21.8,No
DT-004926,2026-02-02,M-003,LINE-01,S1,Changeover,39.7,Yes
DT-004927,2026-06-29,M-001,LINE-01,S1,Changeover,46.9,Yes
DT-004928,2026-03-28,M-004,LINE-02,S3,Preventive Maintenance,77.5,Yes
DT-004929,2026-01-22,M-002,LINE-01,S3,Material Shortage,23.2,No
DT-004930,2026-03-16,M-001,LINE-01,S3,Material Shortage,19.8,No
DT-004931,2026-01-19,M-004,LINE-02,S2,Mechanical Failure,3.8,No
DT-004932,2026-04-01,M-001,LINE-01,S3,Cleaning,26.6,No
DT-004933,2026-06-21,M-003,LINE-01,S3,Mechanical Failure,27.0,No
DT-004934,2026-05-14,M-010,LINE-04,S3,Changeover,27.3,Yes
DT-004935,2026-02-12,M-006,LINE-02,S3,Mechanical Failure,54.5,No
DT-004936,2026-05-23,M-010,LINE-04,S2,Electrical Failure,37.5,No
DT-004937,2026-06-02,M-003,LINE-01,S1,Changeover,10.3,Yes
DT-004938,2026-03-28,M-001,LINE-01,S1,Changeover,14.3,Yes
DT-004939,2026-04-09,M-003,LINE-01,S1,Material Shortage,15.4,No
DT-004940,2026-06-09,M-005,LINE-02,S3,Electrical Failure,40.3,No
DT-004941,2026-03-18,M-003,LINE-01,S3,Changeover,20.7,Yes
DT-004942,2026-05-03,M-002,LINE-01,S3,Changeover,26.7,Yes
DT-004943,2026-06-01,M-002,LINE-01,S2,Operator Delay,13.1,No
DT-004944,2026-06-16,M-004,LINE-02,S1,Electrical Failure,23.4,No
DT-004945,2026-06-06,M-004,LINE-02,S3,Mechanical Failure,31.0,No
DT-004946,2026-02-10,M-002,LINE-01,S3,Changeover,6.9,Yes
DT-004947,2026-01-01,M-004,LINE-02,S1,Changeover,35.1,Yes
DT-004948,2026-06-17,M-011,LINE-04,S3,Mechanical Failure,101.7,No
DT-004949,2026-01-21,M-003,LINE-01,S2,Operator Delay,17.6,No
DT-004950,2026-06-24,M-001,LINE-01,S2,Changeover,42.7,Yes
DT-004951,2026-04-29,M-008,LINE-03,S3,Changeover,3.0,Yes
DT-004952,2026-05-05,M-005,LINE-02,S2,Mechanical Failure,81.9,No
DT-004953,2026-06-18,M-004,LINE-02,S3,Mechanical Failure,31.7,No
DT-004954,2026-06-07,M-003,LINE-01,S2,Mechanical Failure,24.9,No
DT-004955,2026-05-22,M-005,LINE-02,S2,Material Shortage,21.1,No
DT-004956,2026-04-14,M-005,LINE-02,S3,Electrical Failure,17.3,No
DT-004957,2026-02-11,M-012,LINE-04,S3,Mechanical Failure,11.9,No
DT-004958,2026-02-11,M-008,LINE-03,S3,Changeover,17.7,Yes
DT-004959,2026-01-16,M-010,LINE-04,S3,Mechanical Failure,40.9,No
DT-004960,2026-06-05,M-004,LINE-02,S3,Mechanical Failure,6.6,No
DT-004961,2026-01-22,M-008,LINE-03,S3,Mechanical Failure,89.8,No
DT-004962,2026-01-10,M-009,LINE-03,S3,Material Shortage,5.4,No
DT-004963,2026-01-04,M-007,LINE-03,S2,Operator Delay,6.6,No
DT-004964,2026-06-04,M-008,LINE-03,S2,Quality Hold,7.5,No
DT-004965,2026-06-20,M-007,LINE-03,S2,Material Shortage,15.2,No
DT-004966,2026-02-18,M-007,LINE-03,S1,Cleaning,34.1,No
DT-004967,2026-02-01,M-006,LINE-02,S1,Electrical Failure,64.9,No
DT-004968,2026-05-18,M-010,LINE-04,S1,Preventive Maintenance,26.4,Yes
DT-004969,2026-04-24,M-006,LINE-02,S2,Quality Hold,31.3,No
DT-004970,2026-01-17,M-004,LINE-02,S3,Operator Delay,5.0,No
DT-004971,2026-05-07,M-011,LINE-04,S2,Changeover,14.7,Yes
DT-004972,2026-04-26,M-002,LINE-01,S1,Changeover,4.8,Yes
DT-004973,2026-02-02,M-003,LINE-01,S3,Electrical Failure,99.3,No
DT-004974,2026-02-04,M-007,LINE-03,S3,Mechanical Failure,22.1,No
DT-004975,2026-01-30,M-008,LINE-03,S3,Preventive Maintenance,42.6,Yes
DT-004976,2026-03-23,M-001,LINE-01,S2,Mechanical Failure,34.7,No
DT-004977,2026-04-04,M-011,LINE-04,S2,Mechanical Failure,19.0,No
DT-004978,2026-05-28,M-003,LINE-01,S3,Operator Delay,66.1,No
DT-004979,2026-02-05,M-003,LINE-01,S3,Mechanical Failure,49.1,No
DT-004980,2026-01-24,M-005,LINE-02,S2,Mechanical Failure,21.6,No
DT-004981,2026-01-08,M-001,LINE-01,S3,Material Shortage,22.4,No
DT-004982,2026-01-30,M-009,LINE-03,S3,Changeover,10.2,Yes
DT-004983,2026-01-07,M-001,LINE-01,S1,Changeover,28.4,Yes
DT-004984,2026-04-23,M-003,LINE-01,S1,Material Shortage,3.0,No
DT-004985,2026-03-14,M-005,LINE-02,S1,Mechanical Failure,18.2,No
DT-004986,2026-02-24,M-001,LINE-01,S1,Electrical Failure,32.2,No
DT-004987,2026-01-09,M-011,LINE-04,S2,Changeover,46.4,Yes
DT-004988,2026-04-21,M-007,LINE-03,S1,Mechanical Failure,20.8,No
DT-004989,2026-05-27,M-003,LINE-01,S1,Mechanical Failure,65.5,No
DT-004990,2026-06-22,M-011,LINE-04,S1,Electrical Failure,10.3,No
DT-004991,2026-06-05,M-008,LINE-03,S2,Mechanical Failure,83.1,No
DT-004992,2026-02-03,M-008,LINE-03,S3,Mechanical Failure,13.8,No
DT-004993,2026-03-22,M-003,LINE-01,S1,Electrical Failure,29.7,No
DT-004994,2026-02-15,M-002,LINE-01,S2,Material Shortage,21.0,No
DT-004995,2026-01-31,M-011,LINE-04,S3,Changeover,31.2,Yes
DT-004996,2026-06-12,M-006,LINE-02,S3,Changeover,16.0,Yes
DT-004997,2026-05-16,M-002,LINE-01,S1,Mechanical Failure,29.3,No
DT-004998,2026-04-07,M-001,LINE-01,S1,Material Shortage,5.7,No
DT-004999,2026-01-31,M-005,LINE-02,S1,Mechanical Failure,76.8,No
DT-005000,2026-03-01,M-002,LINE-01,S1,Mechanical Failure,27.6,No
DT-005001,2026-01-06,M-011,LINE-04,S2,Changeover,77.2,Yes
DT-005002,2026-02-02,M-005,LINE-02,S1,Electrical Failure,45.1,No
DT-005003,2026-01-23,M-006,LINE-02,S2,Preventive Maintenance,59.2,Yes
DT-005004,2026-02-18,M-008,LINE-03,S1,Operator Delay,36.6,No
DT-005005,2026-04-13,M-002,LINE-01,S3,Electrical Failure,47.2,No
DT-005006,2026-06-05,M-011,LINE-04,S1,Changeover,16.6,Yes
DT-005007,2026-01-04,M-009,LINE-03,S3,Electrical Failure,57.1,No
DT-005008,2026-03-18,M-012,LINE-04,S1,Changeover,45.3,Yes
DT-005009,2026-02-16,M-003,LINE-01,S2,Mechanical Failure,125.8,No
DT-005010,2026-04-20,M-007,LINE-03,S3,Mechanical Failure,38.3,No
DT-005011,2026-03-24,M-003,LINE-01,S1,Changeover,15.0,Yes
DT-005012,2026-03-11,M-010,LINE-04,S2,Mechanical Failure,28.2,No
DT-005013,2026-02-03,M-003,LINE-01,S2,Mechanical Failure,12.0,No
DT-005014,2026-06-14,M-005,LINE-02,S3,Material Shortage,22.2,No
DT-005015,2026-03-03,M-010,LINE-04,S2,Cleaning,15.8,No
DT-005016,2026-01-15,M-006,LINE-02,S1,Mechanical Failure,17.3,No
DT-005017,2026-02-20,M-004,LINE-02,S1,Mechanical Failure,20.1,No
DT-005018,2026-06-12,M-011,LINE-04,S3,Mechanical Failure,54.5,No
DT-005019,2026-01-03,M-001,LINE-01,S1,Mechanical Failure,62.8,No
DT-005020,2026-03-11,M-008,LINE-03,S1,Electrical Failure,32.6,No
DT-005021,2026-05-02,M-006,LINE-02,S1,Electrical Failure,3.2,No
DT-005022,2026-01-11,M-012,LINE-04,S2,Mechanical Failure,79.7,No
DT-005023,2026-01-21,M-007,LINE-03,S2,Cleaning,11.2,No
DT-005024,2026-04-12,M-006,LINE-02,S2,Mechanical Failure,36.3,No
DT-005025,2026-04-14,M-004,LINE-02,S1,Electrical Failure,86.4,No
DT-005026,2026-02-27,M-005,LINE-02,S1,Mechanical Failure,40.5,No
DT-005027,2026-06-17,M-009,LINE-03,S2,Electrical Failure,45.7,No
DT-005028,2026-06-11,M-003,LINE-01,S1,Mechanical Failure,42.5,No
DT-005029,2026-01-04,M-012,LINE-04,S3,Cleaning,20.4,No
DT-005030,2026-01-30,M-001,LINE-01,S3,Cleaning,6.4,No
DT-005031,2026-04-29,M-004,LINE-02,S1,Mechanical Failure,28.3,No
DT-005032,2026-01-22,M-003,LINE-01,S3,Material Shortage,40.4,No
DT-005033,2026-05-19,M-009,LINE-03,S2,Electrical Failure,39.2,No
DT-005034,2026-04-09,M-002,LINE-01,S2,Electrical Failure,22.5,No
DT-005035,2026-06-12,M-008,LINE-03,S2,Changeover,33.7,Yes
DT-005036,2026-01-20,M-002,LINE-01,S2,Electrical Failure,67.0,No
DT-005037,2026-04-30,M-005,LINE-02,S3,Material Shortage,71.1,No
DT-005038,2026-04-18,M-005,LINE-02,S2,Quality Hold,6.5,No
DT-005039,2026-05-10,M-005,LINE-02,S2,Material Shortage,31.8,No
DT-005040,2026-04-15,M-010,LINE-04,S3,Quality Hold,30.2,No
DT-005041,2026-01-14,M-007,LINE-03,S2,Electrical Failure,84.5,No
DT-005042,2026-03-07,M-006,LINE-02,S1,Electrical Failure,31.2,No
DT-005043,2026-02-28,M-009,LINE-03,S3,Quality Hold,28.6,No
DT-005044,2026-05-01,M-005,LINE-02,S1,Preventive Maintenance,3.0,Yes
DT-005045,2026-02-13,M-006,LINE-02,S3,Cleaning,41.2,No
DT-005046,2026-02-13,M-002,LINE-01,S3,Electrical Failure,22.7,No
DT-005047,2026-03-31,M-001,LINE-01,S1,Quality Hold,16.5,No
DT-005048,2026-03-15,M-006,LINE-02,S1,Electrical Failure,20.6,No
DT-005049,2026-04-15,M-005,LINE-02,S2,Cleaning,3.0,No
DT-005050,2026-04-25,M-008,LINE-03,S3,Changeover,7.1,Yes
DT-005051,2026-03-09,M-002,LINE-01,S2,Mechanical Failure,8.6,No
DT-005052,2026-06-23,M-001,LINE-01,S2,Quality Hold,33.8,No
DT-005053,2026-02-21,M-004,LINE-02,S1,Preventive Maintenance,28.7,Yes
DT-005054,2026-05-14,M-006,LINE-02,S1,Electrical Failure,43.0,No
DT-005055,2026-06-15,M-002,LINE-01,S1,Changeover,21.4,Yes
DT-005056,2026-02-16,M-008,LINE-03,S1,Electrical Failure,26.2,No
DT-005057,2026-03-07,M-007,LINE-03,S1,Changeover,4.4,Yes
DT-005058,2026-02-11,M-008,LINE-03,S1,Material Shortage,4.9,No
DT-005059,2026-05-16,M-012,LINE-04,S2,Electrical Failure,19.6,No
DT-005060,2026-06-20,M-012,LINE-04,S1,Mechanical Failure,45.9,No
DT-005061,2026-04-14,M-008,LINE-03,S2,Mechanical Failure,79.8,No
DT-005062,2026-05-17,M-003,LINE-01,S2,Preventive Maintenance,30.8,Yes
DT-005063,2026-06-04,M-007,LINE-03,S2,Changeover,74.0,Yes
DT-005064,2026-06-24,M-006,LINE-02,S2,Material Shortage,37.3,No
DT-005065,2026-04-29,M-005,LINE-02,S1,Electrical Failure,12.5,No
DT-005066,2026-04-17,M-002,LINE-01,S3,Changeover,18.0,Yes
DT-005067,2026-01-17,M-009,LINE-03,S1,Electrical Failure,3.0,No
DT-005068,2026-02-09,M-001,LINE-01,S1,Mechanical Failure,4.0,No
DT-005069,2026-01-30,M-001,LINE-01,S1,Electrical Failure,126.0,No
DT-005070,2026-01-19,M-005,LINE-02,S2,Material Shortage,46.8,No
DT-005071,2026-06-17,M-003,LINE-01,S2,Mechanical Failure,14.9,No
DT-005072,2026-01-30,M-008,LINE-03,S1,Mechanical Failure,101.1,No
DT-005073,2026-04-24,M-008,LINE-03,S1,Operator Delay,17.4,No
DT-005074,2026-03-09,M-003,LINE-01,S2,Electrical Failure,38.5,No
DT-005075,2026-05-01,M-011,LINE-04,S1,Changeover,22.8,Yes
DT-005076,2026-02-07,M-007,LINE-03,S1,Cleaning,30.3,No
DT-005077,2026-02-01,M-011,LINE-04,S3,Material Shortage,87.2,No
DT-005078,2026-06-11,M-005,LINE-02,S1,Electrical Failure,109.4,No
DT-005079,2026-01-05,M-004,LINE-02,S1,Quality Hold,19.1,No
DT-005080,2026-04-15,M-008,LINE-03,S1,Changeover,12.5,Yes
DT-005081,2026-02-12,M-002,LINE-01,S3,Mechanical Failure,24.9,No
DT-005082,2026-04-09,M-012,LINE-04,S1,Changeover,16.6,Yes
DT-005083,2026-04-08,M-001,LINE-01,S2,Changeover,13.0,Yes
DT-005084,2026-06-18,M-010,LINE-04,S1,Electrical Failure,24.3,No
DT-005085,2026-01-05,M-008,LINE-03,S1,Cleaning,3.6,No
DT-005086,2026-03-16,M-003,LINE-01,S2,Changeover,3.0,Yes
DT-005087,2026-03-27,M-005,LINE-02,S1,Mechanical Failure,79.5,No
DT-005088,2026-03-05,M-002,LINE-01,S3,Cleaning,6.5,No
DT-005089,2026-01-16,M-004,LINE-02,S1,Cleaning,25.5,No
DT-005090,2026-02-04,M-001,LINE-01,S2,Mechanical Failure,81.0,No
DT-005091,2026-01-05,M-012,LINE-04,S1,Electrical Failure,54.3,No
DT-005092,2026-02-13,M-010,LINE-04,S1,Changeover,42.8,Yes
DT-005093,2026-02-02,M-007,LINE-03,S2,Material Shortage,27.2,No
DT-005094,2026-06-30,M-011,LINE-04,S1,Mechanical Failure,34.1,No
DT-005095,2026-02-14,M-007,LINE-03,S2,Quality Hold,19.5,No
DT-005096,2026-05-04,M-003,LINE-01,S1,Quality Hold,50.6,No
DT-005097,2026-05-18,M-004,LINE-02,S3,Mechanical Failure,60.6,No
DT-005098,2026-03-23,M-007,LINE-03,S1,Preventive Maintenance,47.5,Yes
DT-005099,2026-04-07,M-011,LINE-04,S2,Changeover,46.0,Yes
DT-005100,2026-05-09,M-003,LINE-01,S3,Electrical Failure,5.6,No
DT-005101,2026-06-26,M-012,LINE-04,S2,Mechanical Failure,40.5,No
DT-005102,2026-01-11,M-011,LINE-04,S2,Operator Delay,35.3,No
DT-005103,2026-02-11,M-001,LINE-01,S2,Material Shortage,51.3,No
DT-005104,2026-06-05,M-006,LINE-02,S2,Quality Hold,8.1,No
DT-005105,2026-05-11,M-011,LINE-04,S2,Electrical Failure,10.0,No
DT-005106,2026-01-30,M-010,LINE-04,S2,Mechanical Failure,39.9,No
DT-005107,2026-02-18,M-008,LINE-03,S2,Cleaning,18.6,No
DT-005108,2026-01-29,M-012,LINE-04,S1,Mechanical Failure,23.0,No
DT-005109,2026-06-08,M-007,LINE-03,S3,Mechanical Failure,36.3,No
DT-005110,2026-01-18,M-005,LINE-02,S2,Preventive Maintenance,23.6,Yes
DT-005111,2026-06-19,M-009,LINE-03,S2,Operator Delay,8.8,No
DT-005112,2026-05-10,M-007,LINE-03,S2,Electrical Failure,48.6,No
DT-005113,2026-02-09,M-004,LINE-02,S1,Mechanical Failure,78.9,No
DT-005114,2026-04-24,M-012,LINE-04,S1,Mechanical Failure,57.4,No
DT-005115,2026-04-23,M-005,LINE-02,S2,Mechanical Failure,66.4,No
DT-005116,2026-02-18,M-011,LINE-04,S1,Quality Hold,6.0,No
DT-005117,2026-05-11,M-006,LINE-02,S1,Operator Delay,19.7,No
DT-005118,2026-03-31,M-012,LINE-04,S3,Material Shortage,27.7,No
DT-005119,2026-01-02,M-010,LINE-04,S3,Material Shortage,36.7,No
DT-005120,2026-04-19,M-007,LINE-03,S2,Mechanical Failure,16.4,No
DT-005121,2026-06-03,M-011,LINE-04,S2,Mechanical Failure,11.9,No
DT-005122,2026-02-24,M-007,LINE-03,S1,Mechanical Failure,62.1,No
DT-005123,2026-04-09,M-003,LINE-01,S1,Mechanical Failure,56.6,No
DT-005124,2026-01-28,M-005,LINE-02,S2,Electrical Failure,35.0,No
DT-005125,2026-03-15,M-011,LINE-04,S1,Mechanical Failure,41.9,No
DT-005126,2026-03-04,M-003,LINE-01,S1,Cleaning,11.4,No
DT-005127,2026-03-02,M-009,LINE-03,S3,Changeover,23.8,Yes
DT-005128,2026-02-20,M-003,LINE-01,S3,Operator Delay,9.2,No
DT-005129,2026-01-04,M-002,LINE-01,S3,Cleaning,11.5,No
DT-005130,2026-03-01,M-012,LINE-04,S1,Cleaning,16.9,No
DT-005131,2026-03-16,M-009,LINE-03,S3,Changeover,62.6,Yes
DT-005132,2026-06-13,M-005,LINE-02,S1,Mechanical Failure,9.5,No
DT-005133,2026-06-16,M-011,LINE-04,S2,Changeover,20.8,Yes
DT-005134,2026-04-24,M-011,LINE-04,S1,Changeover,13.7,Yes
DT-005135,2026-04-14,M-012,LINE-04,S1,Mechanical Failure,89.8,No
DT-005136,2026-02-23,M-009,LINE-03,S2,Quality Hold,28.4,No
DT-005137,2026-06-03,M-012,LINE-04,S2,Mechanical Failure,35.9,No
DT-005138,2026-03-26,M-006,LINE-02,S3,Changeover,47.8,Yes
DT-005139,2026-04-29,M-003,LINE-01,S1,Electrical Failure,13.1,No
DT-005140,2026-06-25,M-009,LINE-03,S1,Preventive Maintenance,11.2,Yes
DT-005141,2026-02-17,M-011,LINE-04,S2,Changeover,79.7,Yes
DT-005142,2026-01-25,M-005,LINE-02,S3,Cleaning,16.1,No
DT-005143,2026-01-29,M-002,LINE-01,S3,Electrical Failure,27.6,No
DT-005144,2026-05-15,M-006,LINE-02,S1,Electrical Failure,35.3,No
DT-005145,2026-06-21,M-001,LINE-01,S1,Material Shortage,45.7,No
DT-005146,2026-05-02,M-009,LINE-03,S2,Electrical Failure,27.9,No
DT-005147,2026-01-25,M-008,LINE-03,S1,Operator Delay,13.9,No
DT-005148,2026-06-13,M-003,LINE-01,S1,Changeover,54.9,Yes
DT-005149,2026-03-04,M-008,LINE-03,S1,Cleaning,16.6,No
DT-005150,2026-03-12,M-004,LINE-02,S3,Cleaning,4.4,No
DT-005151,2026-01-22,M-006,LINE-02,S2,Operator Delay,12.2,No
DT-005152,2026-06-10,M-007,LINE-03,S3,Mechanical Failure,47.1,No
DT-005153,2026-06-15,M-009,LINE-03,S1,Electrical Failure,9.8,No
DT-005154,2026-04-22,M-007,LINE-03,S3,Mechanical Failure,63.6,No
DT-005155,2026-04-29,M-012,LINE-04,S1,Mechanical Failure,18.0,No
DT-005156,2026-06-09,M-012,LINE-04,S1,Electrical Failure,24.2,No
DT-005157,2026-06-10,M-004,LINE-02,S1,Mechanical Failure,125.5,No
DT-005158,2026-05-18,M-005,LINE-02,S1,Operator Delay,9.5,No
DT-005159,2026-05-21,M-005,LINE-02,S1,Mechanical Failure,28.6,No
DT-005160,2026-05-06,M-001,LINE-01,S1,Material Shortage,27.0,No
DT-005161,2026-01-11,M-009,LINE-03,S2,Quality Hold,10.0,No
DT-005162,2026-01-23,M-008,LINE-03,S2,Mechanical Failure,9.1,No
DT-005163,2026-01-07,M-006,LINE-02,S3,Mechanical Failure,17.5,No
DT-005164,2026-02-17,M-011,LINE-04,S1,Mechanical Failure,38.9,No
DT-005165,2026-02-11,M-001,LINE-01,S2,Mechanical Failure,23.4,No
DT-005166,2026-02-10,M-006,LINE-02,S2,Changeover,10.2,Yes
DT-005167,2026-06-28,M-002,LINE-01,S3,Quality Hold,11.2,No
DT-005168,2026-06-30,M-005,LINE-02,S2,Changeover,22.7,Yes
DT-005169,2026-06-27,M-005,LINE-02,S3,Electrical Failure,80.2,No
DT-005170,2026-05-24,M-005,LINE-02,S1,Operator Delay,6.2,No
DT-005171,2026-06-28,M-005,LINE-02,S1,Changeover,14.2,Yes
DT-005172,2026-03-06,M-005,LINE-02,S2,Cleaning,21.4,No
DT-005173,2026-04-27,M-003,LINE-01,S3,Material Shortage,46.3,No
DT-005174,2026-01-07,M-004,LINE-02,S3,Mechanical Failure,40.2,No
DT-005175,2026-03-27,M-001,LINE-01,S3,Electrical Failure,135.0,No
DT-005176,2026-04-05,M-012,LINE-04,S2,Electrical Failure,60.4,No
DT-005177,2026-02-25,M-011,LINE-04,S3,Mechanical Failure,85.1,No
DT-005178,2026-03-21,M-007,LINE-03,S2,Mechanical Failure,38.5,No
DT-005179,2026-04-17,M-011,LINE-04,S1,Electrical Failure,67.8,No
DT-005180,2026-05-06,M-006,LINE-02,S3,Material Shortage,12.5,No
DT-005181,2026-04-15,M-009,LINE-03,S2,Material Shortage,9.7,No
DT-005182,2026-05-02,M-011,LINE-04,S1,Operator Delay,15.7,No
DT-005183,2026-05-17,M-012,LINE-04,S1,Quality Hold,23.8,No
DT-005184,2026-06-09,M-007,LINE-03,S3,Electrical Failure,86.4,No
DT-005185,2026-03-05,M-003,LINE-01,S3,Changeover,25.5,Yes
DT-005186,2026-06-15,M-003,LINE-01,S2,Electrical Failure,36.8,No
DT-005187,2026-05-25,M-006,LINE-02,S1,Changeover,9.4,Yes
DT-005188,2026-04-10,M-004,LINE-02,S1,Cleaning,7.5,No
DT-005189,2026-06-06,M-005,LINE-02,S1,Electrical Failure,58.7,No
DT-005190,2026-04-05,M-005,LINE-02,S1,Changeover,34.7,Yes
DT-005191,2026-02-21,M-011,LINE-04,S2,Material Shortage,3.0,No
DT-005192,2026-01-05,M-006,LINE-02,S1,Electrical Failure,29.4,No
DT-005193,2026-01-18,M-010,LINE-04,S3,Quality Hold,16.6,No
DT-005194,2026-06-27,M-006,LINE-02,S1,Material Shortage,44.9,No
DT-005195,2026-02-17,M-010,LINE-04,S3,Material Shortage,56.1,No
DT-005196,2026-06-05,M-011,LINE-04,S3,Electrical Failure,68.6,No
DT-005197,2026-05-22,M-008,LINE-03,S1,Mechanical Failure,22.1,No
DT-005198,2026-01-24,M-012,LINE-04,S1,Quality Hold,20.7,No
DT-005199,2026-05-19,M-010,LINE-04,S1,Material Shortage,6.9,No
DT-005200,2026-02-21,M-009,LINE-03,S2,Electrical Failure,36.3,No
DT-005201,2026-01-05,M-004,LINE-02,S1,Material Shortage,39.6,No
DT-005202,2026-05-16,M-010,LINE-04,S3,Quality Hold,58.8,No
DT-005203,2026-04-16,M-002,LINE-01,S2,Material Shortage,3.9,No
DT-005204,2026-05-09,M-007,LINE-03,S1,Mechanical Failure,7.2,No
DT-005205,2026-02-22,M-007,LINE-03,S2,Preventive Maintenance,9.0,Yes
DT-005206,2026-06-06,M-003,LINE-01,S3,Mechanical Failure,27.8,No
DT-005207,2026-06-07,M-012,LINE-04,S2,Electrical Failure,44.3,No
DT-005208,2026-01-20,M-010,LINE-04,S1,Quality Hold,25.7,No
DT-005209,2026-04-23,M-001,LINE-01,S2,Mechanical Failure,40.9,No
DT-005210,2026-01-08,M-010,LINE-04,S2,Electrical Failure,30.5,No
DT-005211,2026-02-28,M-001,LINE-01,S1,Operator Delay,32.3,No
DT-005212,2026-02-24,M-008,LINE-03,S2,Electrical Failure,30.8,No
DT-005213,2026-01-10,M-004,LINE-02,S1,Electrical Failure,30.5,No
DT-005214,2026-01-18,M-003,LINE-01,S3,Mechanical Failure,39.3,No
DT-005215,2026-02-01,M-006,LINE-02,S2,Preventive Maintenance,18.1,Yes
DT-005216,2026-03-09,M-011,LINE-04,S3,Material Shortage,33.8,No
DT-005217,2026-02-24,M-009,LINE-03,S2,Mechanical Failure,40.4,No
DT-005218,2026-01-01,M-001,LINE-01,S2,Changeover,39.3,Yes
DT-005219,2026-03-16,M-008,LINE-03,S3,Changeover,27.1,Yes
DT-005220,2026-02-21,M-007,LINE-03,S3,Changeover,27.1,Yes
DT-005221,2026-04-18,M-003,LINE-01,S2,Electrical Failure,17.7,No
DT-005222,2026-03-31,M-003,LINE-01,S2,Electrical Failure,3.3,No
DT-005223,2026-06-16,M-010,LINE-04,S3,Cleaning,3.5,No
DT-005224,2026-02-18,M-003,LINE-01,S1,Material Shortage,10.3,No
DT-005225,2026-05-08,M-011,LINE-04,S2,Changeover,16.9,Yes
DT-005226,2026-04-30,M-010,LINE-04,S2,Changeover,14.2,Yes
DT-005227,2026-05-24,M-006,LINE-02,S1,Material Shortage,30.3,No
DT-005228,2026-01-13,M-001,LINE-01,S1,Quality Hold,38.9,No
DT-005229,2026-03-31,M-003,LINE-01,S2,Mechanical Failure,38.4,No
DT-005230,2026-02-03,M-010,LINE-04,S3,Changeover,23.8,Yes
DT-005231,2026-02-04,M-008,LINE-03,S1,Preventive Maintenance,30.4,Yes
DT-005232,2026-01-19,M-005,LINE-02,S2,Electrical Failure,11.1,No
DT-005233,2026-05-24,M-003,LINE-01,S3,Material Shortage,55.2,No
DT-005234,2026-02-26,M-003,LINE-01,S1,Cleaning,11.5,No
DT-005235,2026-05-03,M-008,LINE-03,S2,Electrical Failure,14.9,No
DT-005236,2026-05-21,M-004,LINE-02,S3,Quality Hold,6.5,No
DT-005237,2026-03-26,M-005,LINE-02,S1,Operator Delay,10.4,No
DT-005238,2026-04-20,M-005,LINE-02,S2,Electrical Failure,74.1,No
DT-005239,2026-06-23,M-009,LINE-03,S3,Changeover,21.1,Yes
DT-005240,2026-05-24,M-006,LINE-02,S2,Material Shortage,29.1,No
DT-005241,2026-01-18,M-009,LINE-03,S1,Mechanical Failure,47.1,No
DT-005242,2026-06-06,M-012,LINE-04,S2,Preventive Maintenance,20.9,Yes
DT-005243,2026-04-18,M-002,LINE-01,S1,Mechanical Failure,83.6,No
DT-005244,2026-02-01,M-002,LINE-01,S1,Electrical Failure,43.0,No
DT-005245,2026-06-04,M-005,LINE-02,S3,Quality Hold,23.8,No
DT-005246,2026-06-18,M-007,LINE-03,S3,Quality Hold,22.2,No
DT-005247,2026-01-21,M-007,LINE-03,S2,Mechanical Failure,42.4,No
DT-005248,2026-01-05,M-009,LINE-03,S2,Material Shortage,16.3,No
DT-005249,2026-05-28,M-001,LINE-01,S3,Operator Delay,15.5,No
DT-005250,2026-01-03,M-006,LINE-02,S3,Cleaning,3.0,No
DT-005251,2026-04-10,M-004,LINE-02,S3,Material Shortage,11.0,No
DT-005252,2026-03-04,M-008,LINE-03,S2,Mechanical Failure,123.9,No
DT-005253,2026-02-17,M-001,LINE-01,S1,Mechanical Failure,44.8,No
DT-005254,2026-03-22,M-006,LINE-02,S1,Mechanical Failure,63.3,No
DT-005255,2026-03-11,M-012,LINE-04,S1,Electrical Failure,76.6,No
DT-005256,2026-05-08,M-003,LINE-01,S2,Material Shortage,52.5,No
DT-005257,2026-01-30,M-001,LINE-01,S1,Material Shortage,11.6,No
DT-005258,2026-04-13,M-012,LINE-04,S1,Mechanical Failure,75.2,No
DT-005259,2026-03-04,M-003,LINE-01,S2,Material Shortage,17.0,No
DT-005260,2026-03-11,M-011,LINE-04,S1,Cleaning,53.2,No
DT-005261,2026-06-11,M-007,LINE-03,S1,Electrical Failure,51.8,No
DT-005262,2026-02-07,M-010,LINE-04,S1,Material Shortage,40.4,No
DT-005263,2026-01-25,M-010,LINE-04,S1,Electrical Failure,10.0,No
DT-005264,2026-04-16,M-009,LINE-03,S3,Changeover,59.0,Yes
DT-005265,2026-01-26,M-010,LINE-04,S1,Electrical Failure,5.2,No
DT-005266,2026-03-24,M-002,LINE-01,S2,Operator Delay,65.4,No
DT-005267,2026-03-21,M-009,LINE-03,S1,Mechanical Failure,46.3,No
DT-005268,2026-04-29,M-012,LINE-04,S3,Mechanical Failure,10.6,No
DT-005269,2026-05-13,M-001,LINE-01,S3,Electrical Failure,22.4,No
DT-005270,2026-03-24,M-011,LINE-04,S1,Mechanical Failure,40.3,No
DT-005271,2026-03-11,M-011,LINE-04,S1,Mechanical Failure,23.2,No
DT-005272,2026-03-28,M-001,LINE-01,S2,Preventive Maintenance,40.7,Yes
DT-005273,2026-01-18,M-010,LINE-04,S3,Changeover,16.1,Yes
DT-005274,2026-02-12,M-009,LINE-03,S3,Electrical Failure,4.9,No
DT-005275,2026-03-29,M-004,LINE-02,S1,Operator Delay,15.8,No
DT-005276,2026-06-29,M-009,LINE-03,S1,Mechanical Failure,45.2,No
DT-005277,2026-04-24,M-008,LINE-03,S2,Mechanical Failure,23.8,No
DT-005278,2026-03-01,M-005,LINE-02,S3,Quality Hold,54.1,No
DT-005279,2026-01-31,M-006,LINE-02,S2,Cleaning,10.2,No
DT-005280,2026-01-19,M-006,LINE-02,S3,Mechanical Failure,16.7,No
DT-005281,2026-05-26,M-003,LINE-01,S1,Changeover,3.0,Yes
DT-005282,2026-06-22,M-004,LINE-02,S3,Mechanical Failure,57.8,No
DT-005283,2026-02-04,M-012,LINE-04,S2,Mechanical Failure,29.4,No
DT-005284,2026-02-09,M-005,LINE-02,S2,Electrical Failure,15.0,No
DT-005285,2026-05-30,M-008,LINE-03,S2,Mechanical Failure,34.7,No
DT-005286,2026-02-15,M-009,LINE-03,S2,Mechanical Failure,158.5,No
DT-005287,2026-06-08,M-002,LINE-01,S1,Electrical Failure,8.2,No
DT-005288,2026-01-23,M-009,LINE-03,S2,Mechanical Failure,13.8,No
DT-005289,2026-05-15,M-008,LINE-03,S2,Mechanical Failure,29.5,No
DT-005290,2026-06-17,M-003,LINE-01,S2,Changeover,33.6,Yes
DT-005291,2026-02-13,M-004,LINE-02,S3,Material Shortage,23.1,No
DT-005292,2026-01-19,M-010,LINE-04,S1,Electrical Failure,33.1,No
DT-005293,2026-01-26,M-007,LINE-03,S3,Changeover,33.0,Yes
DT-005294,2026-03-25,M-004,LINE-02,S3,Mechanical Failure,36.7,No
DT-005295,2026-04-19,M-003,LINE-01,S2,Electrical Failure,26.9,No
DT-005296,2026-01-20,M-010,LINE-04,S2,Material Shortage,18.9,No
DT-005297,2026-03-26,M-006,LINE-02,S2,Mechanical Failure,12.0,No
DT-005298,2026-02-09,M-004,LINE-02,S2,Mechanical Failure,16.9,No
DT-005299,2026-04-22,M-008,LINE-03,S2,Material Shortage,51.8,No
DT-005300,2026-05-17,M-001,LINE-01,S2,Changeover,13.6,Yes
DT-005301,2026-03-27,M-002,LINE-01,S3,Material Shortage,54.0,No
DT-005302,2026-03-19,M-008,LINE-03,S2,Electrical Failure,15.4,No
DT-005303,2026-01-21,M-007,LINE-03,S2,Mechanical Failure,144.8,No
DT-005304,2026-02-22,M-002,LINE-01,S3,Changeover,40.0,Yes
DT-005305,2026-04-01,M-008,LINE-03,S2,Mechanical Failure,43.4,No
DT-005306,2026-03-31,M-009,LINE-03,S1,Quality Hold,17.2,No
DT-005307,2026-02-10,M-007,LINE-03,S3,Changeover,27.8,Yes
DT-005308,2026-01-19,M-002,LINE-01,S2,Material Shortage,28.4,No
DT-005309,2026-02-05,M-005,LINE-02,S2,Mechanical Failure,24.4,No
DT-005310,2026-02-25,M-012,LINE-04,S1,Mechanical Failure,22.4,No
DT-005311,2026-02-14,M-009,LINE-03,S1,Electrical Failure,31.2,No
DT-005312,2026-06-03,M-005,LINE-02,S1,Material Shortage,42.3,No
DT-005313,2026-05-13,M-007,LINE-03,S1,Material Shortage,24.3,No
DT-005314,2026-01-13,M-002,LINE-01,S2,Electrical Failure,22.7,No
DT-005315,2026-01-01,M-002,LINE-01,S3,Material Shortage,23.3,No
DT-005316,2026-01-05,M-006,LINE-02,S1,Operator Delay,21.4,No
DT-005317,2026-01-01,M-011,LINE-04,S3,Mechanical Failure,141.5,No
DT-005318,2026-04-25,M-011,LINE-04,S3,Preventive Maintenance,25.8,Yes
DT-005319,2026-06-20,M-009,LINE-03,S2,Electrical Failure,33.7,No
DT-005320,2026-03-27,M-009,LINE-03,S1,Mechanical Failure,108.1,No
DT-005321,2026-05-10,M-008,LINE-03,S1,Electrical Failure,31.2,No
DT-005322,2026-04-15,M-004,LINE-02,S3,Preventive Maintenance,68.1,Yes
DT-005323,2026-04-07,M-009,LINE-03,S1,Operator Delay,34.3,No
DT-005324,2026-06-03,M-009,LINE-03,S1,Quality Hold,14.9,No
DT-005325,2026-03-12,M-007,LINE-03,S2,Mechanical Failure,15.9,No
DT-005326,2026-02-26,M-012,LINE-04,S1,Material Shortage,3.0,No
DT-005327,2026-01-13,M-010,LINE-04,S3,Electrical Failure,4.9,No
DT-005328,2026-05-12,M-001,LINE-01,S2,Material Shortage,26.5,No
DT-005329,2026-06-30,M-008,LINE-03,S3,Quality Hold,28.4,No
DT-005330,2026-04-18,M-005,LINE-02,S3,Changeover,24.8,Yes
DT-005331,2026-01-25,M-010,LINE-04,S2,Mechanical Failure,10.7,No
DT-005332,2026-03-18,M-004,LINE-02,S2,Mechanical Failure,32.8,No
DT-005333,2026-06-12,M-012,LINE-04,S3,Mechanical Failure,47.5,No
DT-005334,2026-02-25,M-002,LINE-01,S2,Mechanical Failure,76.3,No
DT-005335,2026-06-03,M-008,LINE-03,S2,Mechanical Failure,70.3,No
DT-005336,2026-06-01,M-003,LINE-01,S1,Mechanical Failure,36.8,No
DT-005337,2026-06-26,M-006,LINE-02,S2,Material Shortage,15.4,No
DT-005338,2026-05-03,M-002,LINE-01,S2,Electrical Failure,27.1,No
DT-005339,2026-05-04,M-006,LINE-02,S1,Mechanical Failure,31.9,No
DT-005340,2026-01-17,M-005,LINE-02,S3,Material Shortage,7.5,No
DT-005341,2026-02-19,M-012,LINE-04,S1,Quality Hold,16.0,No
DT-005342,2026-03-26,M-008,LINE-03,S2,Electrical Failure,18.8,No
DT-005343,2026-02-22,M-009,LINE-03,S2,Quality Hold,8.0,No
DT-005344,2026-04-25,M-007,LINE-03,S3,Electrical Failure,67.4,No
DT-005345,2026-05-16,M-009,LINE-03,S1,Changeover,30.1,Yes
DT-005346,2026-06-06,M-003,LINE-01,S2,Electrical Failure,44.6,No
DT-005347,2026-06-10,M-003,LINE-01,S3,Electrical Failure,26.0,No
DT-005348,2026-06-09,M-009,LINE-03,S2,Mechanical Failure,50.8,No
DT-005349,2026-05-04,M-009,LINE-03,S1,Mechanical Failure,62.0,No
DT-005350,2026-01-04,M-001,LINE-01,S2,Electrical Failure,82.5,No
DT-005351,2026-03-11,M-003,LINE-01,S2,Changeover,11.4,Yes
DT-005352,2026-03-05,M-005,LINE-02,S3,Quality Hold,15.8,No
DT-005353,2026-05-05,M-011,LINE-04,S3,Mechanical Failure,44.8,No
DT-005354,2026-06-02,M-010,LINE-04,S2,Mechanical Failure,54.2,No
DT-005355,2026-05-01,M-006,LINE-02,S1,Operator Delay,9.9,No
DT-005356,2026-05-19,M-006,LINE-02,S2,Changeover,3.6,Yes
DT-005357,2026-02-16,M-009,LINE-03,S1,Electrical Failure,57.2,No
DT-005358,2026-02-16,M-005,LINE-02,S1,Mechanical Failure,32.5,No
DT-005359,2026-02-22,M-007,LINE-03,S1,Operator Delay,8.4,No
DT-005360,2026-03-29,M-012,LINE-04,S3,Mechanical Failure,40.0,No
DT-005361,2026-01-17,M-011,LINE-04,S1,Changeover,12.8,Yes
DT-005362,2026-03-21,M-007,LINE-03,S1,Mechanical Failure,16.7,No
DT-005363,2026-03-09,M-010,LINE-04,S1,Operator Delay,24.4,No
DT-005364,2026-05-29,M-009,LINE-03,S3,Electrical Failure,3.0,No
DT-005365,2026-03-01,M-003,LINE-01,S3,Changeover,22.2,Yes
DT-005366,2026-05-11,M-010,LINE-04,S2,Electrical Failure,22.0,No
DT-005367,2026-03-17,M-002,LINE-01,S3,Mechanical Failure,54.8,No
DT-005368,2026-01-13,M-003,LINE-01,S1,Material Shortage,31.5,No
DT-005369,2026-03-07,M-012,LINE-04,S1,Electrical Failure,28.5,No
DT-005370,2026-02-07,M-012,LINE-04,S2,Mechanical Failure,34.2,No
DT-005371,2026-06-10,M-003,LINE-01,S1,Material Shortage,18.7,No
DT-005372,2026-05-08,M-007,LINE-03,S2,Material Shortage,33.5,No
DT-005373,2026-01-12,M-003,LINE-01,S1,Material Shortage,55.7,No
DT-005374,2026-06-24,M-007,LINE-03,S2,Electrical Failure,29.8,No
DT-005375,2026-03-23,M-006,LINE-02,S1,Mechanical Failure,42.6,No
DT-005376,2026-05-30,M-003,LINE-01,S3,Material Shortage,80.2,No
DT-005377,2026-03-01,M-001,LINE-01,S1,Material Shortage,24.1,No
DT-005378,2026-06-14,M-003,LINE-01,S1,Electrical Failure,16.3,No
DT-005379,2026-03-26,M-009,LINE-03,S1,Operator Delay,8.1,No
DT-005380,2026-01-21,M-009,LINE-03,S1,Operator Delay,4.3,No
DT-005381,2026-03-11,M-008,LINE-03,S2,Changeover,16.6,Yes
DT-005382,2026-04-11,M-012,LINE-04,S3,Mechanical Failure,19.7,No
DT-005383,2026-01-15,M-011,LINE-04,S3,Preventive Maintenance,31.8,Yes
DT-005384,2026-05-25,M-006,LINE-02,S2,Quality Hold,19.0,No
DT-005385,2026-05-26,M-009,LINE-03,S2,Cleaning,27.3,No
DT-005386,2026-02-15,M-005,LINE-02,S2,Operator Delay,11.5,No
DT-005387,2026-06-28,M-004,LINE-02,S1,Material Shortage,36.5,No
DT-005388,2026-02-16,M-008,LINE-03,S2,Mechanical Failure,81.0,No
DT-005389,2026-05-20,M-004,LINE-02,S1,Electrical Failure,74.2,No
DT-005390,2026-01-22,M-011,LINE-04,S1,Electrical Failure,3.0,No
DT-005391,2026-01-30,M-009,LINE-03,S2,Mechanical Failure,114.9,No
DT-005392,2026-04-08,M-006,LINE-02,S3,Changeover,15.9,Yes
DT-005393,2026-04-26,M-002,LINE-01,S3,Electrical Failure,37.4,No
DT-005394,2026-05-11,M-003,LINE-01,S2,Quality Hold,3.3,No
DT-005395,2026-03-07,M-012,LINE-04,S3,Material Shortage,28.0,No
DT-005396,2026-06-12,M-009,LINE-03,S2,Electrical Failure,30.8,No
DT-005397,2026-06-02,M-005,LINE-02,S3,Changeover,38.7,Yes
DT-005398,2026-01-17,M-011,LINE-04,S2,Material Shortage,20.1,No
DT-005399,2026-04-30,M-012,LINE-04,S1,Material Shortage,7.2,No
DT-005400,2026-02-07,M-006,LINE-02,S2,Mechanical Failure,51.0,No
DT-005401,2026-06-23,M-003,LINE-01,S3,Material Shortage,15.4,No
DT-005402,2026-06-16,M-003,LINE-01,S2,Electrical Failure,44.0,No
DT-005403,2026-05-30,M-002,LINE-01,S2,Changeover,13.5,Yes
DT-005404,2026-03-23,M-010,LINE-04,S1,Changeover,39.1,Yes
DT-005405,2026-04-07,M-003,LINE-01,S2,Electrical Failure,14.4,No
DT-005406,2026-05-02,M-010,LINE-04,S1,Mechanical Failure,25.1,No
DT-005407,2026-06-23,M-003,LINE-01,S2,Mechanical Failure,25.8,No
DT-005408,2026-05-28,M-011,LINE-04,S2,Material Shortage,32.1,No
DT-005409,2026-06-09,M-011,LINE-04,S1,Mechanical Failure,3.8,No
DT-005410,2026-05-14,M-004,LINE-02,S1,Electrical Failure,8.5,No
DT-005411,2026-02-01,M-011,LINE-04,S1,Changeover,9.2,Yes
DT-005412,2026-03-24,M-012,LINE-04,S1,Material Shortage,39.2,No
DT-005413,2026-04-28,M-010,LINE-04,S3,Mechanical Failure,62.7,No
DT-005414,2026-03-26,M-011,LINE-04,S1,Material Shortage,10.4,No
DT-005415,2026-05-09,M-007,LINE-03,S1,Operator Delay,22.5,No
DT-005416,2026-01-22,M-010,LINE-04,S2,Mechanical Failure,36.7,No
DT-005417,2026-06-28,M-007,LINE-03,S3,Mechanical Failure,73.5,No
DT-005418,2026-02-07,M-005,LINE-02,S1,Electrical Failure,60.9,No
DT-005419,2026-05-09,M-007,LINE-03,S1,Mechanical Failure,20.5,No
DT-005420,2026-06-06,M-012,LINE-04,S1,Mechanical Failure,87.3,No
DT-005421,2026-05-07,M-002,LINE-01,S1,Electrical Failure,48.0,No
DT-005422,2026-06-15,M-008,LINE-03,S3,Operator Delay,29.8,No
DT-005423,2026-03-01,M-011,LINE-04,S1,Mechanical Failure,5.6,No
DT-005424,2026-06-20,M-001,LINE-01,S1,Material Shortage,10.9,No
DT-005425,2026-01-09,M-006,LINE-02,S1,Changeover,15.0,Yes
DT-005426,2026-01-12,M-010,LINE-04,S1,Electrical Failure,10.1,No
DT-005427,2026-06-25,M-005,LINE-02,S2,Cleaning,20.0,No
DT-005428,2026-06-24,M-006,LINE-02,S3,Quality Hold,11.8,No
DT-005429,2026-03-27,M-007,LINE-03,S2,Material Shortage,12.2,No
DT-005430,2026-01-10,M-004,LINE-02,S3,Preventive Maintenance,73.7,Yes
DT-005431,2026-05-02,M-007,LINE-03,S3,Changeover,3.0,Yes
DT-005432,2026-01-12,M-011,LINE-04,S3,Mechanical Failure,23.5,No
DT-005433,2026-01-04,M-002,LINE-01,S1,Electrical Failure,79.6,No
DT-005434,2026-03-12,M-006,LINE-02,S2,Material Shortage,42.0,No
DT-005435,2026-02-16,M-001,LINE-01,S2,Mechanical Failure,26.6,No
DT-005436,2026-04-08,M-012,LINE-04,S2,Cleaning,25.2,No
DT-005437,2026-01-05,M-004,LINE-02,S3,Preventive Maintenance,3.0,Yes
DT-005438,2026-06-06,M-010,LINE-04,S2,Mechanical Failure,58.7,No
DT-005439,2026-02-19,M-012,LINE-04,S3,Mechanical Failure,6.6,No
DT-005440,2026-04-28,M-004,LINE-02,S3,Changeover,81.6,Yes
DT-005441,2026-05-25,M-009,LINE-03,S3,Electrical Failure,22.8,No
DT-005442,2026-05-20,M-011,LINE-04,S2,Mechanical Failure,41.8,No
DT-005443,2026-01-22,M-006,LINE-02,S3,Changeover,50.5,Yes
DT-005444,2026-03-05,M-003,LINE-01,S3,Material Shortage,93.5,No
DT-005445,2026-06-06,M-011,LINE-04,S2,Mechanical Failure,40.4,No
DT-005446,2026-06-14,M-010,LINE-04,S3,Changeover,56.9,Yes
DT-005447,2026-02-02,M-003,LINE-01,S1,Changeover,17.5,Yes
DT-005448,2026-06-20,M-008,LINE-03,S2,Operator Delay,5.8,No
DT-005449,2026-02-25,M-005,LINE-02,S1,Mechanical Failure,33.7,No
DT-005450,2026-01-16,M-005,LINE-02,S2,Electrical Failure,50.4,No
DT-005451,2026-06-07,M-008,LINE-03,S1,Electrical Failure,53.8,No
DT-005452,2026-03-05,M-011,LINE-04,S2,Mechanical Failure,118.0,No
DT-005453,2026-01-25,M-012,LINE-04,S3,Mechanical Failure,40.3,No
DT-005454,2026-06-07,M-005,LINE-02,S1,Mechanical Failure,33.0,No
DT-005455,2026-01-02,M-002,LINE-01,S1,Mechanical Failure,42.2,No
DT-005456,2026-04-06,M-002,LINE-01,S1,Electrical Failure,41.1,No
DT-005457,2026-04-06,M-003,LINE-01,S2,Mechanical Failure,26.5,No
DT-005458,2026-06-18,M-001,LINE-01,S2,Cleaning,9.7,No
DT-005459,2026-06-09,M-008,LINE-03,S2,Mechanical Failure,38.7,No
DT-005460,2026-06-22,M-001,LINE-01,S3,Quality Hold,38.0,No
DT-005461,2026-05-19,M-007,LINE-03,S1,Changeover,11.5,Yes
DT-005462,2026-01-28,M-009,LINE-03,S1,Mechanical Failure,7.5,No
DT-005463,2026-01-05,M-002,LINE-01,S1,Mechanical Failure,20.6,No
DT-005464,2026-05-05,M-004,LINE-02,S2,Electrical Failure,26.8,No
DT-005465,2026-04-17,M-003,LINE-01,S1,Mechanical Failure,28.5,No
DT-005466,2026-05-30,M-011,LINE-04,S2,Changeover,3.0,Yes
DT-005467,2026-06-13,M-010,LINE-04,S1,Changeover,67.6,Yes
DT-005468,2026-03-06,M-001,LINE-01,S1,Material Shortage,33.3,No
DT-005469,2026-06-06,M-005,LINE-02,S3,Electrical Failure,29.5,No
DT-005470,2026-05-06,M-006,LINE-02,S2,Mechanical Failure,45.0,No
DT-005471,2026-02-27,M-001,LINE-01,S1,Cleaning,3.7,No
DT-005472,2026-04-14,M-002,LINE-01,S2,Mechanical Failure,27.2,No
DT-005473,2026-06-20,M-007,LINE-03,S1,Mechanical Failure,33.6,No
DT-005474,2026-01-04,M-007,LINE-03,S2,Changeover,6.1,Yes
DT-005475,2026-02-18,M-001,LINE-01,S1,Operator Delay,13.4,No
DT-005476,2026-06-23,M-010,LINE-04,S2,Mechanical Failure,65.8,No
DT-005477,2026-06-18,M-002,LINE-01,S2,Changeover,34.8,Yes
DT-005478,2026-03-06,M-001,LINE-01,S1,Operator Delay,30.7,No
DT-005479,2026-06-20,M-010,LINE-04,S2,Electrical Failure,10.9,No
DT-005480,2026-06-27,M-012,LINE-04,S1,Mechanical Failure,38.6,No
DT-005481,2026-05-30,M-011,LINE-04,S2,Electrical Failure,47.8,No
DT-005482,2026-05-25,M-007,LINE-03,S2,Changeover,48.6,Yes
DT-005483,2026-03-29,M-006,LINE-02,S2,Material Shortage,78.0,No
DT-005484,2026-01-29,M-012,LINE-04,S2,Mechanical Failure,52.1,No
DT-005485,2026-04-05,M-008,LINE-03,S1,Changeover,108.7,Yes
DT-005486,2026-01-30,M-010,LINE-04,S2,Material Shortage,36.8,No
DT-005487,2026-06-24,M-004,LINE-02,S2,Material Shortage,8.1,No
DT-005488,2026-06-22,M-006,LINE-02,S2,Mechanical Failure,88.2,No
DT-005489,2026-03-07,M-001,LINE-01,S3,Operator Delay,16.7,No
DT-005490,2026-05-13,M-003,LINE-01,S1,Material Shortage,38.1,No
DT-005491,2026-03-18,M-005,LINE-02,S2,Quality Hold,26.2,No
DT-005492,2026-05-10,M-004,LINE-02,S2,Operator Delay,19.5,No
DT-005493,2026-01-09,M-005,LINE-02,S3,Changeover,9.1,Yes
DT-005494,2026-04-07,M-002,LINE-01,S2,Changeover,7.1,Yes
DT-005495,2026-02-26,M-010,LINE-04,S2,Changeover,20.7,Yes
DT-005496,2026-04-18,M-011,LINE-04,S3,Material Shortage,28.9,No
DT-005497,2026-01-11,M-004,LINE-02,S3,Mechanical Failure,22.6,No
DT-005498,2026-04-07,M-002,LINE-01,S2,Quality Hold,6.5,No
DT-005499,2026-01-17,M-003,LINE-01,S2,Changeover,27.0,Yes
DT-005500,2026-05-28,M-008,LINE-03,S1,Material Shortage,15.7,No
DT-005501,2026-06-23,M-002,LINE-01,S3,Material Shortage,63.0,No
DT-005502,2026-02-01,M-007,LINE-03,S3,Electrical Failure,17.1,No
DT-005503,2026-06-07,M-006,LINE-02,S2,Mechanical Failure,36.7,No
DT-005504,2026-04-10,M-002,LINE-01,S1,Material Shortage,12.0,No
DT-005505,2026-05-27,M-003,LINE-01,S1,Material Shortage,59.5,No
DT-005506,2026-06-09,M-002,LINE-01,S2,Mechanical Failure,49.6,No
DT-005507,2026-03-14,M-001,LINE-01,S3,Cleaning,32.4,No
DT-005508,2026-04-16,M-011,LINE-04,S3,Preventive Maintenance,70.2,Yes
DT-005509,2026-05-06,M-004,LINE-02,S3,Mechanical Failure,25.4,No
DT-005510,2026-01-21,M-002,LINE-01,S1,Material Shortage,39.4,No
DT-005511,2026-05-22,M-005,LINE-02,S1,Preventive Maintenance,42.6,Yes
DT-005512,2026-04-05,M-005,LINE-02,S3,Mechanical Failure,13.6,No
DT-005513,2026-04-18,M-002,LINE-01,S3,Operator Delay,54.5,No
DT-005514,2026-04-27,M-005,LINE-02,S3,Mechanical Failure,180.0,No
DT-005515,2026-05-18,M-012,LINE-04,S1,Electrical Failure,52.0,No
DT-005516,2026-01-04,M-009,LINE-03,S2,Operator Delay,3.5,No
DT-005517,2026-02-23,M-005,LINE-02,S2,Changeover,18.1,Yes
DT-005518,2026-06-22,M-012,LINE-04,S1,Electrical Failure,7.0,No
DT-005519,2026-06-26,M-011,LINE-04,S3,Electrical Failure,66.9,No
DT-005520,2026-03-21,M-002,LINE-01,S2,Cleaning,14.2,No
DT-005521,2026-04-30,M-007,LINE-03,S2,Material Shortage,29.8,No
DT-005522,2026-01-01,M-009,LINE-03,S2,Changeover,65.3,Yes
DT-005523,2026-06-26,M-006,LINE-02,S2,Mechanical Failure,71.5,No
DT-005524,2026-04-11,M-006,LINE-02,S3,Mechanical Failure,31.5,No
DT-005525,2026-03-21,M-008,LINE-03,S1,Mechanical Failure,11.3,No
DT-005526,2026-03-16,M-012,LINE-04,S2,Electrical Failure,47.5,No
DT-005527,2026-02-08,M-012,LINE-04,S1,Quality Hold,30.5,No
DT-005528,2026-06-21,M-007,LINE-03,S2,Material Shortage,15.6,No
DT-005529,2026-03-01,M-012,LINE-04,S1,Mechanical Failure,38.4,No
DT-005530,2026-05-06,M-002,LINE-01,S1,Mechanical Failure,47.2,No
DT-005531,2026-01-06,M-012,LINE-04,S2,Changeover,3.0,Yes
DT-005532,2026-01-18,M-005,LINE-02,S1,Mechanical Failure,6.3,No
DT-005533,2026-04-02,M-006,LINE-02,S2,Mechanical Failure,8.8,No
DT-005534,2026-01-04,M-004,LINE-02,S1,Changeover,96.2,Yes
DT-005535,2026-03-23,M-008,LINE-03,S1,Mechanical Failure,29.1,No
DT-005536,2026-04-07,M-001,LINE-01,S1,Mechanical Failure,18.7,No
DT-005537,2026-03-03,M-009,LINE-03,S1,Mechanical Failure,5.7,No
DT-005538,2026-06-23,M-002,LINE-01,S3,Quality Hold,37.2,No
DT-005539,2026-06-12,M-001,LINE-01,S1,Mechanical Failure,38.3,No
DT-005540,2026-06-15,M-012,LINE-04,S1,Mechanical Failure,33.3,No
DT-005541,2026-02-26,M-007,LINE-03,S3,Quality Hold,46.0,No
DT-005542,2026-02-05,M-009,LINE-03,S1,Mechanical Failure,86.7,No
DT-005543,2026-04-30,M-001,LINE-01,S2,Electrical Failure,24.3,No
DT-005544,2026-01-06,M-007,LINE-03,S1,Mechanical Failure,25.2,No
DT-005545,2026-05-20,M-002,LINE-01,S3,Mechanical Failure,34.4,No
DT-005546,2026-06-06,M-002,LINE-01,S3,Electrical Failure,6.0,No
DT-005547,2026-03-30,M-008,LINE-03,S2,Electrical Failure,43.2,No
DT-005548,2026-02-01,M-011,LINE-04,S2,Changeover,49.6,Yes
DT-005549,2026-04-30,M-010,LINE-04,S2,Mechanical Failure,34.6,No
DT-005550,2026-04-20,M-001,LINE-01,S1,Material Shortage,40.2,No
DT-005551,2026-02-17,M-002,LINE-01,S3,Electrical Failure,38.2,No
DT-005552,2026-06-01,M-012,LINE-04,S1,Electrical Failure,27.4,No
DT-005553,2026-02-20,M-011,LINE-04,S1,Mechanical Failure,12.0,No
DT-005554,2026-04-19,M-008,LINE-03,S2,Mechanical Failure,29.2,No
DT-005555,2026-02-19,M-005,LINE-02,S2,Material Shortage,33.2,No
DT-005556,2026-04-12,M-003,LINE-01,S3,Electrical Failure,8.6,No
DT-005557,2026-05-04,M-009,LINE-03,S3,Mechanical Failure,12.4,No
DT-005558,2026-01-03,M-003,LINE-01,S2,Cleaning,15.2,No
DT-005559,2026-06-18,M-004,LINE-02,S2,Changeover,50.7,Yes
DT-005560,2026-01-13,M-006,LINE-02,S1,Operator Delay,24.7,No
DT-005561,2026-03-14,M-011,LINE-04,S3,Mechanical Failure,36.3,No
DT-005562,2026-06-18,M-004,LINE-02,S3,Electrical Failure,14.6,No
DT-005563,2026-05-06,M-006,LINE-02,S1,Mechanical Failure,46.3,No
DT-005564,2026-01-23,M-004,LINE-02,S1,Electrical Failure,10.9,No
DT-005565,2026-05-07,M-003,LINE-01,S3,Electrical Failure,10.8,No
DT-005566,2026-02-13,M-001,LINE-01,S1,Mechanical Failure,17.7,No
DT-005567,2026-01-25,M-008,LINE-03,S2,Mechanical Failure,10.6,No
DT-005568,2026-01-13,M-003,LINE-01,S2,Electrical Failure,82.5,No
DT-005569,2026-01-28,M-007,LINE-03,S3,Operator Delay,3.0,No
DT-005570,2026-03-16,M-002,LINE-01,S2,Mechanical Failure,69.5,No
DT-005571,2026-06-18,M-002,LINE-01,S3,Quality Hold,35.5,No
DT-005572,2026-05-19,M-004,LINE-02,S1,Mechanical Failure,10.4,No
DT-005573,2026-01-21,M-003,LINE-01,S3,Material Shortage,26.6,No
DT-005574,2026-02-17,M-005,LINE-02,S1,Mechanical Failure,7.7,No
DT-005575,2026-05-22,M-004,LINE-02,S3,Operator Delay,19.6,No
DT-005576,2026-03-06,M-001,LINE-01,S2,Mechanical Failure,87.1,No
DT-005577,2026-02-10,M-011,LINE-04,S1,Material Shortage,11.8,No
DT-005578,2026-01-09,M-004,LINE-02,S2,Mechanical Failure,22.8,No
DT-005579,2026-02-15,M-008,LINE-03,S2,Operator Delay,9.9,No
DT-005580,2026-03-01,M-006,LINE-02,S2,Mechanical Failure,60.2,No
DT-005581,2026-03-22,M-002,LINE-01,S3,Electrical Failure,84.4,No
DT-005582,2026-04-14,M-012,LINE-04,S2,Operator Delay,8.9,No
DT-005583,2026-05-07,M-003,LINE-01,S3,Changeover,40.3,Yes
DT-005584,2026-02-02,M-008,LINE-03,S3,Preventive Maintenance,32.8,Yes
DT-005585,2026-03-18,M-003,LINE-01,S3,Electrical Failure,79.0,No
DT-005586,2026-01-18,M-009,LINE-03,S3,Electrical Failure,41.9,No
DT-005587,2026-06-18,M-007,LINE-03,S1,Mechanical Failure,97.4,No
DT-005588,2026-06-15,M-007,LINE-03,S2,Mechanical Failure,36.2,No
DT-005589,2026-06-26,M-012,LINE-04,S3,Mechanical Failure,149.8,No
DT-005590,2026-06-17,M-006,LINE-02,S2,Cleaning,21.5,No
DT-005591,2026-03-12,M-001,LINE-01,S2,Material Shortage,23.1,No
DT-005592,2026-04-01,M-006,LINE-02,S2,Mechanical Failure,8.0,No
DT-005593,2026-03-09,M-001,LINE-01,S3,Quality Hold,3.0,No
DT-005594,2026-03-27,M-001,LINE-01,S2,Electrical Failure,8.8,No
DT-005595,2026-03-27,M-006,LINE-02,S1,Quality Hold,19.0,No
DT-005596,2026-03-27,M-003,LINE-01,S3,Electrical Failure,9.6,No
DT-005597,2026-04-18,M-011,LINE-04,S1,Changeover,15.5,Yes
DT-005598,2026-04-11,M-012,LINE-04,S3,Operator Delay,17.1,No
DT-005599,2026-06-15,M-009,LINE-03,S3,Changeover,10.7,Yes
DT-005600,2026-05-17,M-002,LINE-01,S1,Material Shortage,104.2,No
DT-005601,2026-01-01,M-005,LINE-02,S3,Material Shortage,33.2,No
DT-005602,2026-06-06,M-001,LINE-01,S2,Material Shortage,37.4,No
DT-005603,2026-04-24,M-001,LINE-01,S1,Quality Hold,24.3,No
DT-005604,2026-02-01,M-002,LINE-01,S1,Mechanical Failure,33.7,No
DT-005605,2026-05-31,M-001,LINE-01,S1,Electrical Failure,18.8,No
DT-005606,2026-06-21,M-002,LINE-01,S1,Preventive Maintenance,13.8,Yes
DT-005607,2026-05-25,M-008,LINE-03,S2,Electrical Failure,12.8,No
DT-005608,2026-01-18,M-012,LINE-04,S1,Mechanical Failure,44.0,No
DT-005609,2026-06-30,M-008,LINE-03,S2,Mechanical Failure,29.5,No
DT-005610,2026-04-10,M-007,LINE-03,S2,Mechanical Failure,63.3,No
DT-005611,2026-02-19,M-010,LINE-04,S2,Mechanical Failure,11.5,No
DT-005612,2026-03-20,M-003,LINE-01,S2,Electrical Failure,99.0,No
DT-005613,2026-05-20,M-005,LINE-02,S1,Material Shortage,33.9,No
DT-005614,2026-01-08,M-006,LINE-02,S1,Mechanical Failure,18.5,No
DT-005615,2026-04-05,M-005,LINE-02,S2,Cleaning,17.8,No
DT-005616,2026-05-23,M-001,LINE-01,S1,Electrical Failure,28.8,No
DT-005617,2026-05-22,M-011,LINE-04,S1,Changeover,13.4,Yes
DT-005618,2026-06-08,M-002,LINE-01,S3,Changeover,30.3,Yes
DT-005619,2026-03-12,M-004,LINE-02,S1,Mechanical Failure,40.0,No
DT-005620,2026-01-25,M-003,LINE-01,S1,Mechanical Failure,11.8,No
DT-005621,2026-05-30,M-011,LINE-04,S2,Material Shortage,11.2,No
DT-005622,2026-04-16,M-008,LINE-03,S3,Cleaning,14.4,No
DT-005623,2026-06-10,M-005,LINE-02,S2,Quality Hold,70.5,No
DT-005624,2026-05-16,M-012,LINE-04,S2,Mechanical Failure,8.7,No
DT-005625,2026-04-16,M-005,LINE-02,S2,Electrical Failure,6.0,No
DT-005626,2026-01-05,M-001,LINE-01,S3,Mechanical Failure,13.7,No
DT-005627,2026-05-31,M-007,LINE-03,S1,Mechanical Failure,46.0,No
DT-005628,2026-02-16,M-006,LINE-02,S1,Mechanical Failure,58.9,No
DT-005629,2026-04-19,M-004,LINE-02,S1,Mechanical Failure,16.8,No
DT-005630,2026-02-11,M-007,LINE-03,S1,Mechanical Failure,16.5,No
DT-005631,2026-06-26,M-007,LINE-03,S1,Changeover,22.3,Yes
DT-005632,2026-01-10,M-004,LINE-02,S2,Mechanical Failure,59.3,No
DT-005633,2026-06-17,M-008,LINE-03,S3,Mechanical Failure,23.9,No
DT-005634,2026-06-22,M-003,LINE-01,S2,Material Shortage,20.3,No
DT-005635,2026-02-14,M-006,LINE-02,S2,Material Shortage,14.0,No
DT-005636,2026-03-08,M-011,LINE-04,S2,Mechanical Failure,29.6,No
DT-005637,2026-05-18,M-005,LINE-02,S1,Changeover,29.5,Yes
DT-005638,2026-04-07,M-010,LINE-04,S3,Preventive Maintenance,32.5,Yes
DT-005639,2026-06-07,M-008,LINE-03,S2,Electrical Failure,58.1,No
DT-005640,2026-02-01,M-010,LINE-04,S2,Mechanical Failure,18.6,No
DT-005641,2026-02-01,M-010,LINE-04,S2,Cleaning,11.7,No
DT-005642,2026-06-08,M-005,LINE-02,S1,Operator Delay,22.7,No
DT-005643,2026-02-12,M-003,LINE-01,S3,Mechanical Failure,58.0,No
DT-005644,2026-03-15,M-003,LINE-01,S3,Material Shortage,20.1,No
DT-005645,2026-01-11,M-009,LINE-03,S2,Operator Delay,39.4,No
DT-005646,2026-04-07,M-004,LINE-02,S1,Electrical Failure,22.3,No
DT-005647,2026-02-28,M-009,LINE-03,S3,Changeover,11.8,Yes
DT-005648,2026-03-09,M-010,LINE-04,S2,Mechanical Failure,97.1,No
DT-005649,2026-01-03,M-004,LINE-02,S2,Changeover,43.7,Yes
DT-005650,2026-01-17,M-012,LINE-04,S1,Material Shortage,61.4,No
DT-005651,2026-01-29,M-002,LINE-01,S2,Mechanical Failure,3.0,No
DT-005652,2026-06-17,M-003,LINE-01,S1,Mechanical Failure,12.7,No
DT-005653,2026-03-30,M-006,LINE-02,S3,Changeover,40.1,Yes
DT-005654,2026-04-28,M-005,LINE-02,S2,Mechanical Failure,48.6,No
DT-005655,2026-05-02,M-002,LINE-01,S1,Cleaning,37.2,No
DT-005656,2026-06-01,M-009,LINE-03,S1,Electrical Failure,7.8,No
DT-005657,2026-02-28,M-004,LINE-02,S2,Material Shortage,21.1,No
DT-005658,2026-06-01,M-004,LINE-02,S2,Material Shortage,14.5,No
DT-005659,2026-06-25,M-004,LINE-02,S2,Electrical Failure,81.4,No
DT-005660,2026-05-23,M-007,LINE-03,S3,Mechanical Failure,19.6,No
DT-005661,2026-05-03,M-001,LINE-01,S3,Mechanical Failure,64.6,No
DT-005662,2026-04-16,M-003,LINE-01,S1,Mechanical Failure,93.6,No
DT-005663,2026-05-06,M-001,LINE-01,S1,Mechanical Failure,23.5,No
DT-005664,2026-05-20,M-010,LINE-04,S1,Quality Hold,3.0,No
DT-005665,2026-03-14,M-011,LINE-04,S3,Operator Delay,77.8,No
DT-005666,2026-06-05,M-002,LINE-01,S3,Mechanical Failure,67.0,No
DT-005667,2026-01-03,M-001,LINE-01,S3,Electrical Failure,29.2,No
DT-005668,2026-06-14,M-009,LINE-03,S3,Material Shortage,8.4,No
DT-005669,2026-02-03,M-007,LINE-03,S2,Preventive Maintenance,11.8,Yes
DT-005670,2026-04-17,M-004,LINE-02,S1,Mechanical Failure,31.7,No
DT-005671,2026-01-13,M-001,LINE-01,S1,Operator Delay,18.8,No
DT-005672,2026-05-25,M-004,LINE-02,S1,Mechanical Failure,75.4,No
DT-005673,2026-01-06,M-012,LINE-04,S2,Cleaning,16.1,No
DT-005674,2026-05-09,M-012,LINE-04,S2,Cleaning,28.7,No
DT-005675,2026-02-10,M-003,LINE-01,S2,Material Shortage,22.0,No
DT-005676,2026-04-16,M-003,LINE-01,S1,Mechanical Failure,3.0,No
DT-005677,2026-01-03,M-005,LINE-02,S2,Material Shortage,19.9,No
DT-005678,2026-01-26,M-009,LINE-03,S2,Mechanical Failure,62.8,No
DT-005679,2026-01-01,M-010,LINE-04,S3,Mechanical Failure,26.1,No
DT-005680,2026-04-30,M-001,LINE-01,S3,Mechanical Failure,71.3,No
DT-005681,2026-05-23,M-005,LINE-02,S3,Electrical Failure,3.0,No
DT-005682,2026-02-06,M-012,LINE-04,S2,Electrical Failure,26.2,No
DT-005683,2026-02-04,M-010,LINE-04,S1,Changeover,3.3,Yes
DT-005684,2026-06-13,M-011,LINE-04,S1,Material Shortage,12.5,No
DT-005685,2026-05-13,M-007,LINE-03,S3,Material Shortage,28.4,No
DT-005686,2026-03-23,M-003,LINE-01,S1,Mechanical Failure,3.0,No
DT-005687,2026-01-07,M-003,LINE-01,S2,Preventive Maintenance,64.4,Yes
DT-005688,2026-04-19,M-007,LINE-03,S3,Quality Hold,12.8,No
DT-005689,2026-02-21,M-008,LINE-03,S1,Cleaning,7.6,No
DT-005690,2026-06-27,M-001,LINE-01,S1,Mechanical Failure,83.5,No
DT-005691,2026-02-09,M-010,LINE-04,S1,Electrical Failure,42.0,No
DT-005692,2026-02-27,M-005,LINE-02,S3,Mechanical Failure,70.7,No
DT-005693,2026-03-17,M-011,LINE-04,S1,Changeover,12.1,Yes
DT-005694,2026-04-17,M-010,LINE-04,S1,Cleaning,40.2,No
DT-005695,2026-06-03,M-007,LINE-03,S1,Electrical Failure,46.0,No
DT-005696,2026-03-18,M-006,LINE-02,S2,Electrical Failure,19.6,No
DT-005697,2026-01-12,M-008,LINE-03,S1,Cleaning,8.8,No
DT-005698,2026-01-08,M-004,LINE-02,S1,Mechanical Failure,54.1,No
DT-005699,2026-06-10,M-008,LINE-03,S3,Electrical Failure,40.0,No
DT-005700,2026-05-16,M-001,LINE-01,S1,Electrical Failure,32.1,No
DT-005701,2026-05-18,M-009,LINE-03,S1,Cleaning,8.8,No
DT-005702,2026-04-10,M-005,LINE-02,S1,Cleaning,23.6,No
DT-005703,2026-06-30,M-003,LINE-01,S1,Mechanical Failure,19.4,No
DT-005704,2026-02-21,M-011,LINE-04,S2,Mechanical Failure,25.4,No
DT-005705,2026-06-04,M-009,LINE-03,S2,Mechanical Failure,6.4,No
DT-005706,2026-05-29,M-004,LINE-02,S1,Mechanical Failure,73.9,No
DT-005707,2026-04-10,M-010,LINE-04,S2,Changeover,14.7,Yes
DT-005708,2026-03-18,M-004,LINE-02,S3,Quality Hold,49.0,No
DT-005709,2026-04-06,M-004,LINE-02,S1,Changeover,50.8,Yes
DT-005710,2026-02-26,M-002,LINE-01,S2,Mechanical Failure,14.7,No
DT-005711,2026-02-01,M-005,LINE-02,S2,Mechanical Failure,27.1,No
DT-005712,2026-02-07,M-002,LINE-01,S1,Mechanical Failure,34.7,No
DT-005713,2026-03-22,M-010,LINE-04,S1,Preventive Maintenance,38.7,Yes
DT-005714,2026-04-10,M-002,LINE-01,S2,Changeover,3.0,Yes
DT-005715,2026-05-10,M-004,LINE-02,S2,Mechanical Failure,180.0,No
DT-005716,2026-01-04,M-001,LINE-01,S1,Changeover,46.7,Yes
DT-005717,2026-05-30,M-011,LINE-04,S2,Changeover,18.4,Yes
DT-005718,2026-05-23,M-006,LINE-02,S3,Operator Delay,5.3,No
DT-005719,2026-02-22,M-003,LINE-01,S1,Material Shortage,78.0,No
DT-005720,2026-06-29,M-012,LINE-04,S1,Cleaning,6.2,No
DT-005721,2026-06-07,M-012,LINE-04,S1,Electrical Failure,36.3,No
DT-005722,2026-01-31,M-011,LINE-04,S1,Material Shortage,10.6,No
DT-005723,2026-06-02,M-002,LINE-01,S1,Mechanical Failure,95.8,No
DT-005724,2026-03-22,M-002,LINE-01,S2,Quality Hold,24.0,No
DT-005725,2026-03-04,M-001,LINE-01,S3,Electrical Failure,24.8,No
DT-005726,2026-05-08,M-010,LINE-04,S2,Cleaning,32.5,No
DT-005727,2026-03-13,M-012,LINE-04,S3,Mechanical Failure,19.1,No
DT-005728,2026-04-11,M-004,LINE-02,S2,Mechanical Failure,40.4,No
DT-005729,2026-04-27,M-012,LINE-04,S3,Material Shortage,23.8,No
DT-005730,2026-05-04,M-002,LINE-01,S3,Mechanical Failure,47.1,No
DT-005731,2026-02-14,M-002,LINE-01,S1,Cleaning,8.9,No
DT-005732,2026-05-29,M-007,LINE-03,S2,Material Shortage,85.2,No
DT-005733,2026-04-29,M-007,LINE-03,S1,Quality Hold,35.6,No
DT-005734,2026-06-08,M-011,LINE-04,S3,Mechanical Failure,109.9,No
DT-005735,2026-03-09,M-011,LINE-04,S2,Cleaning,7.6,No
DT-005736,2026-05-25,M-011,LINE-04,S1,Cleaning,6.5,No
DT-005737,2026-06-17,M-001,LINE-01,S2,Operator Delay,36.9,No
DT-005738,2026-04-08,M-008,LINE-03,S2,Mechanical Failure,19.3,No
DT-005739,2026-06-22,M-011,LINE-04,S2,Cleaning,5.0,No
DT-005740,2026-01-14,M-010,LINE-04,S3,Mechanical Failure,3.3,No
DT-005741,2026-03-29,M-002,LINE-01,S3,Electrical Failure,33.8,No
DT-005742,2026-02-04,M-007,LINE-03,S2,Cleaning,9.5,No
DT-005743,2026-05-20,M-008,LINE-03,S2,Cleaning,4.7,No
DT-005744,2026-06-25,M-008,LINE-03,S3,Preventive Maintenance,12.6,Yes
DT-005745,2026-01-28,M-002,LINE-01,S2,Mechanical Failure,108.7,No
DT-005746,2026-04-28,M-008,LINE-03,S2,Mechanical Failure,12.0,No
DT-005747,2026-01-01,M-007,LINE-03,S2,Changeover,3.0,Yes
DT-005748,2026-04-09,M-003,LINE-01,S1,Changeover,53.4,Yes
DT-005749,2026-02-16,M-011,LINE-04,S1,Changeover,22.9,Yes
DT-005750,2026-03-02,M-011,LINE-04,S1,Material Shortage,7.3,No
DT-005751,2026-02-20,M-002,LINE-01,S3,Material Shortage,6.0,No
DT-005752,2026-04-08,M-009,LINE-03,S1,Mechanical Failure,34.1,No
DT-005753,2026-06-24,M-005,LINE-02,S1,Changeover,19.5,Yes
DT-005754,2026-03-28,M-009,LINE-03,S1,Cleaning,14.9,No
DT-005755,2026-05-08,M-004,LINE-02,S1,Cleaning,33.5,No
DT-005756,2026-05-30,M-006,LINE-02,S1,Material Shortage,73.7,No
DT-005757,2026-06-20,M-004,LINE-02,S1,Mechanical Failure,61.9,No
DT-005758,2026-05-20,M-002,LINE-01,S2,Changeover,18.1,Yes
DT-005759,2026-05-13,M-001,LINE-01,S1,Changeover,22.0,Yes
DT-005760,2026-05-10,M-002,LINE-01,S1,Changeover,45.1,Yes
DT-005761,2026-04-14,M-007,LINE-03,S2,Changeover,24.1,Yes
DT-005762,2026-01-26,M-007,LINE-03,S2,Changeover,23.9,Yes
DT-005763,2026-03-13,M-009,LINE-03,S2,Quality Hold,3.5,No
DT-005764,2026-05-29,M-010,LINE-04,S3,Cleaning,23.9,No
DT-005765,2026-06-23,M-007,LINE-03,S3,Cleaning,20.2,No
DT-005766,2026-04-10,M-010,LINE-04,S1,Material Shortage,8.7,No
DT-005767,2026-05-06,M-002,LINE-01,S2,Preventive Maintenance,35.1,Yes
DT-005768,2026-05-28,M-010,LINE-04,S1,Material Shortage,37.1,No
DT-005769,2026-02-04,M-003,LINE-01,S3,Cleaning,11.2,No
DT-005770,2026-02-08,M-008,LINE-03,S1,Electrical Failure,22.9,No
DT-005771,2026-02-13,M-007,LINE-03,S2,Quality Hold,8.9,No
DT-005772,2026-04-12,M-002,LINE-01,S3,Electrical Failure,35.0,No
DT-005773,2026-04-06,M-002,LINE-01,S2,Mechanical Failure,36.3,No
DT-005774,2026-06-10,M-005,LINE-02,S1,Cleaning,23.0,No
DT-005775,2026-04-16,M-002,LINE-01,S3,Preventive Maintenance,8.4,Yes
DT-005776,2026-03-27,M-008,LINE-03,S2,Mechanical Failure,84.5,No
DT-005777,2026-03-24,M-001,LINE-01,S2,Material Shortage,30.3,No
DT-005778,2026-01-01,M-004,LINE-02,S3,Quality Hold,20.9,No
DT-005779,2026-04-28,M-001,LINE-01,S3,Material Shortage,17.5,No
DT-005780,2026-06-18,M-001,LINE-01,S1,Electrical Failure,137.9,No
DT-005781,2026-01-29,M-005,LINE-02,S1,Preventive Maintenance,28.1,Yes
DT-005782,2026-05-01,M-009,LINE-03,S1,Quality Hold,37.9,No
DT-005783,2026-01-02,M-002,LINE-01,S2,Mechanical Failure,85.0,No
DT-005784,2026-03-07,M-009,LINE-03,S1,Operator Delay,9.7,No
DT-005785,2026-04-16,M-007,LINE-03,S2,Mechanical Failure,11.0,No
DT-005786,2026-01-15,M-011,LINE-04,S1,Changeover,16.8,Yes
DT-005787,2026-03-28,M-004,LINE-02,S3,Mechanical Failure,70.5,No
DT-005788,2026-03-17,M-009,LINE-03,S1,Material Shortage,11.6,No
DT-005789,2026-05-28,M-001,LINE-01,S2,Quality Hold,62.9,No
DT-005790,2026-03-26,M-002,LINE-01,S1,Operator Delay,16.6,No
DT-005791,2026-02-17,M-012,LINE-04,S1,Changeover,19.4,Yes
DT-005792,2026-03-25,M-006,LINE-02,S1,Changeover,20.2,Yes
DT-005793,2026-03-18,M-006,LINE-02,S2,Mechanical Failure,60.0,No
DT-005794,2026-04-01,M-001,LINE-01,S1,Mechanical Failure,58.1,No
DT-005795,2026-02-15,M-007,LINE-03,S1,Mechanical Failure,30.6,No
DT-005796,2026-06-21,M-010,LINE-04,S1,Quality Hold,14.8,No
DT-005797,2026-05-07,M-006,LINE-02,S1,Electrical Failure,11.5,No
DT-005798,2026-06-18,M-005,LINE-02,S1,Preventive Maintenance,50.2,Yes
DT-005799,2026-05-20,M-005,LINE-02,S2,Mechanical Failure,21.5,No
DT-005800,2026-01-01,M-011,LINE-04,S2,Changeover,95.6,Yes
DT-005801,2026-05-16,M-011,LINE-04,S1,Mechanical Failure,28.2,No
DT-005802,2026-01-07,M-003,LINE-01,S1,Mechanical Failure,80.8,No
DT-005803,2026-05-02,M-006,LINE-02,S1,Cleaning,15.2,No
DT-005804,2026-03-17,M-001,LINE-01,S3,Changeover,43.0,Yes
DT-005805,2026-05-07,M-010,LINE-04,S1,Preventive Maintenance,42.8,Yes
DT-005806,2026-02-22,M-007,LINE-03,S1,Mechanical Failure,70.7,No
DT-005807,2026-05-19,M-001,LINE-01,S3,Mechanical Failure,15.6,No
DT-005808,2026-02-20,M-004,LINE-02,S2,Operator Delay,3.0,No
DT-005809,2026-01-04,M-001,LINE-01,S3,Electrical Failure,38.4,No
DT-005810,2026-01-01,M-002,LINE-01,S1,Electrical Failure,23.1,No
DT-005811,2026-02-04,M-009,LINE-03,S2,Material Shortage,17.0,No
DT-005812,2026-04-08,M-010,LINE-04,S1,Electrical Failure,27.5,No
DT-005813,2026-06-03,M-003,LINE-01,S1,Mechanical Failure,44.1,No
DT-005814,2026-06-20,M-010,LINE-04,S2,Material Shortage,22.8,No
DT-005815,2026-05-20,M-005,LINE-02,S3,Quality Hold,11.4,No
DT-005816,2026-01-18,M-004,LINE-02,S1,Mechanical Failure,31.9,No
DT-005817,2026-06-25,M-010,LINE-04,S3,Mechanical Failure,16.6,No
DT-005818,2026-01-06,M-012,LINE-04,S2,Material Shortage,29.0,No
DT-005819,2026-01-15,M-007,LINE-03,S2,Mechanical Failure,37.5,No
DT-005820,2026-04-21,M-012,LINE-04,S2,Mechanical Failure,99.8,No
DT-005821,2026-06-13,M-001,LINE-01,S2,Mechanical Failure,98.1,No
DT-005822,2026-03-11,M-001,LINE-01,S2,Cleaning,10.8,No
DT-005823,2026-03-23,M-010,LINE-04,S2,Electrical Failure,23.3,No
DT-005824,2026-04-25,M-002,LINE-01,S1,Changeover,41.8,Yes
DT-005825,2026-02-21,M-009,LINE-03,S2,Mechanical Failure,62.0,No
DT-005826,2026-01-11,M-012,LINE-04,S2,Mechanical Failure,53.9,No
DT-005827,2026-04-15,M-009,LINE-03,S2,Electrical Failure,21.4,No
DT-005828,2026-01-24,M-005,LINE-02,S2,Mechanical Failure,24.2,No
DT-005829,2026-04-05,M-006,LINE-02,S2,Material Shortage,30.8,No
DT-005830,2026-02-24,M-005,LINE-02,S3,Mechanical Failure,30.5,No
DT-005831,2026-02-04,M-012,LINE-04,S1,Changeover,112.0,Yes
DT-005832,2026-05-10,M-005,LINE-02,S3,Cleaning,36.5,No
DT-005833,2026-03-23,M-010,LINE-04,S2,Electrical Failure,31.5,No
DT-005834,2026-06-14,M-009,LINE-03,S3,Operator Delay,9.0,No
DT-005835,2026-01-21,M-011,LINE-04,S3,Operator Delay,10.7,No
DT-005836,2026-06-26,M-003,LINE-01,S2,Electrical Failure,45.5,No
DT-005837,2026-02-11,M-002,LINE-01,S2,Changeover,29.4,Yes
DT-005838,2026-06-30,M-003,LINE-01,S1,Operator Delay,18.3,No
DT-005839,2026-06-26,M-010,LINE-04,S2,Operator Delay,23.8,No
DT-005840,2026-04-19,M-003,LINE-01,S2,Electrical Failure,15.1,No
DT-005841,2026-03-17,M-009,LINE-03,S2,Material Shortage,39.3,No
DT-005842,2026-04-22,M-011,LINE-04,S1,Changeover,30.2,Yes
DT-005843,2026-02-20,M-005,LINE-02,S2,Changeover,6.9,Yes
DT-005844,2026-06-13,M-012,LINE-04,S1,Changeover,6.7,Yes
DT-005845,2026-01-19,M-003,LINE-01,S3,Electrical Failure,10.4,No
DT-005846,2026-01-31,M-010,LINE-04,S3,Material Shortage,22.6,No
DT-005847,2026-06-09,M-007,LINE-03,S1,Mechanical Failure,90.7,No
DT-005848,2026-01-08,M-009,LINE-03,S2,Electrical Failure,21.9,No
DT-005849,2026-04-28,M-011,LINE-04,S1,Cleaning,10.7,No
DT-005850,2026-04-10,M-007,LINE-03,S1,Cleaning,3.0,No
DT-005851,2026-04-26,M-010,LINE-04,S3,Operator Delay,3.0,No
DT-005852,2026-04-27,M-006,LINE-02,S1,Mechanical Failure,30.8,No
DT-005853,2026-06-28,M-006,LINE-02,S1,Electrical Failure,38.9,No
DT-005854,2026-02-22,M-009,LINE-03,S2,Material Shortage,43.2,No
DT-005855,2026-05-23,M-001,LINE-01,S3,Changeover,3.8,Yes
DT-005856,2026-04-19,M-010,LINE-04,S3,Cleaning,6.4,No
DT-005857,2026-04-30,M-001,LINE-01,S3,Electrical Failure,51.7,No
DT-005858,2026-06-17,M-007,LINE-03,S1,Quality Hold,4.6,No
DT-005859,2026-06-12,M-007,LINE-03,S2,Electrical Failure,12.0,No
DT-005860,2026-04-26,M-007,LINE-03,S1,Operator Delay,20.6,No
DT-005861,2026-01-29,M-003,LINE-01,S1,Electrical Failure,24.7,No
DT-005862,2026-06-21,M-006,LINE-02,S1,Quality Hold,15.8,No
DT-005863,2026-05-28,M-002,LINE-01,S1,Mechanical Failure,10.6,No
DT-005864,2026-01-07,M-008,LINE-03,S3,Changeover,31.9,Yes
DT-005865,2026-05-16,M-001,LINE-01,S2,Mechanical Failure,22.1,No
DT-005866,2026-01-06,M-010,LINE-04,S3,Preventive Maintenance,17.7,Yes
DT-005867,2026-04-03,M-006,LINE-02,S1,Preventive Maintenance,100.3,Yes
DT-005868,2026-06-30,M-005,LINE-02,S3,Material Shortage,12.4,No
DT-005869,2026-06-06,M-005,LINE-02,S2,Operator Delay,44.8,No
DT-005870,2026-03-07,M-010,LINE-04,S2,Preventive Maintenance,22.4,Yes
DT-005871,2026-05-16,M-006,LINE-02,S1,Quality Hold,3.2,No
DT-005872,2026-05-20,M-002,LINE-01,S2,Mechanical Failure,15.8,No
DT-005873,2026-03-05,M-001,LINE-01,S2,Material Shortage,20.4,No
DT-005874,2026-01-30,M-008,LINE-03,S2,Mechanical Failure,45.0,No
DT-005875,2026-05-27,M-012,LINE-04,S1,Operator Delay,27.7,No
DT-005876,2026-04-06,M-007,LINE-03,S2,Material Shortage,66.2,No
DT-005877,2026-03-06,M-009,LINE-03,S3,Changeover,4.4,Yes
DT-005878,2026-02-21,M-008,LINE-03,S1,Mechanical Failure,38.6,No
DT-005879,2026-02-23,M-011,LINE-04,S2,Cleaning,6.3,No
DT-005880,2026-01-27,M-002,LINE-01,S2,Electrical Failure,13.0,No
DT-005881,2026-03-08,M-012,LINE-04,S1,Mechanical Failure,77.8,No
DT-005882,2026-06-24,M-012,LINE-04,S1,Mechanical Failure,31.4,No
DT-005883,2026-06-14,M-010,LINE-04,S3,Changeover,24.4,Yes
DT-005884,2026-03-10,M-001,LINE-01,S3,Quality Hold,5.2,No
DT-005885,2026-03-28,M-010,LINE-04,S1,Mechanical Failure,95.2,No
DT-005886,2026-03-22,M-011,LINE-04,S1,Electrical Failure,49.4,No
DT-005887,2026-04-01,M-010,LINE-04,S3,Mechanical Failure,12.5,No
DT-005888,2026-04-26,M-002,LINE-01,S2,Cleaning,6.3,No
DT-005889,2026-04-11,M-011,LINE-04,S1,Operator Delay,44.3,No
DT-005890,2026-04-26,M-001,LINE-01,S3,Mechanical Failure,51.8,No
DT-005891,2026-02-28,M-007,LINE-03,S2,Material Shortage,30.8,No
DT-005892,2026-05-01,M-005,LINE-02,S2,Electrical Failure,35.4,No
DT-005893,2026-01-12,M-012,LINE-04,S1,Electrical Failure,52.1,No
DT-005894,2026-01-09,M-004,LINE-02,S2,Mechanical Failure,12.1,No
DT-005895,2026-06-08,M-008,LINE-03,S1,Cleaning,14.3,No
DT-005896,2026-05-09,M-001,LINE-01,S1,Electrical Failure,101.5,No
DT-005897,2026-03-28,M-007,LINE-03,S2,Electrical Failure,23.2,No
DT-005898,2026-03-06,M-003,LINE-01,S2,Mechanical Failure,48.2,No
DT-005899,2026-01-14,M-002,LINE-01,S2,Electrical Failure,42.2,No
DT-005900,2026-04-02,M-001,LINE-01,S3,Quality Hold,19.0,No
DT-005901,2026-06-21,M-010,LINE-04,S1,Material Shortage,41.0,No
DT-005902,2026-03-22,M-004,LINE-02,S2,Changeover,14.8,Yes
DT-005903,2026-01-11,M-003,LINE-01,S2,Preventive Maintenance,30.3,Yes
DT-005904,2026-04-24,M-011,LINE-04,S2,Cleaning,13.2,No
DT-005905,2026-05-04,M-010,LINE-04,S1,Cleaning,13.0,No
DT-005906,2026-05-12,M-002,LINE-01,S3,Mechanical Failure,44.8,No
DT-005907,2026-06-24,M-006,LINE-02,S2,Cleaning,17.0,No
DT-005908,2026-02-09,M-004,LINE-02,S3,Mechanical Failure,44.7,No
DT-005909,2026-05-27,M-002,LINE-01,S2,Material Shortage,60.3,No
DT-005910,2026-04-07,M-002,LINE-01,S2,Mechanical Failure,83.3,No
DT-005911,2026-03-12,M-011,LINE-04,S2,Quality Hold,11.7,No
DT-005912,2026-04-17,M-007,LINE-03,S2,Operator Delay,36.2,No
DT-005913,2026-05-18,M-005,LINE-02,S2,Mechanical Failure,18.7,No
DT-005914,2026-06-10,M-011,LINE-04,S3,Cleaning,3.3,No
DT-005915,2026-05-27,M-011,LINE-04,S1,Mechanical Failure,7.0,No
DT-005916,2026-05-08,M-011,LINE-04,S1,Material Shortage,24.2,No
DT-005917,2026-01-23,M-002,LINE-01,S1,Material Shortage,7.2,No
DT-005918,2026-01-06,M-008,LINE-03,S1,Mechanical Failure,6.7,No
DT-005919,2026-04-08,M-012,LINE-04,S1,Changeover,9.7,Yes
DT-005920,2026-05-14,M-003,LINE-01,S1,Electrical Failure,40.2,No
DT-005921,2026-05-29,M-001,LINE-01,S3,Material Shortage,15.1,No
DT-005922,2026-03-26,M-012,LINE-04,S1,Material Shortage,6.8,No
DT-005923,2026-05-13,M-002,LINE-01,S2,Electrical Failure,41.4,No
DT-005924,2026-06-13,M-012,LINE-04,S1,Material Shortage,18.6,No
DT-005925,2026-06-16,M-009,LINE-03,S3,Mechanical Failure,27.3,No
DT-005926,2026-04-25,M-006,LINE-02,S3,Electrical Failure,3.0,No
DT-005927,2026-01-10,M-012,LINE-04,S3,Preventive Maintenance,73.0,Yes
DT-005928,2026-02-07,M-008,LINE-03,S2,Material Shortage,32.6,No
DT-005929,2026-06-02,M-001,LINE-01,S1,Operator Delay,25.8,No
DT-005930,2026-06-02,M-009,LINE-03,S1,Mechanical Failure,28.1,No
DT-005931,2026-02-09,M-010,LINE-04,S1,Electrical Failure,59.7,No
DT-005932,2026-01-11,M-006,LINE-02,S3,Mechanical Failure,24.8,No
DT-005933,2026-05-31,M-002,LINE-01,S1,Electrical Failure,16.1,No
DT-005934,2026-04-04,M-011,LINE-04,S1,Quality Hold,82.6,No
DT-005935,2026-02-15,M-012,LINE-04,S2,Material Shortage,24.6,No
DT-005936,2026-02-09,M-011,LINE-04,S3,Changeover,30.3,Yes
DT-005937,2026-02-02,M-001,LINE-01,S2,Mechanical Failure,7.5,No
DT-005938,2026-05-12,M-011,LINE-04,S3,Material Shortage,17.9,No
DT-005939,2026-05-04,M-001,LINE-01,S2,Quality Hold,23.2,No
DT-005940,2026-06-01,M-012,LINE-04,S1,Mechanical Failure,56.7,No
DT-005941,2026-05-25,M-008,LINE-03,S2,Electrical Failure,72.6,No
DT-005942,2026-01-20,M-003,LINE-01,S2,Operator Delay,23.5,No
DT-005943,2026-06-27,M-005,LINE-02,S1,Changeover,23.8,Yes
DT-005944,2026-01-04,M-006,LINE-02,S2,Material Shortage,5.7,No
DT-005945,2026-03-01,M-006,LINE-02,S1,Electrical Failure,23.8,No
DT-005946,2026-02-07,M-001,LINE-01,S1,Material Shortage,24.2,No
DT-005947,2026-05-06,M-001,LINE-01,S3,Electrical Failure,13.1,No
DT-005948,2026-06-27,M-010,LINE-04,S1,Mechanical Failure,177.0,No
DT-005949,2026-03-21,M-004,LINE-02,S1,Material Shortage,23.2,No
DT-005950,2026-04-07,M-003,LINE-01,S2,Operator Delay,4.2,No
DT-005951,2026-04-17,M-010,LINE-04,S3,Mechanical Failure,55.1,No
DT-005952,2026-02-11,M-004,LINE-02,S1,Electrical Failure,28.1,No
DT-005953,2026-03-26,M-012,LINE-04,S1,Changeover,14.4,Yes
DT-005954,2026-06-08,M-003,LINE-01,S2,Material Shortage,16.9,No
DT-005955,2026-05-30,M-007,LINE-03,S3,Material Shortage,135.2,No
DT-005956,2026-02-09,M-001,LINE-01,S2,Changeover,14.4,Yes
DT-005957,2026-05-08,M-008,LINE-03,S2,Operator Delay,4.6,No
DT-005958,2026-06-26,M-008,LINE-03,S2,Electrical Failure,13.5,No
DT-005959,2026-01-17,M-006,LINE-02,S1,Operator Delay,12.3,No
DT-005960,2026-02-06,M-001,LINE-01,S3,Operator Delay,12.5,No
DT-005961,2026-04-30,M-011,LINE-04,S2,Mechanical Failure,22.8,No
DT-005962,2026-06-17,M-009,LINE-03,S1,Changeover,29.1,Yes
DT-005963,2026-06-23,M-003,LINE-01,S1,Material Shortage,19.6,No
DT-005964,2026-04-27,M-004,LINE-02,S2,Mechanical Failure,42.8,No
DT-005965,2026-04-26,M-012,LINE-04,S3,Quality Hold,3.0,No
DT-005966,2026-02-17,M-012,LINE-04,S2,Electrical Failure,12.3,No
DT-005967,2026-01-13,M-007,LINE-03,S1,Electrical Failure,50.8,No
DT-005968,2026-05-19,M-006,LINE-02,S3,Mechanical Failure,8.4,No
DT-005969,2026-06-14,M-012,LINE-04,S2,Material Shortage,57.0,No
DT-005970,2026-03-29,M-002,LINE-01,S1,Changeover,42.3,Yes
DT-005971,2026-06-09,M-003,LINE-01,S1,Operator Delay,12.2,No
DT-005972,2026-01-31,M-008,LINE-03,S2,Electrical Failure,15.1,No
DT-005973,2026-01-25,M-001,LINE-01,S3,Changeover,3.7,Yes
DT-005974,2026-02-06,M-012,LINE-04,S3,Electrical Failure,8.6,No
DT-005975,2026-03-10,M-005,LINE-02,S1,Changeover,27.4,Yes
DT-005976,2026-04-19,M-010,LINE-04,S2,Mechanical Failure,75.5,No
DT-005977,2026-05-09,M-003,LINE-01,S3,Cleaning,12.4,No
DT-005978,2026-06-30,M-002,LINE-01,S2,Quality Hold,58.4,No
DT-005979,2026-06-28,M-009,LINE-03,S3,Cleaning,22.0,No
DT-005980,2026-04-27,M-003,LINE-01,S2,Mechanical Failure,38.2,No
DT-005981,2026-04-13,M-006,LINE-02,S1,Mechanical Failure,12.1,No
DT-005982,2026-02-27,M-011,LINE-04,S2,Mechanical Failure,5.6,No
DT-005983,2026-05-14,M-003,LINE-01,S1,Mechanical Failure,28.4,No
DT-005984,2026-03-13,M-011,LINE-04,S1,Changeover,16.9,Yes
DT-005985,2026-02-12,M-010,LINE-04,S2,Mechanical Failure,17.5,No
DT-005986,2026-03-18,M-001,LINE-01,S1,Changeover,33.3,Yes
DT-005987,2026-01-07,M-002,LINE-01,S2,Mechanical Failure,66.2,No
DT-005988,2026-04-03,M-005,LINE-02,S1,Material Shortage,10.6,No
DT-005989,2026-06-12,M-005,LINE-02,S2,Preventive Maintenance,36.3,Yes
DT-005990,2026-05-29,M-005,LINE-02,S2,Quality Hold,8.7,No
DT-005991,2026-05-02,M-011,LINE-04,S1,Electrical Failure,19.6,No
DT-005992,2026-03-23,M-008,LINE-03,S2,Mechanical Failure,28.9,No
DT-005993,2026-01-14,M-001,LINE-01,S1,Changeover,16.7,Yes
DT-005994,2026-01-14,M-008,LINE-03,S1,Electrical Failure,13.6,No
DT-005995,2026-02-22,M-001,LINE-01,S3,Quality Hold,27.3,No
DT-005996,2026-04-03,M-010,LINE-04,S2,Electrical Failure,19.1,No
DT-005997,2026-06-17,M-006,LINE-02,S3,Mechanical Failure,11.9,No
DT-005998,2026-02-18,M-012,LINE-04,S1,Mechanical Failure,75.8,No
DT-005999,2026-01-02,M-005,LINE-02,S2,Mechanical Failure,27.6,No
DT-006000,2026-04-28,M-002,LINE-01,S1,Mechanical Failure,28.2,No
DT-006001,2026-06-14,M-006,LINE-02,S2,Material Shortage,28.1,No
DT-006002,2026-04-06,M-001,LINE-01,S2,Operator Delay,35.5,No
DT-006003,2026-02-19,M-003,LINE-01,S3,Operator Delay,9.0,No
DT-006004,2026-05-26,M-005,LINE-02,S2,Operator Delay,29.2,No
DT-006005,2026-03-20,M-006,LINE-02,S2,Mechanical Failure,33.0,No
DT-006006,2026-05-27,M-009,LINE-03,S3,Material Shortage,3.0,No
DT-006007,2026-04-19,M-011,LINE-04,S3,Electrical Failure,65.9,No
DT-006008,2026-05-14,M-007,LINE-03,S2,Mechanical Failure,10.5,No
DT-006009,2026-04-09,M-008,LINE-03,S3,Mechanical Failure,55.1,No
DT-006010,2026-01-16,M-001,LINE-01,S1,Mechanical Failure,113.6,No
DT-006011,2026-01-09,M-005,LINE-02,S2,Preventive Maintenance,70.3,Yes
DT-006012,2026-01-13,M-003,LINE-01,S2,Electrical Failure,69.0,No
DT-006013,2026-02-16,M-009,LINE-03,S2,Electrical Failure,17.1,No
DT-006014,2026-01-22,M-009,LINE-03,S3,Electrical Failure,52.2,No
DT-006015,2026-05-14,M-007,LINE-03,S3,Mechanical Failure,3.6,No
DT-006016,2026-04-07,M-012,LINE-04,S1,Quality Hold,15.6,No
DT-006017,2026-06-20,M-011,LINE-04,S1,Mechanical Failure,26.0,No
DT-006018,2026-05-09,M-006,LINE-02,S3,Mechanical Failure,78.6,No
DT-006019,2026-05-09,M-009,LINE-03,S1,Changeover,31.9,Yes
DT-006020,2026-06-23,M-011,LINE-04,S1,Quality Hold,62.0,No
DT-006021,2026-02-26,M-003,LINE-01,S2,Mechanical Failure,10.2,No
DT-006022,2026-01-10,M-009,LINE-03,S1,Mechanical Failure,18.8,No
DT-006023,2026-02-06,M-009,LINE-03,S1,Electrical Failure,93.4,No
DT-006024,2026-01-03,M-007,LINE-03,S1,Electrical Failure,9.7,No
DT-006025,2026-01-04,M-001,LINE-01,S1,Material Shortage,34.6,No
DT-006026,2026-05-13,M-008,LINE-03,S3,Electrical Failure,5.0,No
DT-006027,2026-06-27,M-005,LINE-02,S2,Material Shortage,38.6,No
DT-006028,2026-04-20,M-006,LINE-02,S1,Quality Hold,121.0,No
DT-006029,2026-06-13,M-004,LINE-02,S3,Operator Delay,16.9,No
DT-006030,2026-06-30,M-012,LINE-04,S2,Material Shortage,26.2,No
DT-006031,2026-06-06,M-009,LINE-03,S1,Quality Hold,33.0,No
DT-006032,2026-01-27,M-008,LINE-03,S2,Material Shortage,35.4,No
DT-006033,2026-05-16,M-012,LINE-04,S1,Electrical Failure,48.7,No
DT-006034,2026-02-09,M-012,LINE-04,S2,Material Shortage,28.4,No
DT-006035,2026-02-25,M-010,LINE-04,S2,Operator Delay,3.0,No
DT-006036,2026-03-19,M-005,LINE-02,S1,Material Shortage,19.7,No
DT-006037,2026-01-31,M-006,LINE-02,S1,Material Shortage,23.1,No
DT-006038,2026-05-15,M-008,LINE-03,S2,Cleaning,11.3,No
DT-006039,2026-02-26,M-003,LINE-01,S3,Cleaning,19.4,No
DT-006040,2026-05-24,M-006,LINE-02,S2,Mechanical Failure,8.5,No
DT-006041,2026-01-01,M-010,LINE-04,S3,Quality Hold,26.1,No
DT-006042,2026-02-17,M-002,LINE-01,S1,Quality Hold,40.0,No
DT-006043,2026-06-17,M-006,LINE-02,S1,Operator Delay,11.6,No
DT-006044,2026-02-28,M-005,LINE-02,S1,Electrical Failure,24.9,No
DT-006045,2026-03-15,M-002,LINE-01,S3,Operator Delay,34.5,No
DT-006046,2026-06-15,M-005,LINE-02,S2,Material Shortage,21.4,No
DT-006047,2026-05-27,M-003,LINE-01,S1,Mechanical Failure,23.5,No
DT-006048,2026-06-21,M-001,LINE-01,S1,Cleaning,40.4,No
DT-006049,2026-01-06,M-006,LINE-02,S2,Electrical Failure,66.5,No
DT-006050,2026-03-01,M-004,LINE-02,S2,Material Shortage,28.1,No
DT-006051,2026-04-08,M-011,LINE-04,S3,Preventive Maintenance,19.6,Yes
DT-006052,2026-05-19,M-001,LINE-01,S2,Operator Delay,58.6,No
DT-006053,2026-04-27,M-007,LINE-03,S1,Preventive Maintenance,4.3,Yes
DT-006054,2026-02-18,M-009,LINE-03,S1,Changeover,15.1,Yes
DT-006055,2026-03-09,M-003,LINE-01,S2,Cleaning,10.7,No
DT-006056,2026-03-09,M-008,LINE-03,S3,Electrical Failure,12.7,No
DT-006057,2026-06-06,M-011,LINE-04,S2,Material Shortage,28.2,No
DT-006058,2026-05-23,M-005,LINE-02,S2,Electrical Failure,37.6,No
DT-006059,2026-04-17,M-006,LINE-02,S3,Preventive Maintenance,7.4,Yes
DT-006060,2026-06-23,M-009,LINE-03,S1,Material Shortage,78.3,No
DT-006061,2026-06-18,M-003,LINE-01,S2,Mechanical Failure,58.5,No
DT-006062,2026-03-24,M-007,LINE-03,S1,Changeover,19.1,Yes
DT-006063,2026-04-14,M-012,LINE-04,S3,Electrical Failure,27.3,No
DT-006064,2026-03-14,M-006,LINE-02,S3,Electrical Failure,175.8,No
DT-006065,2026-06-25,M-005,LINE-02,S1,Electrical Failure,30.3,No
DT-006066,2026-01-25,M-006,LINE-02,S2,Operator Delay,11.6,No
DT-006067,2026-05-18,M-011,LINE-04,S2,Mechanical Failure,8.8,No
DT-006068,2026-03-05,M-012,LINE-04,S2,Electrical Failure,39.6,No
DT-006069,2026-01-30,M-002,LINE-01,S1,Mechanical Failure,90.6,No
DT-006070,2026-05-29,M-008,LINE-03,S2,Electrical Failure,70.7,No
DT-006071,2026-02-02,M-010,LINE-04,S2,Changeover,5.8,Yes
DT-006072,2026-04-15,M-012,LINE-04,S3,Material Shortage,23.1,No
DT-006073,2026-06-30,M-002,LINE-01,S3,Electrical Failure,37.9,No
DT-006074,2026-05-21,M-001,LINE-01,S2,Changeover,8.3,Yes
DT-006075,2026-05-14,M-005,LINE-02,S2,Cleaning,3.0,No
DT-006076,2026-01-14,M-002,LINE-01,S1,Electrical Failure,8.4,No
DT-006077,2026-05-11,M-002,LINE-01,S1,Mechanical Failure,33.6,No
DT-006078,2026-03-22,M-011,LINE-04,S1,Mechanical Failure,27.1,No
DT-006079,2026-04-13,M-002,LINE-01,S2,Operator Delay,16.0,No
DT-006080,2026-02-11,M-010,LINE-04,S2,Changeover,34.0,Yes
DT-006081,2026-01-09,M-010,LINE-04,S3,Operator Delay,36.2,No
DT-006082,2026-02-03,M-011,LINE-04,S3,Changeover,24.8,Yes
DT-006083,2026-06-05,M-008,LINE-03,S2,Mechanical Failure,52.0,No
DT-006084,2026-04-10,M-006,LINE-02,S3,Electrical Failure,51.1,No
DT-006085,2026-01-12,M-003,LINE-01,S1,Mechanical Failure,21.9,No
DT-006086,2026-04-22,M-008,LINE-03,S3,Material Shortage,43.8,No
DT-006087,2026-05-20,M-005,LINE-02,S3,Mechanical Failure,21.1,No
DT-006088,2026-04-04,M-002,LINE-01,S1,Mechanical Failure,50.4,No
DT-006089,2026-01-12,M-002,LINE-01,S2,Material Shortage,46.8,No
DT-006090,2026-04-07,M-003,LINE-01,S1,Mechanical Failure,30.6,No
DT-006091,2026-06-14,M-008,LINE-03,S1,Mechanical Failure,47.6,No
DT-006092,2026-04-10,M-005,LINE-02,S2,Mechanical Failure,3.6,No
DT-006093,2026-04-18,M-008,LINE-03,S1,Mechanical Failure,50.9,No
DT-006094,2026-05-12,M-010,LINE-04,S3,Quality Hold,42.3,No
DT-006095,2026-01-23,M-009,LINE-03,S2,Electrical Failure,36.9,No
DT-006096,2026-02-23,M-001,LINE-01,S2,Operator Delay,16.2,No
DT-006097,2026-06-26,M-010,LINE-04,S1,Mechanical Failure,43.1,No
DT-006098,2026-06-07,M-001,LINE-01,S2,Electrical Failure,55.5,No
DT-006099,2026-03-17,M-009,LINE-03,S1,Electrical Failure,53.4,No
DT-006100,2026-04-18,M-010,LINE-04,S1,Cleaning,29.5,No
DT-006101,2026-01-20,M-003,LINE-01,S3,Cleaning,4.9,No
DT-006102,2026-02-11,M-011,LINE-04,S1,Material Shortage,27.6,No
DT-006103,2026-05-16,M-001,LINE-01,S2,Material Shortage,31.0,No
DT-006104,2026-06-21,M-004,LINE-02,S1,Quality Hold,101.3,No
DT-006105,2026-04-03,M-010,LINE-04,S2,Mechanical Failure,37.7,No
DT-006106,2026-05-29,M-001,LINE-01,S2,Mechanical Failure,48.7,No
DT-006107,2026-05-17,M-004,LINE-02,S3,Changeover,24.0,Yes
DT-006108,2026-04-20,M-012,LINE-04,S1,Operator Delay,8.0,No
DT-006109,2026-05-28,M-011,LINE-04,S1,Material Shortage,19.6,No
DT-006110,2026-04-02,M-001,LINE-01,S2,Mechanical Failure,60.2,No
DT-006111,2026-01-23,M-009,LINE-03,S3,Electrical Failure,35.0,No
DT-006112,2026-06-12,M-004,LINE-02,S2,Electrical Failure,4.8,No
DT-006113,2026-06-23,M-006,LINE-02,S1,Electrical Failure,25.4,No
DT-006114,2026-04-11,M-004,LINE-02,S2,Mechanical Failure,33.1,No
DT-006115,2026-03-06,M-009,LINE-03,S2,Material Shortage,9.9,No
DT-006116,2026-03-24,M-011,LINE-04,S1,Material Shortage,31.2,No
DT-006117,2026-04-12,M-001,LINE-01,S3,Mechanical Failure,29.4,No
DT-006118,2026-06-25,M-002,LINE-01,S3,Mechanical Failure,62.4,No
DT-006119,2026-04-08,M-001,LINE-01,S2,Changeover,37.6,Yes
DT-006120,2026-03-18,M-003,LINE-01,S2,Mechanical Failure,33.2,No
DT-006121,2026-03-02,M-008,LINE-03,S3,Operator Delay,49.8,No
DT-006122,2026-05-21,M-007,LINE-03,S1,Quality Hold,17.6,No
DT-006123,2026-03-21,M-002,LINE-01,S1,Material Shortage,3.0,No
DT-006124,2026-01-10,M-006,LINE-02,S1,Cleaning,8.3,No
DT-006125,2026-05-25,M-005,LINE-02,S1,Material Shortage,58.9,No
DT-006126,2026-04-26,M-004,LINE-02,S1,Operator Delay,23.3,No
DT-006127,2026-03-12,M-006,LINE-02,S1,Mechanical Failure,25.0,No
DT-006128,2026-06-24,M-006,LINE-02,S2,Quality Hold,41.0,No
DT-006129,2026-05-14,M-007,LINE-03,S1,Changeover,29.1,Yes
DT-006130,2026-06-29,M-008,LINE-03,S2,Mechanical Failure,22.2,No
DT-006131,2026-02-27,M-004,LINE-02,S2,Changeover,23.6,Yes
DT-006132,2026-04-18,M-001,LINE-01,S1,Material Shortage,16.5,No
DT-006133,2026-01-02,M-008,LINE-03,S2,Quality Hold,53.1,No
DT-006134,2026-05-21,M-009,LINE-03,S2,Material Shortage,17.6,No
DT-006135,2026-04-21,M-001,LINE-01,S2,Electrical Failure,57.4,No
DT-006136,2026-01-31,M-001,LINE-01,S1,Quality Hold,8.6,No
DT-006137,2026-05-09,M-006,LINE-02,S2,Mechanical Failure,10.4,No
DT-006138,2026-03-19,M-002,LINE-01,S2,Mechanical Failure,99.0,No
DT-006139,2026-01-31,M-004,LINE-02,S1,Mechanical Failure,44.7,No
DT-006140,2026-06-02,M-003,LINE-01,S1,Mechanical Failure,79.0,No
DT-006141,2026-02-07,M-005,LINE-02,S1,Changeover,11.1,Yes
DT-006142,2026-01-23,M-002,LINE-01,S3,Electrical Failure,60.7,No
DT-006143,2026-03-30,M-005,LINE-02,S1,Electrical Failure,37.8,No
DT-006144,2026-05-27,M-003,LINE-01,S1,Mechanical Failure,5.2,No
DT-006145,2026-02-08,M-007,LINE-03,S2,Operator Delay,7.7,No
DT-006146,2026-05-18,M-011,LINE-04,S1,Mechanical Failure,9.3,No
DT-006147,2026-05-13,M-009,LINE-03,S1,Mechanical Failure,28.8,No
DT-006148,2026-02-06,M-005,LINE-02,S1,Preventive Maintenance,53.0,Yes
DT-006149,2026-04-24,M-010,LINE-04,S2,Operator Delay,18.9,No
DT-006150,2026-05-30,M-007,LINE-03,S1,Material Shortage,32.9,No
DT-006151,2026-01-20,M-005,LINE-02,S1,Changeover,28.5,Yes
DT-006152,2026-06-09,M-010,LINE-04,S1,Changeover,8.2,Yes
DT-006153,2026-03-08,M-006,LINE-02,S3,Changeover,43.5,Yes
DT-006154,2026-06-03,M-006,LINE-02,S1,Changeover,42.4,Yes
DT-006155,2026-03-27,M-011,LINE-04,S3,Electrical Failure,11.4,No
DT-006156,2026-05-31,M-006,LINE-02,S1,Quality Hold,22.6,No
DT-006157,2026-01-20,M-002,LINE-01,S1,Mechanical Failure,30.5,No
DT-006158,2026-01-24,M-008,LINE-03,S2,Electrical Failure,45.8,No
DT-006159,2026-04-11,M-002,LINE-01,S1,Electrical Failure,5.5,No
DT-006160,2026-03-15,M-010,LINE-04,S1,Electrical Failure,87.4,No
DT-006161,2026-01-03,M-012,LINE-04,S1,Electrical Failure,32.0,No
DT-006162,2026-01-29,M-010,LINE-04,S2,Changeover,19.6,Yes
DT-006163,2026-05-06,M-002,LINE-01,S1,Electrical Failure,28.8,No
DT-006164,2026-04-06,M-011,LINE-04,S1,Changeover,21.0,Yes
DT-006165,2026-01-19,M-008,LINE-03,S1,Mechanical Failure,62.6,No
DT-006166,2026-03-03,M-003,LINE-01,S3,Mechanical Failure,134.1,No
DT-006167,2026-04-03,M-005,LINE-02,S1,Material Shortage,7.5,No
DT-006168,2026-01-14,M-007,LINE-03,S1,Cleaning,3.6,No
DT-006169,2026-05-22,M-006,LINE-02,S1,Changeover,56.6,Yes
DT-006170,2026-02-12,M-008,LINE-03,S1,Operator Delay,5.0,No
DT-006171,2026-02-01,M-009,LINE-03,S2,Mechanical Failure,36.9,No
DT-006172,2026-06-13,M-012,LINE-04,S3,Electrical Failure,3.0,No
DT-006173,2026-02-23,M-012,LINE-04,S2,Cleaning,3.0,No
DT-006174,2026-06-30,M-001,LINE-01,S1,Quality Hold,26.8,No
DT-006175,2026-03-29,M-010,LINE-04,S2,Material Shortage,19.6,No
DT-006176,2026-03-14,M-005,LINE-02,S1,Mechanical Failure,9.4,No
DT-006177,2026-03-30,M-007,LINE-03,S2,Operator Delay,13.7,No
DT-006178,2026-01-17,M-001,LINE-01,S1,Operator Delay,10.5,No
DT-006179,2026-06-15,M-011,LINE-04,S2,Electrical Failure,3.0,No
DT-006180,2026-02-27,M-002,LINE-01,S1,Mechanical Failure,74.1,No
DT-006181,2026-02-13,M-004,LINE-02,S1,Electrical Failure,9.1,No
DT-006182,2026-04-21,M-010,LINE-04,S3,Preventive Maintenance,15.5,Yes
DT-006183,2026-04-11,M-011,LINE-04,S1,Electrical Failure,26.2,No
DT-006184,2026-01-30,M-005,LINE-02,S2,Mechanical Failure,17.0,No
DT-006185,2026-03-14,M-008,LINE-03,S1,Preventive Maintenance,50.0,Yes
DT-006186,2026-05-19,M-004,LINE-02,S1,Changeover,16.9,Yes
DT-006187,2026-05-13,M-002,LINE-01,S3,Cleaning,19.7,No
DT-006188,2026-03-26,M-006,LINE-02,S2,Material Shortage,17.3,No
DT-006189,2026-04-25,M-007,LINE-03,S1,Material Shortage,68.7,No
DT-006190,2026-02-05,M-009,LINE-03,S1,Electrical Failure,20.1,No
DT-006191,2026-03-08,M-008,LINE-03,S2,Electrical Failure,53.1,No
DT-006192,2026-04-26,M-008,LINE-03,S3,Material Shortage,34.8,No
DT-006193,2026-06-18,M-010,LINE-04,S3,Quality Hold,37.9,No
DT-006194,2026-01-31,M-003,LINE-01,S3,Material Shortage,17.1,No
DT-006195,2026-04-17,M-005,LINE-02,S1,Mechanical Failure,24.4,No
DT-006196,2026-05-06,M-001,LINE-01,S1,Electrical Failure,26.1,No
DT-006197,2026-03-09,M-001,LINE-01,S1,Electrical Failure,30.0,No
DT-006198,2026-05-13,M-009,LINE-03,S2,Changeover,3.0,Yes
DT-006199,2026-01-17,M-004,LINE-02,S1,Mechanical Failure,79.9,No
DT-006200,2026-05-18,M-006,LINE-02,S2,Mechanical Failure,6.7,No
DT-006201,2026-05-01,M-005,LINE-02,S3,Material Shortage,19.1,No
DT-006202,2026-04-24,M-002,LINE-01,S1,Electrical Failure,22.0,No
DT-006203,2026-04-24,M-007,LINE-03,S1,Mechanical Failure,32.3,No
DT-006204,2026-02-20,M-001,LINE-01,S1,Material Shortage,41.8,No
DT-006205,2026-03-21,M-012,LINE-04,S1,Mechanical Failure,19.3,No
DT-006206,2026-03-21,M-007,LINE-03,S1,Operator Delay,21.6,No
DT-006207,2026-04-28,M-010,LINE-04,S2,Preventive Maintenance,39.8,Yes
DT-006208,2026-05-09,M-007,LINE-03,S2,Mechanical Failure,12.5,No
DT-006209,2026-01-07,M-006,LINE-02,S2,Mechanical Failure,14.9,No
DT-006210,2026-04-26,M-005,LINE-02,S3,Operator Delay,20.4,No
DT-006211,2026-03-22,M-003,LINE-01,S3,Mechanical Failure,3.0,No
DT-006212,2026-04-27,M-010,LINE-04,S2,Material Shortage,61.1,No
DT-006213,2026-04-10,M-004,LINE-02,S1,Mechanical Failure,80.5,No
DT-006214,2026-01-17,M-003,LINE-01,S1,Quality Hold,18.7,No
DT-006215,2026-02-09,M-002,LINE-01,S1,Material Shortage,36.6,No
DT-006216,2026-01-21,M-001,LINE-01,S1,Mechanical Failure,35.8,No
DT-006217,2026-04-22,M-005,LINE-02,S2,Mechanical Failure,9.8,No
DT-006218,2026-05-30,M-002,LINE-01,S1,Cleaning,5.0,No
DT-006219,2026-01-24,M-008,LINE-03,S3,Preventive Maintenance,59.9,Yes
DT-006220,2026-03-06,M-001,LINE-01,S2,Operator Delay,18.7,No
DT-006221,2026-06-02,M-006,LINE-02,S2,Preventive Maintenance,3.0,Yes
DT-006222,2026-01-30,M-002,LINE-01,S3,Mechanical Failure,25.5,No
DT-006223,2026-01-23,M-002,LINE-01,S2,Electrical Failure,66.3,No
DT-006224,2026-05-29,M-010,LINE-04,S3,Mechanical Failure,40.8,No
DT-006225,2026-06-27,M-006,LINE-02,S3,Electrical Failure,54.4,No
DT-006226,2026-01-30,M-005,LINE-02,S3,Mechanical Failure,33.9,No
DT-006227,2026-05-02,M-012,LINE-04,S1,Electrical Failure,66.1,No
DT-006228,2026-01-15,M-003,LINE-01,S2,Changeover,6.0,Yes
DT-006229,2026-01-11,M-001,LINE-01,S1,Operator Delay,31.2,No
DT-006230,2026-02-02,M-012,LINE-04,S1,Mechanical Failure,28.5,No
DT-006231,2026-05-28,M-005,LINE-02,S3,Quality Hold,42.6,No
DT-006232,2026-06-09,M-007,LINE-03,S1,Mechanical Failure,25.6,No
DT-006233,2026-03-31,M-004,LINE-02,S1,Mechanical Failure,61.4,No
DT-006234,2026-06-29,M-009,LINE-03,S1,Electrical Failure,41.1,No
DT-006235,2026-04-23,M-012,LINE-04,S3,Cleaning,8.6,No
DT-006236,2026-01-07,M-005,LINE-02,S1,Changeover,19.0,Yes
DT-006237,2026-02-11,M-002,LINE-01,S3,Changeover,36.5,Yes
DT-006238,2026-06-18,M-003,LINE-01,S1,Preventive Maintenance,90.1,Yes
DT-006239,2026-01-21,M-007,LINE-03,S2,Mechanical Failure,51.4,No
DT-006240,2026-03-11,M-008,LINE-03,S1,Quality Hold,40.5,No
DT-006241,2026-03-29,M-004,LINE-02,S2,Mechanical Failure,23.5,No
DT-006242,2026-02-07,M-010,LINE-04,S2,Changeover,14.3,Yes
DT-006243,2026-03-19,M-008,LINE-03,S2,Mechanical Failure,109.1,No
DT-006244,2026-03-11,M-003,LINE-01,S2,Mechanical Failure,42.4,No
DT-006245,2026-06-16,M-006,LINE-02,S3,Mechanical Failure,49.9,No
DT-006246,2026-01-05,M-008,LINE-03,S1,Mechanical Failure,85.7,No
DT-006247,2026-04-15,M-001,LINE-01,S2,Changeover,90.8,Yes
DT-006248,2026-03-25,M-006,LINE-02,S1,Electrical Failure,4.3,No
DT-006249,2026-05-29,M-005,LINE-02,S3,Mechanical Failure,29.9,No
DT-006250,2026-03-08,M-008,LINE-03,S1,Operator Delay,4.3,No
DT-006251,2026-05-01,M-012,LINE-04,S1,Mechanical Failure,26.9,No
DT-006252,2026-04-29,M-001,LINE-01,S3,Operator Delay,38.8,No
DT-006253,2026-05-18,M-012,LINE-04,S1,Electrical Failure,33.7,No
DT-006254,2026-06-17,M-006,LINE-02,S2,Material Shortage,12.6,No
DT-006255,2026-02-23,M-001,LINE-01,S3,Cleaning,3.9,No
DT-006256,2026-03-31,M-007,LINE-03,S2,Changeover,11.0,Yes
DT-006257,2026-03-14,M-009,LINE-03,S1,Electrical Failure,38.3,No
DT-006258,2026-04-09,M-005,LINE-02,S1,Electrical Failure,39.9,No
DT-006259,2026-05-13,M-003,LINE-01,S3,Preventive Maintenance,28.3,Yes
DT-006260,2026-03-24,M-001,LINE-01,S1,Electrical Failure,9.9,No
DT-006261,2026-02-03,M-012,LINE-04,S1,Electrical Failure,43.3,No
DT-006262,2026-04-20,M-006,LINE-02,S1,Material Shortage,6.6,No
DT-006263,2026-06-27,M-009,LINE-03,S2,Operator Delay,31.7,No
DT-006264,2026-01-11,M-002,LINE-01,S3,Changeover,61.3,Yes
DT-006265,2026-02-14,M-004,LINE-02,S2,Mechanical Failure,3.0,No
DT-006266,2026-06-03,M-008,LINE-03,S2,Mechanical Failure,68.9,No
DT-006267,2026-01-25,M-007,LINE-03,S1,Electrical Failure,47.2,No
DT-006268,2026-04-14,M-004,LINE-02,S3,Electrical Failure,65.8,No
DT-006269,2026-05-01,M-008,LINE-03,S1,Material Shortage,18.3,No
DT-006270,2026-04-18,M-004,LINE-02,S2,Electrical Failure,12.8,No
DT-006271,2026-04-23,M-012,LINE-04,S1,Mechanical Failure,40.2,No
DT-006272,2026-05-30,M-010,LINE-04,S2,Quality Hold,21.5,No
DT-006273,2026-01-07,M-001,LINE-01,S3,Mechanical Failure,97.2,No
DT-006274,2026-03-13,M-006,LINE-02,S2,Cleaning,5.7,No
DT-006275,2026-06-16,M-011,LINE-04,S3,Electrical Failure,31.8,No
DT-006276,2026-01-03,M-003,LINE-01,S2,Mechanical Failure,58.2,No
DT-006277,2026-06-06,M-008,LINE-03,S2,Material Shortage,13.1,No
DT-006278,2026-05-05,M-002,LINE-01,S2,Changeover,24.2,Yes
DT-006279,2026-03-20,M-007,LINE-03,S1,Mechanical Failure,78.1,No
DT-006280,2026-04-17,M-009,LINE-03,S2,Material Shortage,41.8,No
DT-006281,2026-03-21,M-009,LINE-03,S3,Electrical Failure,8.7,No
DT-006282,2026-05-26,M-006,LINE-02,S1,Changeover,55.2,Yes
DT-006283,2026-05-31,M-009,LINE-03,S3,Operator Delay,27.7,No
DT-006284,2026-05-27,M-012,LINE-04,S2,Mechanical Failure,78.3,No
DT-006285,2026-01-29,M-001,LINE-01,S2,Mechanical Failure,63.4,No
DT-006286,2026-04-14,M-008,LINE-03,S3,Mechanical Failure,54.1,No
DT-006287,2026-06-21,M-001,LINE-01,S2,Operator Delay,29.6,No
DT-006288,2026-04-11,M-009,LINE-03,S1,Mechanical Failure,34.5,No
DT-006289,2026-01-20,M-009,LINE-03,S2,Electrical Failure,40.1,No
DT-006290,2026-03-16,M-009,LINE-03,S1,Mechanical Failure,46.5,No
DT-006291,2026-05-03,M-004,LINE-02,S2,Changeover,5.5,Yes
DT-006292,2026-01-18,M-006,LINE-02,S3,Operator Delay,4.6,No
DT-006293,2026-03-05,M-010,LINE-04,S2,Material Shortage,9.5,No
DT-006294,2026-02-07,M-004,LINE-02,S2,Electrical Failure,13.0,No
DT-006295,2026-02-14,M-009,LINE-03,S1,Changeover,42.3,Yes
DT-006296,2026-04-10,M-008,LINE-03,S2,Material Shortage,33.2,No
DT-006297,2026-04-23,M-011,LINE-04,S2,Changeover,6.5,Yes
DT-006298,2026-05-27,M-011,LINE-04,S2,Cleaning,22.5,No
DT-006299,2026-06-14,M-012,LINE-04,S2,Changeover,29.1,Yes
DT-006300,2026-03-14,M-012,LINE-04,S2,Mechanical Failure,67.5,No
DT-006301,2026-01-08,M-010,LINE-04,S1,Electrical Failure,23.7,No
DT-006302,2026-05-20,M-002,LINE-01,S3,Mechanical Failure,14.8,No
DT-006303,2026-04-21,M-011,LINE-04,S1,Mechanical Failure,61.0,No
DT-006304,2026-03-18,M-004,LINE-02,S2,Electrical Failure,31.9,No
DT-006305,2026-02-02,M-008,LINE-03,S3,Changeover,8.7,Yes
DT-006306,2026-06-13,M-011,LINE-04,S2,Cleaning,49.3,No
DT-006307,2026-06-15,M-005,LINE-02,S1,Electrical Failure,20.4,No
DT-006308,2026-06-29,M-010,LINE-04,S1,Changeover,27.1,Yes
DT-006309,2026-01-10,M-007,LINE-03,S2,Operator Delay,25.2,No
DT-006310,2026-04-11,M-007,LINE-03,S3,Mechanical Failure,27.4,No
DT-006311,2026-03-26,M-001,LINE-01,S2,Mechanical Failure,117.8,No
DT-006312,2026-03-19,M-007,LINE-03,S3,Material Shortage,21.0,No
DT-006313,2026-02-25,M-006,LINE-02,S2,Changeover,24.5,Yes
DT-006314,2026-06-03,M-008,LINE-03,S3,Electrical Failure,21.5,No
DT-006315,2026-04-06,M-001,LINE-01,S1,Electrical Failure,40.4,No
DT-006316,2026-06-09,M-001,LINE-01,S1,Mechanical Failure,45.4,No
DT-006317,2026-02-12,M-002,LINE-01,S2,Mechanical Failure,49.7,No
DT-006318,2026-03-11,M-007,LINE-03,S1,Mechanical Failure,27.7,No
DT-006319,2026-04-05,M-004,LINE-02,S3,Changeover,17.7,Yes
DT-006320,2026-04-30,M-007,LINE-03,S3,Electrical Failure,9.1,No
DT-006321,2026-06-03,M-006,LINE-02,S1,Changeover,7.6,Yes
DT-006322,2026-06-06,M-005,LINE-02,S3,Quality Hold,3.9,No
DT-006323,2026-05-29,M-007,LINE-03,S1,Material Shortage,46.2,No
DT-006324,2026-04-15,M-007,LINE-03,S1,Changeover,47.7,Yes
DT-006325,2026-02-15,M-006,LINE-02,S2,Mechanical Failure,20.6,No
DT-006326,2026-04-16,M-002,LINE-01,S1,Mechanical Failure,12.9,No
DT-006327,2026-02-28,M-007,LINE-03,S3,Changeover,13.1,Yes
DT-006328,2026-04-06,M-001,LINE-01,S3,Mechanical Failure,178.3,No
DT-006329,2026-04-22,M-012,LINE-04,S2,Mechanical Failure,125.6,No
DT-006330,2026-05-14,M-006,LINE-02,S2,Operator Delay,9.3,No
DT-006331,2026-05-16,M-001,LINE-01,S2,Changeover,42.3,Yes
DT-006332,2026-01-28,M-010,LINE-04,S2,Electrical Failure,18.9,No
DT-006333,2026-06-05,M-009,LINE-03,S2,Mechanical Failure,25.2,No
DT-006334,2026-02-15,M-006,LINE-02,S2,Electrical Failure,102.5,No
DT-006335,2026-06-20,M-010,LINE-04,S1,Mechanical Failure,27.7,No
DT-006336,2026-05-16,M-003,LINE-01,S1,Changeover,6.7,Yes
DT-006337,2026-02-22,M-006,LINE-02,S3,Operator Delay,16.9,No
DT-006338,2026-06-13,M-008,LINE-03,S3,Quality Hold,7.7,No
DT-006339,2026-01-11,M-012,LINE-04,S2,Changeover,9.2,Yes
DT-006340,2026-04-07,M-010,LINE-04,S2,Mechanical Failure,40.6,No
DT-006341,2026-06-14,M-009,LINE-03,S3,Operator Delay,4.7,No
DT-006342,2026-03-08,M-005,LINE-02,S1,Material Shortage,17.2,No
DT-006343,2026-01-18,M-012,LINE-04,S2,Electrical Failure,104.3,No
DT-006344,2026-03-27,M-004,LINE-02,S2,Mechanical Failure,71.2,No
DT-006345,2026-05-22,M-005,LINE-02,S2,Cleaning,24.1,No
DT-006346,2026-06-04,M-003,LINE-01,S2,Preventive Maintenance,48.1,Yes
DT-006347,2026-01-30,M-011,LINE-04,S2,Material Shortage,19.8,No
DT-006348,2026-04-27,M-007,LINE-03,S2,Mechanical Failure,26.1,No
DT-006349,2026-05-23,M-009,LINE-03,S1,Electrical Failure,41.6,No
DT-006350,2026-03-07,M-011,LINE-04,S3,Electrical Failure,25.4,No
DT-006351,2026-04-24,M-008,LINE-03,S3,Material Shortage,13.3,No
DT-006352,2026-03-30,M-001,LINE-01,S1,Cleaning,8.3,No
DT-006353,2026-05-05,M-001,LINE-01,S3,Mechanical Failure,19.7,No
DT-006354,2026-03-04,M-001,LINE-01,S3,Material Shortage,33.3,No
DT-006355,2026-03-11,M-007,LINE-03,S2,Quality Hold,56.5,No
DT-006356,2026-04-11,M-001,LINE-01,S1,Changeover,13.4,Yes
DT-006357,2026-05-19,M-005,LINE-02,S3,Changeover,35.4,Yes
DT-006358,2026-05-01,M-012,LINE-04,S1,Mechanical Failure,14.0,No
DT-006359,2026-04-10,M-010,LINE-04,S2,Electrical Failure,52.7,No
DT-006360,2026-06-30,M-004,LINE-02,S1,Changeover,3.0,Yes
DT-006361,2026-01-12,M-009,LINE-03,S2,Operator Delay,6.5,No
DT-006362,2026-04-03,M-002,LINE-01,S3,Operator Delay,8.7,No
DT-006363,2026-01-29,M-009,LINE-03,S2,Electrical Failure,29.3,No
DT-006364,2026-02-19,M-004,LINE-02,S2,Mechanical Failure,35.0,No
DT-006365,2026-05-01,M-003,LINE-01,S1,Mechanical Failure,55.8,No
DT-006366,2026-01-01,M-001,LINE-01,S2,Electrical Failure,120.6,No
DT-006367,2026-01-08,M-007,LINE-03,S2,Mechanical Failure,82.8,No
DT-006368,2026-06-21,M-003,LINE-01,S2,Operator Delay,38.1,No
DT-006369,2026-06-26,M-010,LINE-04,S2,Mechanical Failure,33.1,No
DT-006370,2026-06-12,M-004,LINE-02,S2,Material Shortage,41.5,No
DT-006371,2026-05-01,M-005,LINE-02,S2,Quality Hold,19.0,No
DT-006372,2026-02-13,M-001,LINE-01,S1,Material Shortage,6.5,No
DT-006373,2026-01-08,M-009,LINE-03,S1,Material Shortage,17.8,No
DT-006374,2026-02-01,M-006,LINE-02,S1,Changeover,3.0,Yes
DT-006375,2026-06-23,M-004,LINE-02,S1,Changeover,14.2,Yes
DT-006376,2026-02-06,M-001,LINE-01,S2,Preventive Maintenance,15.9,Yes
DT-006377,2026-03-05,M-010,LINE-04,S2,Mechanical Failure,12.3,No
DT-006378,2026-05-07,M-008,LINE-03,S3,Material Shortage,15.5,No
DT-006379,2026-04-13,M-010,LINE-04,S2,Electrical Failure,19.3,No
DT-006380,2026-01-13,M-004,LINE-02,S1,Electrical Failure,15.7,No
DT-006381,2026-03-12,M-011,LINE-04,S2,Cleaning,5.3,No
DT-006382,2026-03-16,M-010,LINE-04,S1,Changeover,85.5,Yes
DT-006383,2026-06-12,M-005,LINE-02,S1,Changeover,44.9,Yes
DT-006384,2026-01-30,M-001,LINE-01,S2,Mechanical Failure,30.7,No
DT-006385,2026-01-24,M-012,LINE-04,S1,Changeover,29.0,Yes
DT-006386,2026-05-17,M-004,LINE-02,S2,Mechanical Failure,56.9,No
DT-006387,2026-02-07,M-007,LINE-03,S2,Electrical Failure,11.7,No
DT-006388,2026-04-21,M-005,LINE-02,S2,Mechanical Failure,23.9,No
DT-006389,2026-03-08,M-003,LINE-01,S2,Changeover,16.9,Yes
DT-006390,2026-05-27,M-004,LINE-02,S2,Quality Hold,9.9,No
DT-006391,2026-06-17,M-004,LINE-02,S3,Mechanical Failure,72.2,No
DT-006392,2026-05-03,M-006,LINE-02,S1,Material Shortage,94.6,No
DT-006393,2026-06-13,M-010,LINE-04,S2,Quality Hold,21.9,No
DT-006394,2026-02-26,M-003,LINE-01,S3,Changeover,9.0,Yes
DT-006395,2026-03-18,M-010,LINE-04,S2,Cleaning,20.7,No
DT-006396,2026-06-23,M-002,LINE-01,S2,Changeover,51.6,Yes
DT-006397,2026-04-20,M-005,LINE-02,S3,Material Shortage,14.6,No
DT-006398,2026-04-11,M-012,LINE-04,S2,Mechanical Failure,22.4,No
DT-006399,2026-01-22,M-003,LINE-01,S2,Mechanical Failure,54.6,No
DT-006400,2026-01-15,M-003,LINE-01,S2,Material Shortage,8.3,No
DT-006401,2026-05-23,M-011,LINE-04,S1,Electrical Failure,35.8,No
DT-006402,2026-04-23,M-010,LINE-04,S1,Changeover,11.5,Yes
DT-006403,2026-01-11,M-005,LINE-02,S3,Mechanical Failure,133.3,No
DT-006404,2026-06-20,M-004,LINE-02,S1,Mechanical Failure,16.3,No
DT-006405,2026-05-18,M-004,LINE-02,S2,Mechanical Failure,48.4,No
DT-006406,2026-06-25,M-002,LINE-01,S3,Mechanical Failure,39.1,No
DT-006407,2026-02-04,M-008,LINE-03,S3,Mechanical Failure,98.6,No
DT-006408,2026-06-07,M-011,LINE-04,S3,Electrical Failure,44.0,No
DT-006409,2026-03-03,M-007,LINE-03,S2,Mechanical Failure,20.6,No
DT-006410,2026-03-02,M-008,LINE-03,S3,Mechanical Failure,24.5,No
DT-006411,2026-03-30,M-012,LINE-04,S1,Mechanical Failure,56.6,No
DT-006412,2026-06-25,M-004,LINE-02,S1,Material Shortage,40.5,No
DT-006413,2026-06-21,M-009,LINE-03,S3,Mechanical Failure,11.4,No
DT-006414,2026-06-16,M-003,LINE-01,S3,Electrical Failure,15.6,No
DT-006415,2026-06-17,M-012,LINE-04,S1,Mechanical Failure,75.4,No
DT-006416,2026-01-24,M-006,LINE-02,S3,Mechanical Failure,77.8,No
DT-006417,2026-02-08,M-004,LINE-02,S2,Operator Delay,44.2,No
DT-006418,2026-01-15,M-007,LINE-03,S3,Material Shortage,37.4,No
DT-006419,2026-04-14,M-012,LINE-04,S2,Electrical Failure,45.2,No
DT-006420,2026-02-13,M-009,LINE-03,S1,Mechanical Failure,80.1,No
DT-006421,2026-06-26,M-001,LINE-01,S2,Changeover,40.1,Yes
DT-006422,2026-01-25,M-008,LINE-03,S3,Changeover,14.6,Yes
DT-006423,2026-04-24,M-006,LINE-02,S1,Electrical Failure,55.7,No
DT-006424,2026-06-01,M-003,LINE-01,S1,Electrical Failure,64.7,No
DT-006425,2026-06-11,M-010,LINE-04,S2,Mechanical Failure,22.2,No
DT-006426,2026-02-20,M-009,LINE-03,S1,Material Shortage,12.2,No
DT-006427,2026-01-16,M-001,LINE-01,S2,Electrical Failure,66.1,No
DT-006428,2026-01-31,M-007,LINE-03,S1,Changeover,11.1,Yes
DT-006429,2026-06-13,M-012,LINE-04,S1,Mechanical Failure,66.6,No
DT-006430,2026-05-30,M-008,LINE-03,S2,Quality Hold,17.3,No
DT-006431,2026-04-15,M-002,LINE-01,S2,Changeover,20.3,Yes
DT-006432,2026-06-14,M-006,LINE-02,S3,Quality Hold,45.2,No
DT-006433,2026-03-10,M-009,LINE-03,S1,Changeover,23.7,Yes
DT-006434,2026-05-05,M-005,LINE-02,S2,Operator Delay,9.4,No
DT-006435,2026-06-25,M-011,LINE-04,S2,Operator Delay,8.0,No
DT-006436,2026-01-12,M-005,LINE-02,S2,Mechanical Failure,58.7,No
DT-006437,2026-04-30,M-010,LINE-04,S2,Mechanical Failure,22.4,No
DT-006438,2026-05-26,M-007,LINE-03,S3,Material Shortage,10.3,No
DT-006439,2026-06-26,M-004,LINE-02,S2,Electrical Failure,30.6,No
DT-006440,2026-05-19,M-008,LINE-03,S1,Electrical Failure,28.1,No
DT-006441,2026-06-25,M-011,LINE-04,S2,Cleaning,7.1,No
DT-006442,2026-02-16,M-011,LINE-04,S2,Operator Delay,17.4,No
DT-006443,2026-04-28,M-006,LINE-02,S2,Changeover,55.9,Yes
DT-006444,2026-05-30,M-003,LINE-01,S1,Mechanical Failure,9.7,No
DT-006445,2026-06-03,M-001,LINE-01,S3,Changeover,5.3,Yes
DT-006446,2026-04-13,M-011,LINE-04,S3,Material Shortage,61.1,No
DT-006447,2026-02-04,M-002,LINE-01,S3,Material Shortage,12.4,No
DT-006448,2026-06-21,M-003,LINE-01,S3,Changeover,23.6,Yes
DT-006449,2026-02-22,M-008,LINE-03,S3,Changeover,21.4,Yes
DT-006450,2026-02-07,M-010,LINE-04,S3,Mechanical Failure,7.3,No
DT-006451,2026-04-27,M-008,LINE-03,S1,Electrical Failure,98.3,No
DT-006452,2026-06-19,M-005,LINE-02,S1,Mechanical Failure,25.8,No
DT-006453,2026-04-29,M-011,LINE-04,S3,Quality Hold,81.2,No
DT-006454,2026-06-02,M-012,LINE-04,S3,Operator Delay,3.5,No
DT-006455,2026-01-13,M-006,LINE-02,S3,Cleaning,8.6,No
DT-006456,2026-03-19,M-002,LINE-01,S1,Electrical Failure,32.8,No
DT-006457,2026-04-16,M-003,LINE-01,S2,Changeover,23.6,Yes
DT-006458,2026-05-22,M-006,LINE-02,S1,Mechanical Failure,18.8,No
DT-006459,2026-01-12,M-002,LINE-01,S1,Quality Hold,9.8,No
DT-006460,2026-04-15,M-008,LINE-03,S1,Cleaning,5.8,No
DT-006461,2026-03-17,M-008,LINE-03,S3,Quality Hold,36.8,No
DT-006462,2026-03-13,M-006,LINE-02,S1,Quality Hold,27.0,No
DT-006463,2026-04-27,M-002,LINE-01,S1,Mechanical Failure,46.1,No
DT-006464,2026-03-20,M-005,LINE-02,S2,Electrical Failure,74.3,No
DT-006465,2026-04-17,M-004,LINE-02,S1,Changeover,15.8,Yes
DT-006466,2026-02-09,M-005,LINE-02,S3,Mechanical Failure,10.9,No
DT-006467,2026-03-09,M-011,LINE-04,S2,Mechanical Failure,42.1,No
DT-006468,2026-03-07,M-012,LINE-04,S1,Electrical Failure,62.4,No
DT-006469,2026-01-10,M-007,LINE-03,S3,Mechanical Failure,76.4,No
DT-006470,2026-06-07,M-002,LINE-01,S3,Material Shortage,61.4,No
DT-006471,2026-02-10,M-003,LINE-01,S2,Quality Hold,9.2,No
DT-006472,2026-03-02,M-006,LINE-02,S2,Mechanical Failure,32.1,No
DT-006473,2026-05-06,M-012,LINE-04,S2,Preventive Maintenance,36.6,Yes
DT-006474,2026-05-30,M-009,LINE-03,S1,Electrical Failure,20.7,No
DT-006475,2026-05-22,M-008,LINE-03,S1,Material Shortage,15.8,No
DT-006476,2026-04-02,M-010,LINE-04,S1,Mechanical Failure,28.2,No
DT-006477,2026-04-19,M-007,LINE-03,S3,Mechanical Failure,24.0,No
DT-006478,2026-04-25,M-010,LINE-04,S1,Changeover,31.6,Yes
DT-006479,2026-03-26,M-006,LINE-02,S1,Quality Hold,8.0,No
DT-006480,2026-05-22,M-012,LINE-04,S1,Electrical Failure,16.9,No
DT-006481,2026-06-11,M-004,LINE-02,S3,Electrical Failure,47.2,No
DT-006482,2026-06-28,M-008,LINE-03,S3,Changeover,41.7,Yes
DT-006483,2026-03-29,M-006,LINE-02,S3,Electrical Failure,22.6,No
DT-006484,2026-01-26,M-006,LINE-02,S2,Mechanical Failure,15.0,No
DT-006485,2026-03-30,M-011,LINE-04,S3,Material Shortage,31.5,No
DT-006486,2026-05-02,M-001,LINE-01,S3,Quality Hold,87.1,No
DT-006487,2026-01-12,M-007,LINE-03,S2,Mechanical Failure,10.0,No
DT-006488,2026-02-21,M-002,LINE-01,S3,Material Shortage,48.2,No
DT-006489,2026-06-21,M-004,LINE-02,S2,Changeover,14.2,Yes
DT-006490,2026-01-03,M-002,LINE-01,S1,Electrical Failure,46.0,No
DT-006491,2026-01-03,M-012,LINE-04,S2,Material Shortage,10.8,No
DT-006492,2026-01-06,M-005,LINE-02,S1,Changeover,44.9,Yes
DT-006493,2026-03-26,M-002,LINE-01,S3,Cleaning,24.0,No
DT-006494,2026-05-23,M-011,LINE-04,S3,Electrical Failure,98.0,No
DT-006495,2026-02-17,M-006,LINE-02,S2,Material Shortage,38.0,No
DT-006496,2026-01-27,M-008,LINE-03,S3,Electrical Failure,45.9,No
DT-006497,2026-03-15,M-003,LINE-01,S3,Electrical Failure,51.2,No
DT-006498,2026-06-15,M-006,LINE-02,S2,Mechanical Failure,55.6,No
DT-006499,2026-02-11,M-003,LINE-01,S1,Mechanical Failure,27.2,No
DT-006500,2026-04-27,M-007,LINE-03,S2,Mechanical Failure,27.8,No
DT-006501,2026-01-20,M-004,LINE-02,S2,Changeover,36.0,Yes
DT-006502,2026-04-09,M-006,LINE-02,S2,Electrical Failure,34.6,No
DT-006503,2026-05-03,M-003,LINE-01,S1,Mechanical Failure,14.7,No
DT-006504,2026-01-28,M-008,LINE-03,S3,Cleaning,17.8,No
DT-006505,2026-02-20,M-011,LINE-04,S1,Electrical Failure,22.2,No
DT-006506,2026-06-19,M-002,LINE-01,S1,Changeover,15.5,Yes
DT-006507,2026-01-14,M-008,LINE-03,S1,Cleaning,3.4,No
DT-006508,2026-05-12,M-007,LINE-03,S2,Electrical Failure,27.2,No
DT-006509,2026-05-09,M-011,LINE-04,S3,Changeover,19.2,Yes
DT-006510,2026-01-05,M-012,LINE-04,S2,Mechanical Failure,51.2,No
DT-006511,2026-04-05,M-011,LINE-04,S1,Material Shortage,19.2,No
DT-006512,2026-02-13,M-001,LINE-01,S1,Mechanical Failure,7.4,No
DT-006513,2026-01-16,M-010,LINE-04,S2,Mechanical Failure,11.7,No
DT-006514,2026-01-16,M-002,LINE-01,S3,Operator Delay,12.2,No
DT-006515,2026-02-04,M-007,LINE-03,S2,Material Shortage,10.0,No
DT-006516,2026-01-23,M-005,LINE-02,S1,Electrical Failure,81.6,No
DT-006517,2026-04-06,M-005,LINE-02,S2,Operator Delay,33.6,No
DT-006518,2026-02-09,M-001,LINE-01,S1,Electrical Failure,37.6,No
DT-006519,2026-01-04,M-008,LINE-03,S2,Mechanical Failure,19.4,No
DT-006520,2026-06-26,M-008,LINE-03,S3,Changeover,9.7,Yes
DT-006521,2026-05-10,M-007,LINE-03,S3,Quality Hold,55.3,No
DT-006522,2026-06-24,M-012,LINE-04,S2,Material Shortage,12.6,No
DT-006523,2026-04-04,M-008,LINE-03,S2,Changeover,29.5,Yes
DT-006524,2026-06-03,M-002,LINE-01,S2,Electrical Failure,57.2,No
DT-006525,2026-04-08,M-009,LINE-03,S2,Mechanical Failure,38.6,No
DT-006526,2026-06-17,M-003,LINE-01,S2,Electrical Failure,19.2,No
DT-006527,2026-06-17,M-011,LINE-04,S3,Mechanical Failure,101.5,No
DT-006528,2026-05-04,M-012,LINE-04,S2,Changeover,12.7,Yes
DT-006529,2026-03-27,M-010,LINE-04,S1,Mechanical Failure,6.1,No
DT-006530,2026-05-02,M-002,LINE-01,S2,Changeover,38.8,Yes
DT-006531,2026-05-08,M-001,LINE-01,S1,Mechanical Failure,23.8,No
DT-006532,2026-04-18,M-007,LINE-03,S3,Changeover,17.6,Yes
DT-006533,2026-05-22,M-003,LINE-01,S1,Electrical Failure,26.3,No
DT-006534,2026-06-13,M-010,LINE-04,S3,Electrical Failure,54.0,No
DT-006535,2026-06-21,M-005,LINE-02,S2,Material Shortage,37.9,No
DT-006536,2026-02-02,M-011,LINE-04,S1,Cleaning,14.8,No
DT-006537,2026-04-26,M-001,LINE-01,S1,Operator Delay,14.5,No
DT-006538,2026-01-24,M-012,LINE-04,S1,Changeover,20.2,Yes
DT-006539,2026-03-18,M-004,LINE-02,S1,Mechanical Failure,31.7,No
DT-006540,2026-02-03,M-005,LINE-02,S1,Mechanical Failure,37.1,No
DT-006541,2026-05-10,M-001,LINE-01,S1,Quality Hold,50.9,No
DT-006542,2026-01-26,M-010,LINE-04,S3,Material Shortage,6.5,No
DT-006543,2026-05-30,M-012,LINE-04,S1,Mechanical Failure,63.4,No
DT-006544,2026-05-02,M-007,LINE-03,S1,Mechanical Failure,19.0,No
DT-006545,2026-02-24,M-008,LINE-03,S2,Electrical Failure,6.6,No
DT-006546,2026-01-06,M-007,LINE-03,S3,Mechanical Failure,17.1,No
DT-006547,2026-02-03,M-002,LINE-01,S1,Material Shortage,11.1,No
DT-006548,2026-06-30,M-012,LINE-04,S3,Cleaning,3.0,No
DT-006549,2026-06-26,M-010,LINE-04,S3,Mechanical Failure,61.7,No
DT-006550,2026-02-02,M-010,LINE-04,S1,Operator Delay,7.5,No
DT-006551,2026-04-22,M-005,LINE-02,S1,Mechanical Failure,66.6,No
DT-006552,2026-06-13,M-001,LINE-01,S1,Mechanical Failure,35.4,No
DT-006553,2026-03-24,M-008,LINE-03,S1,Mechanical Failure,58.3,No
DT-006554,2026-03-16,M-006,LINE-02,S3,Material Shortage,48.9,No
DT-006555,2026-06-13,M-005,LINE-02,S1,Preventive Maintenance,9.4,Yes
DT-006556,2026-01-11,M-009,LINE-03,S2,Electrical Failure,25.3,No
DT-006557,2026-04-23,M-007,LINE-03,S3,Mechanical Failure,60.0,No
DT-006558,2026-04-14,M-004,LINE-02,S2,Mechanical Failure,66.7,No
DT-006559,2026-04-16,M-001,LINE-01,S2,Preventive Maintenance,18.1,Yes
DT-006560,2026-03-31,M-009,LINE-03,S1,Mechanical Failure,3.5,No
DT-006561,2026-05-28,M-004,LINE-02,S1,Cleaning,9.4,No
DT-006562,2026-02-05,M-005,LINE-02,S3,Mechanical Failure,19.5,No
DT-006563,2026-05-25,M-002,LINE-01,S2,Mechanical Failure,38.0,No
DT-006564,2026-05-15,M-007,LINE-03,S2,Preventive Maintenance,38.0,Yes
DT-006565,2026-02-26,M-009,LINE-03,S2,Changeover,15.3,Yes
DT-006566,2026-03-21,M-011,LINE-04,S2,Electrical Failure,10.3,No
DT-006567,2026-04-27,M-007,LINE-03,S3,Mechanical Failure,96.0,No
DT-006568,2026-02-07,M-011,LINE-04,S2,Material Shortage,32.5,No
DT-006569,2026-01-20,M-011,LINE-04,S1,Cleaning,17.7,No
DT-006570,2026-06-19,M-008,LINE-03,S2,Changeover,10.7,Yes
DT-006571,2026-02-09,M-006,LINE-02,S1,Changeover,39.5,Yes
DT-006572,2026-05-22,M-007,LINE-03,S1,Mechanical Failure,28.6,No
DT-006573,2026-03-17,M-006,LINE-02,S1,Preventive Maintenance,29.7,Yes
DT-006574,2026-05-13,M-010,LINE-04,S2,Material Shortage,49.0,No
DT-006575,2026-01-08,M-012,LINE-04,S1,Mechanical Failure,80.1,No
DT-006576,2026-06-20,M-008,LINE-03,S1,Changeover,36.6,Yes
DT-006577,2026-04-10,M-001,LINE-01,S1,Cleaning,12.6,No
DT-006578,2026-03-13,M-009,LINE-03,S2,Cleaning,49.8,No
DT-006579,2026-03-26,M-004,LINE-02,S1,Preventive Maintenance,65.0,Yes
DT-006580,2026-06-16,M-011,LINE-04,S2,Mechanical Failure,24.0,No
DT-006581,2026-02-14,M-007,LINE-03,S1,Electrical Failure,15.4,No
DT-006582,2026-01-30,M-002,LINE-01,S1,Electrical Failure,17.3,No
DT-006583,2026-05-25,M-001,LINE-01,S2,Mechanical Failure,27.3,No
DT-006584,2026-06-28,M-007,LINE-03,S1,Electrical Failure,23.4,No
DT-006585,2026-04-26,M-006,LINE-02,S2,Cleaning,3.0,No
DT-006586,2026-02-05,M-004,LINE-02,S3,Electrical Failure,105.3,No
DT-006587,2026-05-17,M-005,LINE-02,S1,Material Shortage,65.7,No
DT-006588,2026-05-19,M-005,LINE-02,S1,Changeover,14.2,Yes
DT-006589,2026-01-09,M-008,LINE-03,S1,Mechanical Failure,10.2,No
DT-006590,2026-03-20,M-010,LINE-04,S2,Material Shortage,6.2,No
DT-006591,2026-02-13,M-006,LINE-02,S3,Preventive Maintenance,21.6,Yes
DT-006592,2026-06-11,M-006,LINE-02,S1,Cleaning,12.2,No
DT-006593,2026-04-09,M-012,LINE-04,S1,Mechanical Failure,22.1,No
DT-006594,2026-04-10,M-009,LINE-03,S2,Electrical Failure,77.4,No
DT-006595,2026-04-04,M-007,LINE-03,S2,Electrical Failure,32.5,No
DT-006596,2026-04-21,M-012,LINE-04,S1,Changeover,88.2,Yes
DT-006597,2026-01-12,M-008,LINE-03,S2,Mechanical Failure,22.3,No
DT-006598,2026-06-10,M-006,LINE-02,S1,Material Shortage,28.2,No
DT-006599,2026-03-05,M-001,LINE-01,S1,Mechanical Failure,83.2,No
DT-006600,2026-01-18,M-011,LINE-04,S1,Operator Delay,8.6,No
DT-006601,2026-05-04,M-009,LINE-03,S2,Electrical Failure,15.0,No
DT-006602,2026-01-10,M-010,LINE-04,S2,Cleaning,34.3,No
DT-006603,2026-06-28,M-009,LINE-03,S2,Changeover,48.3,Yes
DT-006604,2026-01-04,M-012,LINE-04,S2,Material Shortage,3.9,No
DT-006605,2026-05-04,M-009,LINE-03,S2,Electrical Failure,108.5,No
DT-006606,2026-06-28,M-012,LINE-04,S2,Mechanical Failure,23.7,No
DT-006607,2026-05-04,M-004,LINE-02,S2,Material Shortage,21.3,No
DT-006608,2026-06-28,M-004,LINE-02,S3,Mechanical Failure,51.3,No
DT-006609,2026-01-22,M-007,LINE-03,S3,Operator Delay,10.7,No
DT-006610,2026-01-03,M-001,LINE-01,S1,Material Shortage,35.0,No
DT-006611,2026-03-25,M-002,LINE-01,S2,Material Shortage,15.5,No
DT-006612,2026-06-06,M-006,LINE-02,S3,Electrical Failure,53.4,No
DT-006613,2026-03-07,M-009,LINE-03,S1,Electrical Failure,36.9,No
DT-006614,2026-04-27,M-002,LINE-01,S2,Mechanical Failure,23.0,No
DT-006615,2026-05-23,M-006,LINE-02,S1,Changeover,22.1,Yes
DT-006616,2026-05-30,M-008,LINE-03,S1,Mechanical Failure,59.2,No
DT-006617,2026-02-13,M-006,LINE-02,S2,Material Shortage,29.7,No
DT-006618,2026-02-07,M-007,LINE-03,S2,Quality Hold,9.9,No
DT-006619,2026-01-28,M-002,LINE-01,S2,Material Shortage,22.9,No
DT-006620,2026-06-29,M-004,LINE-02,S1,Mechanical Failure,39.9,No
DT-006621,2026-04-28,M-003,LINE-01,S2,Changeover,4.0,Yes
DT-006622,2026-02-07,M-012,LINE-04,S2,Changeover,13.9,Yes
DT-006623,2026-05-07,M-002,LINE-01,S2,Operator Delay,10.9,No
DT-006624,2026-06-25,M-004,LINE-02,S1,Mechanical Failure,62.1,No
DT-006625,2026-05-23,M-003,LINE-01,S1,Electrical Failure,96.5,No
DT-006626,2026-03-20,M-005,LINE-02,S1,Material Shortage,43.6,No
DT-006627,2026-03-01,M-002,LINE-01,S2,Electrical Failure,21.9,No
DT-006628,2026-06-18,M-005,LINE-02,S1,Electrical Failure,116.0,No
DT-006629,2026-01-25,M-012,LINE-04,S3,Material Shortage,22.4,No
DT-006630,2026-06-17,M-005,LINE-02,S1,Mechanical Failure,27.8,No
DT-006631,2026-02-06,M-001,LINE-01,S3,Mechanical Failure,23.5,No
DT-006632,2026-03-01,M-001,LINE-01,S2,Material Shortage,61.7,No
DT-006633,2026-03-28,M-011,LINE-04,S2,Mechanical Failure,123.5,No
DT-006634,2026-03-21,M-006,LINE-02,S3,Electrical Failure,22.5,No
DT-006635,2026-03-22,M-004,LINE-02,S1,Operator Delay,32.7,No
DT-006636,2026-04-02,M-011,LINE-04,S1,Mechanical Failure,18.8,No
DT-006637,2026-01-17,M-012,LINE-04,S1,Operator Delay,19.6,No
DT-006638,2026-06-09,M-006,LINE-02,S3,Changeover,59.3,Yes
DT-006639,2026-03-06,M-005,LINE-02,S1,Mechanical Failure,36.4,No
DT-006640,2026-01-12,M-011,LINE-04,S3,Changeover,35.9,Yes
DT-006641,2026-03-08,M-012,LINE-04,S2,Electrical Failure,26.3,No
DT-006642,2026-02-20,M-011,LINE-04,S1,Mechanical Failure,52.2,No
DT-006643,2026-06-20,M-002,LINE-01,S1,Operator Delay,43.2,No
DT-006644,2026-03-08,M-008,LINE-03,S3,Preventive Maintenance,32.2,Yes
DT-006645,2026-01-16,M-007,LINE-03,S2,Cleaning,7.9,No
DT-006646,2026-05-19,M-006,LINE-02,S2,Preventive Maintenance,70.5,Yes
DT-006647,2026-06-18,M-012,LINE-04,S3,Material Shortage,5.6,No
DT-006648,2026-04-18,M-008,LINE-03,S2,Electrical Failure,116.6,No
DT-006649,2026-06-18,M-012,LINE-04,S1,Electrical Failure,26.0,No
DT-006650,2026-06-02,M-006,LINE-02,S1,Electrical Failure,33.4,No
DT-006651,2026-03-22,M-010,LINE-04,S2,Material Shortage,45.0,No
DT-006652,2026-02-26,M-007,LINE-03,S1,Changeover,25.3,Yes
DT-006653,2026-05-06,M-001,LINE-01,S2,Mechanical Failure,39.9,No
DT-006654,2026-04-26,M-009,LINE-03,S1,Electrical Failure,33.9,No
DT-006655,2026-01-06,M-012,LINE-04,S1,Operator Delay,39.6,No
DT-006656,2026-03-02,M-006,LINE-02,S2,Quality Hold,102.3,No
DT-006657,2026-04-26,M-007,LINE-03,S3,Electrical Failure,49.1,No
DT-006658,2026-03-25,M-011,LINE-04,S3,Mechanical Failure,40.2,No
DT-006659,2026-06-25,M-012,LINE-04,S1,Cleaning,9.8,No
DT-006660,2026-06-08,M-012,LINE-04,S1,Operator Delay,9.3,No
DT-006661,2026-02-01,M-012,LINE-04,S2,Electrical Failure,21.6,No
DT-006662,2026-02-21,M-009,LINE-03,S3,Mechanical Failure,97.3,No
DT-006663,2026-02-02,M-002,LINE-01,S3,Mechanical Failure,54.1,No
DT-006664,2026-05-03,M-011,LINE-04,S1,Cleaning,15.9,No
DT-006665,2026-05-05,M-002,LINE-01,S1,Changeover,7.1,Yes
DT-006666,2026-04-13,M-003,LINE-01,S2,Electrical Failure,50.0,No
DT-006667,2026-01-12,M-011,LINE-04,S2,Mechanical Failure,23.0,No
DT-006668,2026-03-03,M-005,LINE-02,S3,Mechanical Failure,46.9,No
DT-006669,2026-01-03,M-004,LINE-02,S2,Mechanical Failure,121.5,No
DT-006670,2026-06-15,M-009,LINE-03,S2,Electrical Failure,43.1,No
DT-006671,2026-01-09,M-010,LINE-04,S1,Preventive Maintenance,56.6,Yes
DT-006672,2026-01-25,M-004,LINE-02,S1,Cleaning,21.1,No
DT-006673,2026-03-22,M-011,LINE-04,S1,Changeover,49.2,Yes
DT-006674,2026-01-19,M-007,LINE-03,S3,Changeover,17.2,Yes
DT-006675,2026-03-21,M-004,LINE-02,S3,Mechanical Failure,23.9,No
DT-006676,2026-05-04,M-012,LINE-04,S1,Mechanical Failure,96.6,No
DT-006677,2026-04-19,M-009,LINE-03,S1,Electrical Failure,31.8,No
DT-006678,2026-04-06,M-001,LINE-01,S3,Mechanical Failure,34.3,No
DT-006679,2026-05-06,M-001,LINE-01,S1,Preventive Maintenance,67.3,Yes
DT-006680,2026-01-21,M-011,LINE-04,S3,Changeover,10.2,Yes
DT-006681,2026-05-29,M-005,LINE-02,S1,Electrical Failure,52.1,No
DT-006682,2026-06-04,M-003,LINE-01,S3,Material Shortage,31.6,No
DT-006683,2026-05-18,M-004,LINE-02,S1,Mechanical Failure,19.7,No
DT-006684,2026-04-07,M-012,LINE-04,S2,Quality Hold,25.3,No
DT-006685,2026-04-08,M-001,LINE-01,S2,Electrical Failure,20.7,No
DT-006686,2026-04-19,M-005,LINE-02,S2,Quality Hold,5.7,No
DT-006687,2026-03-29,M-008,LINE-03,S2,Mechanical Failure,9.3,No
DT-006688,2026-04-23,M-012,LINE-04,S3,Changeover,20.9,Yes
DT-006689,2026-02-21,M-003,LINE-01,S2,Cleaning,8.2,No
DT-006690,2026-03-10,M-008,LINE-03,S2,Changeover,3.0,Yes
DT-006691,2026-01-30,M-011,LINE-04,S1,Changeover,34.0,Yes
DT-006692,2026-04-15,M-009,LINE-03,S2,Mechanical Failure,28.5,No
DT-006693,2026-01-07,M-002,LINE-01,S1,Mechanical Failure,87.6,No
DT-006694,2026-05-20,M-012,LINE-04,S3,Mechanical Failure,172.8,No
DT-006695,2026-02-12,M-008,LINE-03,S1,Changeover,14.4,Yes
DT-006696,2026-01-04,M-008,LINE-03,S1,Cleaning,7.0,No
DT-006697,2026-03-05,M-009,LINE-03,S3,Material Shortage,8.2,No
DT-006698,2026-06-03,M-002,LINE-01,S2,Mechanical Failure,26.4,No
DT-006699,2026-01-16,M-003,LINE-01,S2,Operator Delay,11.6,No
DT-006700,2026-06-18,M-003,LINE-01,S3,Material Shortage,11.8,No
DT-006701,2026-04-06,M-012,LINE-04,S2,Cleaning,9.6,No
DT-006702,2026-04-09,M-003,LINE-01,S3,Cleaning,17.8,No
DT-006703,2026-04-08,M-001,LINE-01,S1,Mechanical Failure,118.5,No
DT-006704,2026-05-27,M-008,LINE-03,S1,Changeover,50.6,Yes
DT-006705,2026-01-01,M-007,LINE-03,S2,Mechanical Failure,21.3,No
DT-006706,2026-01-13,M-002,LINE-01,S2,Material Shortage,26.0,No
DT-006707,2026-04-04,M-007,LINE-03,S2,Cleaning,4.8,No
DT-006708,2026-01-25,M-005,LINE-02,S2,Material Shortage,53.8,No
DT-006709,2026-05-25,M-011,LINE-04,S1,Material Shortage,13.1,No
DT-006710,2026-05-11,M-003,LINE-01,S1,Mechanical Failure,37.8,No
DT-006711,2026-01-21,M-009,LINE-03,S1,Mechanical Failure,6.3,No
DT-006712,2026-02-13,M-001,LINE-01,S1,Changeover,25.2,Yes
DT-006713,2026-06-29,M-002,LINE-01,S3,Quality Hold,16.0,No
DT-006714,2026-02-03,M-005,LINE-02,S2,Mechanical Failure,17.3,No
DT-006715,2026-01-19,M-006,LINE-02,S1,Quality Hold,53.0,No
DT-006716,2026-06-10,M-008,LINE-03,S2,Electrical Failure,3.0,No
DT-006717,2026-02-20,M-003,LINE-01,S2,Electrical Failure,34.5,No
DT-006718,2026-04-08,M-006,LINE-02,S1,Electrical Failure,101.2,No
DT-006719,2026-01-17,M-005,LINE-02,S1,Mechanical Failure,12.9,No
DT-006720,2026-04-05,M-010,LINE-04,S3,Cleaning,46.3,No
DT-006721,2026-01-15,M-010,LINE-04,S1,Material Shortage,27.3,No
DT-006722,2026-04-19,M-010,LINE-04,S2,Material Shortage,24.1,No
DT-006723,2026-02-23,M-008,LINE-03,S3,Changeover,19.8,Yes
DT-006724,2026-04-21,M-002,LINE-01,S1,Material Shortage,58.9,No
DT-006725,2026-03-19,M-003,LINE-01,S2,Mechanical Failure,94.1,No
DT-006726,2026-01-17,M-009,LINE-03,S2,Preventive Maintenance,12.5,Yes
DT-006727,2026-04-30,M-010,LINE-04,S3,Material Shortage,50.7,No
DT-006728,2026-03-28,M-010,LINE-04,S1,Mechanical Failure,29.3,No
DT-006729,2026-01-23,M-002,LINE-01,S1,Electrical Failure,57.5,No
DT-006730,2026-03-29,M-006,LINE-02,S3,Cleaning,17.7,No
DT-006731,2026-03-26,M-009,LINE-03,S3,Changeover,12.6,Yes
DT-006732,2026-02-14,M-004,LINE-02,S3,Changeover,11.1,Yes
DT-006733,2026-02-10,M-009,LINE-03,S1,Mechanical Failure,28.5,No
DT-006734,2026-03-09,M-011,LINE-04,S2,Electrical Failure,30.5,No
DT-006735,2026-06-28,M-002,LINE-01,S1,Changeover,7.0,Yes
DT-006736,2026-05-16,M-005,LINE-02,S1,Mechanical Failure,96.8,No
DT-006737,2026-05-26,M-005,LINE-02,S3,Mechanical Failure,49.0,No
DT-006738,2026-02-07,M-003,LINE-01,S1,Electrical Failure,8.6,No
DT-006739,2026-06-10,M-011,LINE-04,S2,Operator Delay,31.5,No
DT-006740,2026-03-13,M-008,LINE-03,S2,Material Shortage,76.7,No
DT-006741,2026-02-08,M-009,LINE-03,S1,Material Shortage,56.5,No
DT-006742,2026-04-09,M-002,LINE-01,S1,Changeover,3.6,Yes
DT-006743,2026-01-09,M-010,LINE-04,S2,Mechanical Failure,137.2,No
DT-006744,2026-05-08,M-008,LINE-03,S1,Mechanical Failure,5.3,No
DT-006745,2026-01-19,M-010,LINE-04,S2,Mechanical Failure,31.2,No
DT-006746,2026-02-08,M-004,LINE-02,S1,Operator Delay,28.4,No
DT-006747,2026-06-20,M-004,LINE-02,S2,Preventive Maintenance,64.2,Yes
DT-006748,2026-06-22,M-002,LINE-01,S1,Quality Hold,50.5,No
DT-006749,2026-05-10,M-004,LINE-02,S3,Mechanical Failure,10.7,No
DT-006750,2026-06-29,M-007,LINE-03,S2,Mechanical Failure,77.1,No
DT-006751,2026-05-12,M-005,LINE-02,S3,Operator Delay,28.9,No
DT-006752,2026-04-30,M-002,LINE-01,S3,Cleaning,3.0,No
DT-006753,2026-01-09,M-002,LINE-01,S3,Changeover,40.3,Yes
DT-006754,2026-03-12,M-003,LINE-01,S1,Mechanical Failure,34.3,No
DT-006755,2026-01-02,M-005,LINE-02,S2,Mechanical Failure,19.6,No
DT-006756,2026-01-03,M-011,LINE-04,S2,Quality Hold,21.0,No
DT-006757,2026-02-15,M-012,LINE-04,S2,Changeover,22.0,Yes
DT-006758,2026-02-18,M-011,LINE-04,S2,Mechanical Failure,28.4,No
DT-006759,2026-06-28,M-010,LINE-04,S3,Mechanical Failure,27.9,No
DT-006760,2026-05-23,M-001,LINE-01,S2,Electrical Failure,55.0,No
DT-006761,2026-06-15,M-008,LINE-03,S2,Changeover,3.0,Yes
DT-006762,2026-05-10,M-012,LINE-04,S3,Cleaning,36.5,No
DT-006763,2026-01-04,M-006,LINE-02,S1,Electrical Failure,34.6,No
DT-006764,2026-02-02,M-011,LINE-04,S3,Cleaning,25.2,No
DT-006765,2026-01-13,M-008,LINE-03,S3,Mechanical Failure,17.6,No
DT-006766,2026-06-06,M-007,LINE-03,S3,Electrical Failure,20.5,No
DT-006767,2026-03-06,M-006,LINE-02,S1,Material Shortage,19.8,No
DT-006768,2026-03-24,M-001,LINE-01,S1,Electrical Failure,77.0,No
DT-006769,2026-03-08,M-010,LINE-04,S1,Mechanical Failure,39.1,No
DT-006770,2026-03-01,M-007,LINE-03,S2,Changeover,48.1,Yes
DT-006771,2026-03-31,M-002,LINE-01,S3,Quality Hold,9.3,No
DT-006772,2026-04-13,M-004,LINE-02,S1,Electrical Failure,6.8,No
DT-006773,2026-05-09,M-006,LINE-02,S2,Material Shortage,23.5,No
DT-006774,2026-05-22,M-007,LINE-03,S3,Changeover,19.1,Yes
DT-006775,2026-05-24,M-002,LINE-01,S2,Preventive Maintenance,20.9,Yes
DT-006776,2026-02-15,M-012,LINE-04,S2,Material Shortage,9.9,No
DT-006777,2026-04-14,M-006,LINE-02,S2,Mechanical Failure,8.5,No
DT-006778,2026-05-25,M-007,LINE-03,S1,Quality Hold,3.0,No
DT-006779,2026-04-09,M-004,LINE-02,S2,Electrical Failure,55.6,No
DT-006780,2026-05-06,M-004,LINE-02,S1,Cleaning,26.1,No
DT-006781,2026-05-27,M-006,LINE-02,S1,Material Shortage,32.6,No
DT-006782,2026-02-02,M-010,LINE-04,S3,Quality Hold,44.0,No
DT-006783,2026-03-21,M-005,LINE-02,S2,Changeover,19.4,Yes
DT-006784,2026-05-21,M-006,LINE-02,S1,Changeover,25.3,Yes
DT-006785,2026-06-10,M-010,LINE-04,S1,Quality Hold,34.2,No
DT-006786,2026-06-09,M-011,LINE-04,S2,Electrical Failure,40.4,No
DT-006787,2026-01-14,M-012,LINE-04,S1,Mechanical Failure,63.0,No
DT-006788,2026-01-21,M-012,LINE-04,S1,Electrical Failure,41.0,No
DT-006789,2026-02-15,M-001,LINE-01,S1,Mechanical Failure,28.5,No
DT-006790,2026-05-05,M-011,LINE-04,S2,Electrical Failure,13.0,No
DT-006791,2026-03-20,M-003,LINE-01,S1,Quality Hold,43.1,No
DT-006792,2026-05-16,M-003,LINE-01,S3,Material Shortage,17.6,No
DT-006793,2026-04-01,M-012,LINE-04,S2,Changeover,45.4,Yes
DT-006794,2026-06-01,M-003,LINE-01,S1,Electrical Failure,16.8,No
DT-006795,2026-04-28,M-008,LINE-03,S1,Cleaning,9.1,No
DT-006796,2026-05-18,M-011,LINE-04,S2,Mechanical Failure,26.5,No
DT-006797,2026-03-21,M-012,LINE-04,S1,Material Shortage,37.1,No
DT-006798,2026-01-10,M-010,LINE-04,S1,Electrical Failure,35.8,No
DT-006799,2026-01-16,M-007,LINE-03,S2,Changeover,26.2,Yes
DT-006800,2026-05-23,M-002,LINE-01,S1,Changeover,12.8,Yes
DT-006801,2026-01-30,M-009,LINE-03,S3,Mechanical Failure,16.1,No
DT-006802,2026-05-25,M-004,LINE-02,S2,Changeover,39.8,Yes
DT-006803,2026-03-05,M-004,LINE-02,S1,Mechanical Failure,63.9,No
DT-006804,2026-03-27,M-010,LINE-04,S2,Mechanical Failure,4.4,No
DT-006805,2026-02-23,M-006,LINE-02,S1,Preventive Maintenance,12.2,Yes
DT-006806,2026-04-07,M-011,LINE-04,S2,Mechanical Failure,83.4,No
DT-006807,2026-05-31,M-011,LINE-04,S2,Changeover,22.4,Yes
DT-006808,2026-02-19,M-010,LINE-04,S1,Mechanical Failure,44.2,No
DT-006809,2026-05-16,M-005,LINE-02,S1,Material Shortage,15.8,No
DT-006810,2026-02-27,M-009,LINE-03,S3,Electrical Failure,22.8,No
DT-006811,2026-05-28,M-006,LINE-02,S1,Quality Hold,3.0,No
DT-006812,2026-02-23,M-005,LINE-02,S1,Electrical Failure,21.7,No
DT-006813,2026-01-18,M-006,LINE-02,S1,Mechanical Failure,16.8,No
DT-006814,2026-05-10,M-001,LINE-01,S1,Operator Delay,20.7,No
DT-006815,2026-01-18,M-011,LINE-04,S3,Mechanical Failure,20.4,No
DT-006816,2026-06-21,M-004,LINE-02,S3,Mechanical Failure,63.1,No
DT-006817,2026-04-18,M-007,LINE-03,S2,Cleaning,3.0,No
DT-006818,2026-04-08,M-005,LINE-02,S1,Material Shortage,33.5,No
DT-006819,2026-02-03,M-012,LINE-04,S3,Mechanical Failure,14.8,No
DT-006820,2026-04-12,M-012,LINE-04,S2,Mechanical Failure,19.0,No
DT-006821,2026-06-17,M-010,LINE-04,S3,Mechanical Failure,26.8,No
DT-006822,2026-02-17,M-009,LINE-03,S1,Electrical Failure,90.0,No
DT-006823,2026-02-01,M-001,LINE-01,S3,Changeover,22.7,Yes
DT-006824,2026-04-02,M-004,LINE-02,S1,Electrical Failure,27.2,No
DT-006825,2026-03-05,M-009,LINE-03,S1,Electrical Failure,15.7,No
DT-006826,2026-01-22,M-006,LINE-02,S3,Material Shortage,37.7,No
DT-006827,2026-06-22,M-008,LINE-03,S1,Changeover,10.1,Yes
DT-006828,2026-03-22,M-005,LINE-02,S3,Cleaning,5.5,No
DT-006829,2026-04-20,M-002,LINE-01,S1,Mechanical Failure,12.8,No
DT-006830,2026-04-27,M-005,LINE-02,S1,Electrical Failure,38.0,No
DT-006831,2026-02-05,M-003,LINE-01,S3,Cleaning,20.3,No
DT-006832,2026-05-12,M-005,LINE-02,S3,Changeover,12.3,Yes
DT-006833,2026-05-28,M-003,LINE-01,S3,Mechanical Failure,32.2,No
DT-006834,2026-04-15,M-004,LINE-02,S3,Mechanical Failure,17.5,No
DT-006835,2026-01-06,M-011,LINE-04,S1,Cleaning,18.4,No
DT-006836,2026-05-31,M-010,LINE-04,S2,Material Shortage,9.8,No
DT-006837,2026-06-06,M-008,LINE-03,S2,Cleaning,45.0,No
DT-006838,2026-03-03,M-005,LINE-02,S1,Electrical Failure,47.3,No
DT-006839,2026-05-02,M-010,LINE-04,S1,Mechanical Failure,17.6,No
DT-006840,2026-03-11,M-005,LINE-02,S1,Electrical Failure,33.7,No
DT-006841,2026-02-01,M-010,LINE-04,S1,Electrical Failure,38.0,No
DT-006842,2026-06-03,M-004,LINE-02,S1,Mechanical Failure,127.8,No
DT-006843,2026-02-06,M-012,LINE-04,S2,Changeover,42.0,Yes
DT-006844,2026-04-03,M-008,LINE-03,S1,Changeover,11.7,Yes
DT-006845,2026-02-05,M-003,LINE-01,S2,Electrical Failure,173.4,No
DT-006846,2026-06-21,M-008,LINE-03,S2,Electrical Failure,10.1,No
DT-006847,2026-02-13,M-008,LINE-03,S1,Operator Delay,3.8,No
DT-006848,2026-01-09,M-009,LINE-03,S2,Mechanical Failure,40.1,No
DT-006849,2026-06-02,M-004,LINE-02,S1,Material Shortage,21.7,No
DT-006850,2026-01-13,M-001,LINE-01,S2,Material Shortage,31.7,No
DT-006851,2026-06-16,M-002,LINE-01,S2,Mechanical Failure,24.4,No
DT-006852,2026-05-30,M-009,LINE-03,S1,Mechanical Failure,14.0,No
DT-006853,2026-03-08,M-012,LINE-04,S1,Electrical Failure,31.6,No
DT-006854,2026-06-03,M-003,LINE-01,S2,Changeover,101.8,Yes
DT-006855,2026-03-24,M-002,LINE-01,S2,Electrical Failure,46.1,No
DT-006856,2026-03-04,M-006,LINE-02,S2,Quality Hold,16.4,No
DT-006857,2026-01-27,M-010,LINE-04,S3,Changeover,22.8,Yes
DT-006858,2026-03-15,M-002,LINE-01,S1,Mechanical Failure,99.7,No
DT-006859,2026-01-16,M-005,LINE-02,S2,Material Shortage,28.7,No
DT-006860,2026-03-30,M-006,LINE-02,S3,Material Shortage,5.9,No
DT-006861,2026-02-13,M-002,LINE-01,S3,Mechanical Failure,94.8,No
DT-006862,2026-01-27,M-012,LINE-04,S1,Quality Hold,41.0,No
DT-006863,2026-05-27,M-007,LINE-03,S2,Cleaning,12.8,No
DT-006864,2026-06-03,M-001,LINE-01,S3,Mechanical Failure,40.3,No
DT-006865,2026-02-23,M-010,LINE-04,S2,Electrical Failure,3.3,No
DT-006866,2026-03-25,M-008,LINE-03,S1,Preventive Maintenance,53.2,Yes
DT-006867,2026-02-04,M-011,LINE-04,S3,Changeover,7.7,Yes
DT-006868,2026-04-15,M-004,LINE-02,S1,Cleaning,16.4,No
DT-006869,2026-05-13,M-010,LINE-04,S2,Material Shortage,10.6,No
DT-006870,2026-02-23,M-012,LINE-04,S2,Mechanical Failure,37.0,No
DT-006871,2026-04-30,M-003,LINE-01,S1,Material Shortage,105.3,No
DT-006872,2026-03-11,M-002,LINE-01,S1,Material Shortage,79.1,No
DT-006873,2026-03-25,M-001,LINE-01,S3,Electrical Failure,7.5,No
DT-006874,2026-04-17,M-012,LINE-04,S3,Electrical Failure,18.7,No
DT-006875,2026-05-13,M-005,LINE-02,S3,Mechanical Failure,64.5,No
DT-006876,2026-06-08,M-011,LINE-04,S1,Mechanical Failure,48.5,No
DT-006877,2026-05-08,M-010,LINE-04,S2,Operator Delay,30.3,No
DT-006878,2026-02-25,M-010,LINE-04,S1,Changeover,57.9,Yes
DT-006879,2026-01-26,M-012,LINE-04,S1,Mechanical Failure,66.7,No
DT-006880,2026-06-25,M-009,LINE-03,S3,Material Shortage,16.2,No
DT-006881,2026-02-07,M-010,LINE-04,S1,Changeover,4.9,Yes
DT-006882,2026-04-16,M-012,LINE-04,S1,Material Shortage,19.2,No
DT-006883,2026-02-12,M-007,LINE-03,S1,Operator Delay,18.9,No
DT-006884,2026-01-25,M-002,LINE-01,S1,Mechanical Failure,91.9,No
DT-006885,2026-05-15,M-007,LINE-03,S2,Cleaning,3.8,No
DT-006886,2026-05-25,M-002,LINE-01,S3,Electrical Failure,53.7,No
DT-006887,2026-01-20,M-009,LINE-03,S2,Mechanical Failure,81.9,No
DT-006888,2026-02-02,M-009,LINE-03,S1,Changeover,59.6,Yes
DT-006889,2026-06-05,M-005,LINE-02,S1,Electrical Failure,83.7,No
DT-006890,2026-05-11,M-004,LINE-02,S1,Mechanical Failure,24.3,No
DT-006891,2026-01-06,M-005,LINE-02,S1,Quality Hold,25.9,No
DT-006892,2026-03-15,M-010,LINE-04,S3,Material Shortage,35.3,No
DT-006893,2026-05-09,M-002,LINE-01,S2,Material Shortage,19.4,No
DT-006894,2026-02-21,M-005,LINE-02,S1,Mechanical Failure,8.2,No
DT-006895,2026-02-02,M-009,LINE-03,S1,Changeover,11.9,Yes
DT-006896,2026-02-20,M-012,LINE-04,S1,Material Shortage,22.1,No
DT-006897,2026-05-07,M-009,LINE-03,S2,Mechanical Failure,30.6,No
DT-006898,2026-05-03,M-005,LINE-02,S3,Electrical Failure,7.5,No
DT-006899,2026-04-30,M-006,LINE-02,S3,Electrical Failure,71.8,No
DT-006900,2026-04-05,M-012,LINE-04,S1,Cleaning,19.0,No
DT-006901,2026-06-25,M-003,LINE-01,S2,Electrical Failure,13.0,No
DT-006902,2026-05-16,M-003,LINE-01,S1,Mechanical Failure,21.2,No
DT-006903,2026-02-02,M-002,LINE-01,S2,Material Shortage,108.5,No
DT-006904,2026-04-15,M-001,LINE-01,S3,Material Shortage,53.7,No
DT-006905,2026-03-12,M-003,LINE-01,S1,Mechanical Failure,19.9,No
DT-006906,2026-02-21,M-008,LINE-03,S1,Changeover,23.4,Yes
DT-006907,2026-05-29,M-002,LINE-01,S1,Material Shortage,6.4,No
DT-006908,2026-06-29,M-003,LINE-01,S2,Quality Hold,23.4,No
DT-006909,2026-03-12,M-007,LINE-03,S3,Mechanical Failure,15.2,No
DT-006910,2026-05-04,M-001,LINE-01,S1,Quality Hold,66.6,No
DT-006911,2026-02-21,M-009,LINE-03,S1,Mechanical Failure,20.9,No
DT-006912,2026-05-25,M-007,LINE-03,S2,Quality Hold,43.8,No
DT-006913,2026-03-13,M-009,LINE-03,S3,Preventive Maintenance,19.7,Yes
DT-006914,2026-04-03,M-012,LINE-04,S2,Electrical Failure,11.1,No
DT-006915,2026-06-15,M-005,LINE-02,S2,Material Shortage,10.0,No
DT-006916,2026-03-17,M-006,LINE-02,S1,Changeover,24.6,Yes
DT-006917,2026-04-16,M-004,LINE-02,S1,Mechanical Failure,54.5,No
DT-006918,2026-04-08,M-007,LINE-03,S2,Cleaning,39.4,No
DT-006919,2026-06-27,M-009,LINE-03,S2,Preventive Maintenance,72.5,Yes
DT-006920,2026-05-09,M-001,LINE-01,S3,Quality Hold,48.7,No
DT-006921,2026-04-19,M-011,LINE-04,S3,Material Shortage,10.2,No
DT-006922,2026-02-01,M-002,LINE-01,S2,Electrical Failure,34.1,No
DT-006923,2026-02-04,M-003,LINE-01,S3,Cleaning,15.6,No
DT-006924,2026-03-16,M-002,LINE-01,S2,Material Shortage,11.4,No
DT-006925,2026-05-03,M-009,LINE-03,S1,Material Shortage,7.0,No
DT-006926,2026-05-03,M-005,LINE-02,S2,Mechanical Failure,43.4,No
DT-006927,2026-05-06,M-007,LINE-03,S1,Mechanical Failure,10.4,No
DT-006928,2026-06-27,M-006,LINE-02,S1,Mechanical Failure,43.2,No
DT-006929,2026-01-24,M-012,LINE-04,S2,Changeover,14.5,Yes
DT-006930,2026-06-14,M-002,LINE-01,S2,Changeover,39.6,Yes
DT-006931,2026-05-26,M-001,LINE-01,S3,Material Shortage,48.3,No
DT-006932,2026-02-19,M-010,LINE-04,S1,Material Shortage,28.1,No
DT-006933,2026-05-19,M-010,LINE-04,S2,Mechanical Failure,36.8,No
DT-006934,2026-06-26,M-012,LINE-04,S2,Material Shortage,48.6,No
DT-006935,2026-03-26,M-009,LINE-03,S1,Mechanical Failure,111.6,No
DT-006936,2026-02-17,M-008,LINE-03,S1,Changeover,39.4,Yes
DT-006937,2026-02-14,M-012,LINE-04,S3,Mechanical Failure,59.9,No
DT-006938,2026-05-05,M-005,LINE-02,S3,Mechanical Failure,100.5,No
DT-006939,2026-06-07,M-002,LINE-01,S3,Electrical Failure,8.3,No
DT-006940,2026-04-21,M-012,LINE-04,S2,Mechanical Failure,4.4,No
DT-006941,2026-03-18,M-001,LINE-01,S2,Quality Hold,16.9,No
DT-006942,2026-01-16,M-005,LINE-02,S2,Mechanical Failure,97.3,No
DT-006943,2026-06-22,M-008,LINE-03,S2,Electrical Failure,84.8,No
DT-006944,2026-03-13,M-004,LINE-02,S1,Mechanical Failure,35.5,No
DT-006945,2026-01-10,M-012,LINE-04,S1,Mechanical Failure,88.4,No
DT-006946,2026-01-19,M-002,LINE-01,S3,Mechanical Failure,155.9,No
DT-006947,2026-03-27,M-002,LINE-01,S1,Quality Hold,16.6,No
DT-006948,2026-06-07,M-002,LINE-01,S3,Electrical Failure,38.6,No
DT-006949,2026-03-17,M-001,LINE-01,S2,Mechanical Failure,77.5,No
DT-006950,2026-02-23,M-007,LINE-03,S1,Mechanical Failure,61.5,No
DT-006951,2026-05-15,M-001,LINE-01,S1,Mechanical Failure,61.7,No
DT-006952,2026-03-07,M-010,LINE-04,S1,Mechanical Failure,101.4,No
DT-006953,2026-04-28,M-010,LINE-04,S2,Electrical Failure,71.6,No
DT-006954,2026-03-21,M-011,LINE-04,S2,Mechanical Failure,14.5,No
DT-006955,2026-04-18,M-004,LINE-02,S2,Mechanical Failure,46.5,No
DT-006956,2026-01-04,M-006,LINE-02,S2,Mechanical Failure,65.5,No
DT-006957,2026-06-20,M-009,LINE-03,S3,Mechanical Failure,11.2,No
DT-006958,2026-06-15,M-011,LINE-04,S1,Electrical Failure,41.0,No
DT-006959,2026-02-06,M-010,LINE-04,S3,Changeover,25.0,Yes
DT-006960,2026-02-14,M-005,LINE-02,S1,Mechanical Failure,80.4,No
DT-006961,2026-04-22,M-005,LINE-02,S2,Material Shortage,10.5,No
DT-006962,2026-04-13,M-010,LINE-04,S2,Cleaning,16.2,No
DT-006963,2026-06-18,M-004,LINE-02,S2,Material Shortage,63.6,No
DT-006964,2026-06-13,M-010,LINE-04,S2,Operator Delay,23.5,No
DT-006965,2026-01-07,M-005,LINE-02,S1,Material Shortage,37.7,No
DT-006966,2026-05-21,M-010,LINE-04,S1,Electrical Failure,20.8,No
DT-006967,2026-01-06,M-011,LINE-04,S3,Quality Hold,5.6,No
DT-006968,2026-03-15,M-006,LINE-02,S3,Electrical Failure,20.4,No
DT-006969,2026-04-28,M-008,LINE-03,S2,Electrical Failure,64.2,No
DT-006970,2026-06-30,M-012,LINE-04,S1,Mechanical Failure,9.8,No
DT-006971,2026-02-14,M-006,LINE-02,S3,Mechanical Failure,23.7,No
DT-006972,2026-05-17,M-002,LINE-01,S2,Cleaning,12.7,No
DT-006973,2026-05-08,M-012,LINE-04,S2,Changeover,38.9,Yes
DT-006974,2026-02-22,M-002,LINE-01,S1,Changeover,7.3,Yes
DT-006975,2026-03-12,M-008,LINE-03,S2,Mechanical Failure,31.4,No
DT-006976,2026-03-06,M-010,LINE-04,S1,Material Shortage,23.5,No
DT-006977,2026-04-28,M-008,LINE-03,S2,Electrical Failure,35.6,No
DT-006978,2026-05-25,M-007,LINE-03,S3,Changeover,51.4,Yes
DT-006979,2026-03-26,M-004,LINE-02,S2,Changeover,12.0,Yes
DT-006980,2026-01-03,M-001,LINE-01,S3,Material Shortage,17.0,No
DT-006981,2026-05-08,M-006,LINE-02,S2,Material Shortage,15.1,No
DT-006982,2026-06-28,M-008,LINE-03,S2,Electrical Failure,23.6,No
DT-006983,2026-01-21,M-007,LINE-03,S2,Mechanical Failure,71.6,No
DT-006984,2026-03-27,M-006,LINE-02,S2,Mechanical Failure,3.0,No
DT-006985,2026-01-03,M-012,LINE-04,S2,Operator Delay,3.0,No
DT-006986,2026-01-27,M-006,LINE-02,S2,Electrical Failure,43.3,No
DT-006987,2026-04-14,M-004,LINE-02,S2,Electrical Failure,58.8,No
DT-006988,2026-06-25,M-003,LINE-01,S1,Material Shortage,26.0,No
DT-006989,2026-05-19,M-004,LINE-02,S1,Mechanical Failure,71.6,No
DT-006990,2026-02-26,M-011,LINE-04,S2,Mechanical Failure,69.4,No
DT-006991,2026-06-13,M-008,LINE-03,S1,Mechanical Failure,14.9,No
DT-006992,2026-04-19,M-010,LINE-04,S1,Mechanical Failure,26.3,No
DT-006993,2026-06-30,M-001,LINE-01,S3,Changeover,28.6,Yes
DT-006994,2026-05-16,M-009,LINE-03,S2,Material Shortage,5.2,No
DT-006995,2026-04-14,M-001,LINE-01,S3,Material Shortage,10.0,No
DT-006996,2026-01-06,M-011,LINE-04,S1,Cleaning,11.9,No
DT-006997,2026-04-07,M-010,LINE-04,S1,Changeover,28.5,Yes
DT-006998,2026-02-03,M-001,LINE-01,S2,Mechanical Failure,11.3,No
DT-006999,2026-02-18,M-004,LINE-02,S1,Changeover,26.0,Yes
DT-007000,2026-01-16,M-001,LINE-01,S2,Quality Hold,7.9,No
DT-007001,2026-06-02,M-006,LINE-02,S2,Mechanical Failure,43.3,No
DT-007002,2026-02-15,M-002,LINE-01,S1,Changeover,14.0,Yes
DT-007003,2026-04-07,M-005,LINE-02,S3,Mechanical Failure,26.3,No
DT-007004,2026-01-10,M-010,LINE-04,S2,Material Shortage,5.5,No
DT-007005,2026-01-22,M-003,LINE-01,S2,Mechanical Failure,70.7,No
DT-007006,2026-02-20,M-005,LINE-02,S3,Electrical Failure,72.2,No
DT-007007,2026-01-19,M-001,LINE-01,S2,Mechanical Failure,98.0,No
DT-007008,2026-01-18,M-003,LINE-01,S2,Mechanical Failure,8.0,No
DT-007009,2026-02-05,M-011,LINE-04,S1,Cleaning,46.0,No
DT-007010,2026-05-16,M-002,LINE-01,S3,Electrical Failure,25.9,No
DT-007011,2026-03-22,M-004,LINE-02,S3,Mechanical Failure,56.4,No
DT-007012,2026-02-05,M-010,LINE-04,S3,Mechanical Failure,18.8,No
DT-007013,2026-06-16,M-012,LINE-04,S2,Quality Hold,53.5,No
DT-007014,2026-02-27,M-007,LINE-03,S3,Cleaning,3.2,No
DT-007015,2026-05-13,M-009,LINE-03,S1,Cleaning,19.7,No
DT-007016,2026-05-16,M-012,LINE-04,S2,Mechanical Failure,49.4,No
DT-007017,2026-06-16,M-006,LINE-02,S3,Quality Hold,25.1,No
DT-007018,2026-01-30,M-006,LINE-02,S3,Electrical Failure,31.6,No
DT-007019,2026-02-28,M-001,LINE-01,S3,Mechanical Failure,16.0,No
DT-007020,2026-01-16,M-004,LINE-02,S1,Quality Hold,29.3,No
DT-007021,2026-06-09,M-002,LINE-01,S3,Material Shortage,23.6,No
DT-007022,2026-02-24,M-007,LINE-03,S1,Mechanical Failure,104.1,No
DT-007023,2026-03-04,M-005,LINE-02,S3,Electrical Failure,69.4,No
DT-007024,2026-02-19,M-007,LINE-03,S2,Mechanical Failure,39.2,No
DT-007025,2026-04-23,M-002,LINE-01,S1,Operator Delay,10.0,No
DT-007026,2026-03-27,M-009,LINE-03,S2,Changeover,3.3,Yes
DT-007027,2026-01-22,M-007,LINE-03,S1,Operator Delay,21.8,No
DT-007028,2026-05-17,M-009,LINE-03,S2,Quality Hold,83.3,No
DT-007029,2026-05-19,M-012,LINE-04,S3,Mechanical Failure,38.5,No
DT-007030,2026-04-08,M-004,LINE-02,S3,Electrical Failure,28.6,No
DT-007031,2026-03-31,M-004,LINE-02,S2,Electrical Failure,35.2,No
DT-007032,2026-05-29,M-009,LINE-03,S3,Mechanical Failure,33.9,No
DT-007033,2026-04-17,M-005,LINE-02,S1,Cleaning,10.6,No
DT-007034,2026-05-31,M-012,LINE-04,S3,Electrical Failure,60.7,No
DT-007035,2026-01-03,M-004,LINE-02,S3,Electrical Failure,53.2,No
DT-007036,2026-03-09,M-008,LINE-03,S3,Mechanical Failure,84.3,No
DT-007037,2026-06-25,M-011,LINE-04,S3,Changeover,24.0,Yes
DT-007038,2026-04-12,M-003,LINE-01,S1,Electrical Failure,68.7,No
DT-007039,2026-01-23,M-001,LINE-01,S2,Cleaning,14.0,No
DT-007040,2026-06-26,M-005,LINE-02,S1,Electrical Failure,44.8,No
DT-007041,2026-05-22,M-011,LINE-04,S2,Mechanical Failure,10.1,No
DT-007042,2026-02-08,M-005,LINE-02,S1,Changeover,42.2,Yes
DT-007043,2026-02-23,M-009,LINE-03,S2,Material Shortage,22.0,No
DT-007044,2026-04-27,M-002,LINE-01,S2,Operator Delay,3.0,No
DT-007045,2026-01-09,M-010,LINE-04,S3,Cleaning,27.7,No
DT-007046,2026-01-12,M-011,LINE-04,S2,Quality Hold,63.4,No
DT-007047,2026-01-19,M-012,LINE-04,S3,Mechanical Failure,15.6,No
DT-007048,2026-06-01,M-001,LINE-01,S3,Electrical Failure,40.4,No
DT-007049,2026-06-11,M-008,LINE-03,S2,Mechanical Failure,124.3,No
DT-007050,2026-04-25,M-007,LINE-03,S1,Electrical Failure,83.5,No
DT-007051,2026-04-21,M-010,LINE-04,S1,Mechanical Failure,31.5,No
DT-007052,2026-02-09,M-010,LINE-04,S3,Electrical Failure,70.4,No
DT-007053,2026-04-26,M-006,LINE-02,S1,Mechanical Failure,105.4,No
DT-007054,2026-05-21,M-006,LINE-02,S1,Electrical Failure,43.8,No
DT-007055,2026-06-14,M-010,LINE-04,S1,Mechanical Failure,48.5,No
DT-007056,2026-05-24,M-005,LINE-02,S3,Mechanical Failure,43.9,No
DT-007057,2026-05-31,M-012,LINE-04,S2,Mechanical Failure,70.8,No
DT-007058,2026-01-18,M-005,LINE-02,S2,Operator Delay,5.0,No
DT-007059,2026-01-19,M-003,LINE-01,S1,Mechanical Failure,40.2,No
DT-007060,2026-05-11,M-009,LINE-03,S2,Mechanical Failure,19.0,No
DT-007061,2026-03-16,M-008,LINE-03,S2,Material Shortage,30.3,No
DT-007062,2026-06-18,M-010,LINE-04,S2,Material Shortage,59.0,No
DT-007063,2026-06-14,M-012,LINE-04,S3,Electrical Failure,22.0,No
DT-007064,2026-03-09,M-012,LINE-04,S2,Mechanical Failure,71.1,No
DT-007065,2026-01-27,M-012,LINE-04,S2,Operator Delay,27.1,No
DT-007066,2026-04-28,M-007,LINE-03,S1,Mechanical Failure,25.1,No
DT-007067,2026-01-02,M-008,LINE-03,S2,Cleaning,10.6,No
DT-007068,2026-03-04,M-006,LINE-02,S1,Mechanical Failure,46.8,No
DT-007069,2026-02-14,M-011,LINE-04,S2,Mechanical Failure,12.3,No
DT-007070,2026-04-22,M-011,LINE-04,S3,Mechanical Failure,62.1,No
DT-007071,2026-04-13,M-004,LINE-02,S1,Mechanical Failure,54.5,No
DT-007072,2026-05-21,M-010,LINE-04,S3,Electrical Failure,42.5,No
DT-007073,2026-01-08,M-011,LINE-04,S1,Operator Delay,12.9,No
DT-007074,2026-02-25,M-008,LINE-03,S3,Electrical Failure,5.8,No
DT-007075,2026-06-26,M-002,LINE-01,S2,Material Shortage,51.5,No
DT-007076,2026-01-02,M-001,LINE-01,S3,Mechanical Failure,48.9,No
DT-007077,2026-06-17,M-002,LINE-01,S1,Material Shortage,3.0,No
DT-007078,2026-01-04,M-010,LINE-04,S3,Mechanical Failure,62.9,No
DT-007079,2026-01-20,M-004,LINE-02,S1,Electrical Failure,44.3,No
DT-007080,2026-05-26,M-003,LINE-01,S3,Mechanical Failure,23.6,No
DT-007081,2026-06-27,M-004,LINE-02,S2,Material Shortage,8.5,No
DT-007082,2026-02-14,M-009,LINE-03,S2,Material Shortage,69.4,No
DT-007083,2026-02-17,M-007,LINE-03,S1,Cleaning,23.8,No
DT-007084,2026-04-15,M-010,LINE-04,S2,Material Shortage,22.0,No
DT-007085,2026-02-28,M-009,LINE-03,S2,Preventive Maintenance,29.6,Yes
DT-007086,2026-03-14,M-009,LINE-03,S1,Mechanical Failure,12.5,No
DT-007087,2026-05-29,M-011,LINE-04,S1,Mechanical Failure,32.2,No
DT-007088,2026-02-06,M-011,LINE-04,S2,Material Shortage,91.6,No
DT-007089,2026-01-11,M-008,LINE-03,S1,Mechanical Failure,38.7,No
DT-007090,2026-05-09,M-008,LINE-03,S1,Electrical Failure,18.1,No
DT-007091,2026-03-05,M-008,LINE-03,S2,Mechanical Failure,5.5,No
DT-007092,2026-02-17,M-012,LINE-04,S2,Cleaning,4.4,No
DT-007093,2026-03-24,M-007,LINE-03,S2,Operator Delay,35.8,No
DT-007094,2026-01-19,M-006,LINE-02,S2,Electrical Failure,10.2,No
DT-007095,2026-04-03,M-005,LINE-02,S3,Mechanical Failure,60.2,No
DT-007096,2026-06-13,M-007,LINE-03,S2,Preventive Maintenance,86.3,Yes
DT-007097,2026-05-10,M-006,LINE-02,S1,Changeover,17.1,Yes
DT-007098,2026-02-19,M-004,LINE-02,S1,Material Shortage,42.0,No
DT-007099,2026-02-12,M-007,LINE-03,S2,Preventive Maintenance,25.9,Yes
DT-007100,2026-03-03,M-012,LINE-04,S2,Electrical Failure,14.8,No
DT-007101,2026-02-06,M-003,LINE-01,S2,Operator Delay,25.3,No
DT-007102,2026-03-27,M-009,LINE-03,S2,Material Shortage,14.9,No
DT-007103,2026-03-24,M-007,LINE-03,S1,Material Shortage,8.6,No
DT-007104,2026-03-20,M-001,LINE-01,S2,Cleaning,21.5,No
DT-007105,2026-03-08,M-012,LINE-04,S1,Operator Delay,17.0,No
DT-007106,2026-06-30,M-007,LINE-03,S2,Changeover,8.4,Yes
DT-007107,2026-03-29,M-010,LINE-04,S1,Cleaning,11.4,No
DT-007108,2026-04-22,M-007,LINE-03,S3,Material Shortage,15.5,No
DT-007109,2026-05-08,M-010,LINE-04,S1,Mechanical Failure,16.9,No
DT-007110,2026-05-29,M-001,LINE-01,S3,Material Shortage,36.9,No
DT-007111,2026-05-01,M-011,LINE-04,S1,Mechanical Failure,42.2,No
DT-007112,2026-01-26,M-007,LINE-03,S1,Mechanical Failure,18.4,No
DT-007113,2026-02-08,M-007,LINE-03,S1,Cleaning,12.9,No
DT-007114,2026-03-18,M-012,LINE-04,S3,Mechanical Failure,101.6,No
DT-007115,2026-04-01,M-003,LINE-01,S2,Electrical Failure,11.8,No
DT-007116,2026-06-22,M-009,LINE-03,S1,Quality Hold,19.6,No
DT-007117,2026-04-06,M-004,LINE-02,S1,Material Shortage,18.4,No
DT-007118,2026-02-04,M-003,LINE-01,S1,Operator Delay,6.1,No
DT-007119,2026-03-16,M-009,LINE-03,S2,Cleaning,43.1,No
DT-007120,2026-05-13,M-003,LINE-01,S2,Mechanical Failure,23.8,No
DT-007121,2026-03-16,M-009,LINE-03,S1,Operator Delay,20.4,No
DT-007122,2026-03-28,M-010,LINE-04,S3,Electrical Failure,11.0,No
DT-007123,2026-01-08,M-005,LINE-02,S1,Changeover,46.8,Yes
DT-007124,2026-05-29,M-009,LINE-03,S3,Mechanical Failure,20.6,No
DT-007125,2026-04-17,M-010,LINE-04,S1,Mechanical Failure,47.9,No
DT-007126,2026-03-17,M-004,LINE-02,S1,Mechanical Failure,39.1,No
DT-007127,2026-04-12,M-012,LINE-04,S2,Electrical Failure,144.9,No
DT-007128,2026-05-28,M-009,LINE-03,S2,Cleaning,23.9,No
DT-007129,2026-06-20,M-011,LINE-04,S3,Quality Hold,7.2,No
DT-007130,2026-04-05,M-010,LINE-04,S1,Mechanical Failure,19.8,No
DT-007131,2026-01-12,M-006,LINE-02,S1,Mechanical Failure,89.7,No
DT-007132,2026-03-26,M-009,LINE-03,S2,Operator Delay,3.0,No
DT-007133,2026-05-14,M-002,LINE-01,S3,Changeover,3.7,Yes
DT-007134,2026-03-19,M-009,LINE-03,S1,Material Shortage,75.6,No
DT-007135,2026-04-08,M-002,LINE-01,S2,Material Shortage,27.3,No
DT-007136,2026-05-26,M-001,LINE-01,S1,Quality Hold,24.4,No
DT-007137,2026-05-05,M-008,LINE-03,S2,Cleaning,13.2,No
DT-007138,2026-04-17,M-008,LINE-03,S1,Changeover,10.4,Yes
DT-007139,2026-05-20,M-004,LINE-02,S2,Operator Delay,55.7,No
DT-007140,2026-01-02,M-012,LINE-04,S2,Operator Delay,22.1,No
DT-007141,2026-06-28,M-001,LINE-01,S1,Preventive Maintenance,4.2,Yes
DT-007142,2026-04-04,M-008,LINE-03,S2,Cleaning,6.6,No
DT-007143,2026-04-21,M-003,LINE-01,S2,Mechanical Failure,29.1,No
DT-007144,2026-04-01,M-004,LINE-02,S3,Electrical Failure,21.7,No
DT-007145,2026-01-24,M-002,LINE-01,S1,Material Shortage,21.5,No
DT-007146,2026-05-06,M-011,LINE-04,S2,Material Shortage,10.2,No
DT-007147,2026-06-03,M-012,LINE-04,S2,Mechanical Failure,15.8,No
DT-007148,2026-04-28,M-006,LINE-02,S1,Changeover,3.0,Yes
DT-007149,2026-03-06,M-009,LINE-03,S2,Cleaning,22.4,No
DT-007150,2026-05-29,M-012,LINE-04,S1,Changeover,28.1,Yes
DT-007151,2026-03-29,M-001,LINE-01,S3,Mechanical Failure,40.3,No
DT-007152,2026-01-28,M-012,LINE-04,S1,Mechanical Failure,130.5,No
DT-007153,2026-03-02,M-001,LINE-01,S1,Mechanical Failure,24.0,No
DT-007154,2026-03-13,M-005,LINE-02,S2,Material Shortage,7.5,No
DT-007155,2026-01-10,M-005,LINE-02,S1,Mechanical Failure,36.5,No
DT-007156,2026-06-19,M-004,LINE-02,S1,Mechanical Failure,35.4,No
DT-007157,2026-06-26,M-004,LINE-02,S1,Mechanical Failure,95.1,No
DT-007158,2026-01-06,M-009,LINE-03,S2,Material Shortage,22.5,No
DT-007159,2026-02-19,M-010,LINE-04,S2,Electrical Failure,23.8,No
DT-007160,2026-03-20,M-005,LINE-02,S3,Quality Hold,16.1,No
DT-007161,2026-05-09,M-010,LINE-04,S2,Mechanical Failure,80.7,No
DT-007162,2026-06-29,M-007,LINE-03,S1,Material Shortage,24.1,No
DT-007163,2026-05-30,M-001,LINE-01,S3,Operator Delay,10.7,No
DT-007164,2026-04-11,M-011,LINE-04,S1,Material Shortage,9.8,No
DT-007165,2026-01-29,M-002,LINE-01,S1,Electrical Failure,29.5,No
DT-007166,2026-06-11,M-004,LINE-02,S1,Material Shortage,62.6,No
DT-007167,2026-06-08,M-010,LINE-04,S1,Operator Delay,26.6,No
DT-007168,2026-01-13,M-010,LINE-04,S1,Material Shortage,6.3,No
DT-007169,2026-01-11,M-009,LINE-03,S2,Mechanical Failure,40.8,No
DT-007170,2026-03-02,M-001,LINE-01,S1,Material Shortage,12.0,No
DT-007171,2026-04-23,M-009,LINE-03,S1,Mechanical Failure,87.8,No
DT-007172,2026-06-15,M-006,LINE-02,S2,Cleaning,9.7,No
DT-007173,2026-04-03,M-005,LINE-02,S2,Mechanical Failure,13.9,No
DT-007174,2026-01-22,M-008,LINE-03,S1,Material Shortage,29.9,No
DT-007175,2026-05-29,M-009,LINE-03,S1,Cleaning,3.0,No
DT-007176,2026-06-02,M-001,LINE-01,S1,Mechanical Failure,34.6,No
DT-007177,2026-02-14,M-002,LINE-01,S1,Changeover,24.6,Yes
DT-007178,2026-03-21,M-010,LINE-04,S1,Cleaning,12.1,No
DT-007179,2026-02-08,M-011,LINE-04,S3,Mechanical Failure,32.5,No
DT-007180,2026-02-09,M-005,LINE-02,S1,Changeover,31.8,Yes
DT-007181,2026-02-23,M-007,LINE-03,S3,Mechanical Failure,72.3,No
DT-007182,2026-01-08,M-008,LINE-03,S1,Electrical Failure,10.7,No
DT-007183,2026-06-06,M-002,LINE-01,S2,Changeover,29.4,Yes
DT-007184,2026-02-24,M-001,LINE-01,S1,Mechanical Failure,26.0,No
DT-007185,2026-02-04,M-003,LINE-01,S1,Cleaning,6.3,No
DT-007186,2026-01-22,M-002,LINE-01,S3,Electrical Failure,90.8,No
DT-007187,2026-02-07,M-010,LINE-04,S2,Mechanical Failure,25.5,No
DT-007188,2026-04-10,M-005,LINE-02,S1,Mechanical Failure,3.0,No
DT-007189,2026-01-03,M-009,LINE-03,S1,Electrical Failure,30.7,No
DT-007190,2026-06-14,M-004,LINE-02,S1,Changeover,23.4,Yes
DT-007191,2026-02-25,M-008,LINE-03,S1,Electrical Failure,10.2,No
DT-007192,2026-06-22,M-009,LINE-03,S1,Material Shortage,7.1,No
DT-007193,2026-01-23,M-007,LINE-03,S1,Mechanical Failure,40.4,No
DT-007194,2026-01-01,M-009,LINE-03,S3,Mechanical Failure,16.7,No
DT-007195,2026-05-29,M-003,LINE-01,S2,Mechanical Failure,33.6,No
DT-007196,2026-06-26,M-010,LINE-04,S1,Changeover,62.0,Yes
DT-007197,2026-06-30,M-004,LINE-02,S1,Electrical Failure,41.1,No
DT-007198,2026-04-24,M-002,LINE-01,S1,Mechanical Failure,23.1,No
DT-007199,2026-04-21,M-012,LINE-04,S1,Material Shortage,49.3,No
DT-007200,2026-02-22,M-010,LINE-04,S3,Mechanical Failure,9.6,No
DT-007201,2026-06-27,M-007,LINE-03,S3,Mechanical Failure,23.1,No
DT-007202,2026-06-17,M-012,LINE-04,S1,Changeover,24.8,Yes
DT-007203,2026-03-17,M-008,LINE-03,S2,Mechanical Failure,55.7,No
DT-007204,2026-01-31,M-004,LINE-02,S1,Cleaning,16.4,No
DT-007205,2026-01-05,M-003,LINE-01,S1,Operator Delay,10.6,No
DT-007206,2026-02-13,M-005,LINE-02,S1,Mechanical Failure,11.5,No
DT-007207,2026-04-06,M-002,LINE-01,S1,Changeover,18.0,Yes
DT-007208,2026-04-04,M-003,LINE-01,S3,Operator Delay,29.2,No
DT-007209,2026-06-17,M-010,LINE-04,S2,Operator Delay,35.6,No
DT-007210,2026-05-26,M-007,LINE-03,S2,Operator Delay,45.8,No
DT-007211,2026-04-06,M-005,LINE-02,S2,Mechanical Failure,26.4,No
DT-007212,2026-01-01,M-009,LINE-03,S2,Mechanical Failure,10.6,No
DT-007213,2026-05-17,M-005,LINE-02,S2,Electrical Failure,37.4,No
DT-007214,2026-03-23,M-004,LINE-02,S1,Cleaning,7.1,No
DT-007215,2026-02-22,M-003,LINE-01,S3,Mechanical Failure,32.7,No
DT-007216,2026-05-14,M-012,LINE-04,S2,Operator Delay,22.3,No
DT-007217,2026-02-13,M-010,LINE-04,S1,Mechanical Failure,57.7,No
DT-007218,2026-02-21,M-006,LINE-02,S2,Mechanical Failure,93.8,No
DT-007219,2026-01-04,M-004,LINE-02,S2,Electrical Failure,27.3,No
DT-007220,2026-03-30,M-002,LINE-01,S1,Material Shortage,53.2,No
DT-007221,2026-06-23,M-010,LINE-04,S3,Mechanical Failure,14.8,No
DT-007222,2026-04-28,M-010,LINE-04,S1,Electrical Failure,11.4,No
DT-007223,2026-01-27,M-006,LINE-02,S1,Mechanical Failure,131.6,No
DT-007224,2026-04-24,M-007,LINE-03,S1,Cleaning,11.0,No
DT-007225,2026-06-07,M-010,LINE-04,S1,Cleaning,6.6,No
DT-007226,2026-05-16,M-007,LINE-03,S2,Cleaning,8.4,No
DT-007227,2026-02-01,M-006,LINE-02,S2,Material Shortage,33.2,No
DT-007228,2026-03-26,M-004,LINE-02,S2,Electrical Failure,17.8,No
DT-007229,2026-03-26,M-007,LINE-03,S1,Material Shortage,31.4,No
DT-007230,2026-02-22,M-001,LINE-01,S3,Preventive Maintenance,5.8,Yes
DT-007231,2026-04-08,M-007,LINE-03,S3,Mechanical Failure,46.9,No
DT-007232,2026-04-02,M-005,LINE-02,S2,Electrical Failure,13.9,No
DT-007233,2026-06-03,M-001,LINE-01,S1,Mechanical Failure,24.1,No
DT-007234,2026-03-10,M-009,LINE-03,S2,Electrical Failure,35.6,No
DT-007235,2026-02-13,M-004,LINE-02,S2,Mechanical Failure,59.3,No
DT-007236,2026-02-09,M-010,LINE-04,S2,Changeover,10.1,Yes
DT-007237,2026-01-02,M-002,LINE-01,S1,Electrical Failure,92.2,No
DT-007238,2026-03-20,M-011,LINE-04,S2,Electrical Failure,52.5,No
DT-007239,2026-01-15,M-010,LINE-04,S2,Material Shortage,62.4,No
DT-007240,2026-06-01,M-001,LINE-01,S3,Material Shortage,14.1,No
DT-007241,2026-05-12,M-001,LINE-01,S2,Mechanical Failure,25.4,No
DT-007242,2026-01-29,M-008,LINE-03,S1,Electrical Failure,6.5,No
DT-007243,2026-01-01,M-011,LINE-04,S1,Mechanical Failure,30.7,No
DT-007244,2026-05-08,M-003,LINE-01,S2,Operator Delay,16.9,No
DT-007245,2026-01-16,M-003,LINE-01,S1,Material Shortage,27.9,No
DT-007246,2026-06-04,M-008,LINE-03,S1,Mechanical Failure,18.3,No
DT-007247,2026-03-13,M-002,LINE-01,S1,Operator Delay,3.0,No
DT-007248,2026-04-18,M-001,LINE-01,S1,Electrical Failure,30.7,No
DT-007249,2026-03-27,M-012,LINE-04,S2,Electrical Failure,11.6,No
DT-007250,2026-06-25,M-012,LINE-04,S2,Electrical Failure,94.4,No
DT-007251,2026-06-23,M-010,LINE-04,S2,Mechanical Failure,3.0,No
DT-007252,2026-01-14,M-002,LINE-01,S2,Electrical Failure,18.7,No
DT-007253,2026-01-29,M-004,LINE-02,S2,Material Shortage,3.0,No
DT-007254,2026-06-06,M-011,LINE-04,S1,Electrical Failure,70.4,No
DT-007255,2026-01-14,M-012,LINE-04,S3,Cleaning,3.0,No
DT-007256,2026-02-08,M-002,LINE-01,S3,Material Shortage,17.9,No
DT-007257,2026-05-03,M-008,LINE-03,S1,Cleaning,22.1,No
DT-007258,2026-03-03,M-011,LINE-04,S1,Cleaning,26.0,No
DT-007259,2026-03-10,M-001,LINE-01,S1,Electrical Failure,22.8,No
DT-007260,2026-06-26,M-011,LINE-04,S2,Quality Hold,9.4,No
DT-007261,2026-05-05,M-001,LINE-01,S1,Material Shortage,12.2,No
DT-007262,2026-06-19,M-008,LINE-03,S1,Material Shortage,27.9,No
DT-007263,2026-05-12,M-002,LINE-01,S3,Mechanical Failure,23.9,No
DT-007264,2026-01-07,M-003,LINE-01,S1,Operator Delay,12.2,No
DT-007265,2026-04-13,M-011,LINE-04,S1,Changeover,5.9,Yes
DT-007266,2026-01-24,M-009,LINE-03,S3,Quality Hold,3.2,No
DT-007267,2026-06-26,M-011,LINE-04,S2,Operator Delay,39.5,No
DT-007268,2026-03-29,M-009,LINE-03,S1,Mechanical Failure,80.0,No
DT-007269,2026-04-10,M-002,LINE-01,S2,Mechanical Failure,4.9,No
DT-007270,2026-05-28,M-001,LINE-01,S3,Changeover,17.4,Yes
DT-007271,2026-04-22,M-011,LINE-04,S2,Mechanical Failure,37.1,No
DT-007272,2026-03-10,M-011,LINE-04,S3,Material Shortage,23.7,No
DT-007273,2026-03-13,M-009,LINE-03,S2,Changeover,12.6,Yes
DT-007274,2026-01-25,M-004,LINE-02,S1,Mechanical Failure,8.6,No
DT-007275,2026-03-25,M-009,LINE-03,S3,Operator Delay,3.0,No
DT-007276,2026-04-15,M-011,LINE-04,S3,Electrical Failure,32.2,No
DT-007277,2026-03-06,M-005,LINE-02,S2,Mechanical Failure,41.6,No
DT-007278,2026-06-29,M-009,LINE-03,S3,Changeover,26.9,Yes
DT-007279,2026-03-19,M-010,LINE-04,S3,Material Shortage,31.6,No
DT-007280,2026-01-18,M-004,LINE-02,S2,Mechanical Failure,30.3,No
DT-007281,2026-04-12,M-006,LINE-02,S1,Mechanical Failure,124.7,No
DT-007282,2026-03-01,M-009,LINE-03,S2,Electrical Failure,55.2,No
DT-007283,2026-01-30,M-012,LINE-04,S2,Material Shortage,35.2,No
DT-007284,2026-01-31,M-001,LINE-01,S1,Mechanical Failure,91.8,No
DT-007285,2026-02-17,M-005,LINE-02,S1,Quality Hold,19.0,No
DT-007286,2026-05-02,M-006,LINE-02,S2,Changeover,23.8,Yes
DT-007287,2026-03-14,M-001,LINE-01,S2,Electrical Failure,35.4,No
DT-007288,2026-01-30,M-005,LINE-02,S2,Changeover,17.8,Yes
DT-007289,2026-05-18,M-003,LINE-01,S1,Changeover,5.0,Yes
DT-007290,2026-06-10,M-008,LINE-03,S2,Operator Delay,25.6,No
DT-007291,2026-05-08,M-010,LINE-04,S1,Preventive Maintenance,12.3,Yes
DT-007292,2026-03-01,M-010,LINE-04,S1,Electrical Failure,35.4,No
DT-007293,2026-04-13,M-011,LINE-04,S3,Electrical Failure,66.6,No
DT-007294,2026-03-31,M-011,LINE-04,S1,Preventive Maintenance,4.1,Yes
DT-007295,2026-03-04,M-001,LINE-01,S1,Material Shortage,12.3,No
DT-007296,2026-02-13,M-008,LINE-03,S2,Mechanical Failure,65.0,No
DT-007297,2026-01-11,M-002,LINE-01,S3,Material Shortage,31.9,No
DT-007298,2026-01-12,M-010,LINE-04,S1,Mechanical Failure,8.3,No
DT-007299,2026-02-20,M-005,LINE-02,S3,Changeover,3.0,Yes
DT-007300,2026-06-28,M-006,LINE-02,S1,Material Shortage,24.4,No
DT-007301,2026-05-11,M-003,LINE-01,S1,Changeover,13.3,Yes
DT-007302,2026-01-31,M-001,LINE-01,S2,Mechanical Failure,46.3,No
DT-007303,2026-03-10,M-003,LINE-01,S1,Cleaning,16.9,No
DT-007304,2026-02-05,M-006,LINE-02,S1,Mechanical Failure,78.0,No
DT-007305,2026-05-29,M-011,LINE-04,S3,Material Shortage,39.0,No
DT-007306,2026-05-03,M-008,LINE-03,S2,Material Shortage,50.6,No
DT-007307,2026-05-08,M-008,LINE-03,S1,Changeover,21.4,Yes
DT-007308,2026-01-05,M-011,LINE-04,S1,Material Shortage,27.5,No
DT-007309,2026-01-14,M-008,LINE-03,S3,Mechanical Failure,38.9,No
DT-007310,2026-05-20,M-006,LINE-02,S3,Quality Hold,7.4,No
DT-007311,2026-04-09,M-004,LINE-02,S3,Electrical Failure,11.8,No
DT-007312,2026-06-28,M-005,LINE-02,S2,Material Shortage,34.0,No
DT-007313,2026-01-05,M-003,LINE-01,S2,Mechanical Failure,91.0,No
DT-007314,2026-05-31,M-008,LINE-03,S3,Quality Hold,22.2,No
DT-007315,2026-03-31,M-001,LINE-01,S2,Mechanical Failure,44.4,No
DT-007316,2026-05-27,M-006,LINE-02,S3,Mechanical Failure,25.4,No
DT-007317,2026-04-04,M-001,LINE-01,S3,Cleaning,7.2,No
DT-007318,2026-01-12,M-007,LINE-03,S3,Quality Hold,3.0,No
DT-007319,2026-06-10,M-012,LINE-04,S3,Operator Delay,18.9,No
DT-007320,2026-01-25,M-012,LINE-04,S3,Mechanical Failure,51.6,No
DT-007321,2026-06-29,M-007,LINE-03,S3,Mechanical Failure,7.5,No
DT-007322,2026-01-08,M-004,LINE-02,S1,Mechanical Failure,6.0,No
DT-007323,2026-05-05,M-002,LINE-01,S3,Changeover,24.7,Yes
DT-007324,2026-01-31,M-011,LINE-04,S2,Electrical Failure,61.7,No
DT-007325,2026-04-17,M-006,LINE-02,S3,Mechanical Failure,96.3,No
DT-007326,2026-01-13,M-008,LINE-03,S2,Material Shortage,20.4,No
DT-007327,2026-06-16,M-010,LINE-04,S3,Preventive Maintenance,32.2,Yes
DT-007328,2026-06-17,M-004,LINE-02,S1,Preventive Maintenance,12.5,Yes
DT-007329,2026-01-02,M-008,LINE-03,S2,Changeover,41.3,Yes
DT-007330,2026-04-10,M-005,LINE-02,S3,Material Shortage,40.9,No
DT-007331,2026-06-06,M-006,LINE-02,S3,Cleaning,21.2,No
DT-007332,2026-05-14,M-002,LINE-01,S2,Quality Hold,33.7,No
DT-007333,2026-01-01,M-008,LINE-03,S1,Operator Delay,13.7,No
DT-007334,2026-05-17,M-003,LINE-01,S3,Electrical Failure,69.7,No
DT-007335,2026-04-11,M-007,LINE-03,S1,Material Shortage,9.9,No
DT-007336,2026-03-29,M-012,LINE-04,S3,Electrical Failure,15.2,No
DT-007337,2026-05-15,M-012,LINE-04,S2,Cleaning,6.1,No
DT-007338,2026-01-31,M-011,LINE-04,S1,Cleaning,13.3,No
DT-007339,2026-05-25,M-012,LINE-04,S1,Electrical Failure,29.8,No
DT-007340,2026-04-02,M-012,LINE-04,S2,Mechanical Failure,30.8,No
DT-007341,2026-05-20,M-005,LINE-02,S2,Electrical Failure,5.2,No
DT-007342,2026-02-17,M-009,LINE-03,S1,Electrical Failure,9.1,No
DT-007343,2026-02-01,M-001,LINE-01,S1,Preventive Maintenance,34.7,Yes
DT-007344,2026-01-25,M-002,LINE-01,S2,Mechanical Failure,85.4,No
DT-007345,2026-06-23,M-001,LINE-01,S3,Changeover,16.7,Yes
DT-007346,2026-05-02,M-005,LINE-02,S1,Electrical Failure,41.3,No
DT-007347,2026-04-20,M-002,LINE-01,S1,Electrical Failure,47.4,No
DT-007348,2026-06-13,M-008,LINE-03,S2,Mechanical Failure,37.9,No
DT-007349,2026-02-06,M-002,LINE-01,S2,Mechanical Failure,14.3,No
DT-007350,2026-01-25,M-010,LINE-04,S2,Mechanical Failure,50.3,No
DT-007351,2026-04-30,M-008,LINE-03,S3,Electrical Failure,17.7,No
DT-007352,2026-04-07,M-011,LINE-04,S3,Electrical Failure,28.1,No
DT-007353,2026-04-15,M-009,LINE-03,S2,Electrical Failure,5.9,No
DT-007354,2026-04-19,M-003,LINE-01,S3,Electrical Failure,53.3,No
DT-007355,2026-03-27,M-003,LINE-01,S3,Preventive Maintenance,45.4,Yes
DT-007356,2026-03-19,M-011,LINE-04,S3,Electrical Failure,31.4,No
DT-007357,2026-05-25,M-009,LINE-03,S3,Mechanical Failure,28.9,No
DT-007358,2026-03-10,M-011,LINE-04,S2,Electrical Failure,47.4,No
DT-007359,2026-01-13,M-011,LINE-04,S2,Changeover,55.0,Yes
DT-007360,2026-05-31,M-010,LINE-04,S1,Mechanical Failure,21.3,No
DT-007361,2026-04-09,M-011,LINE-04,S1,Changeover,5.8,Yes
DT-007362,2026-03-14,M-009,LINE-03,S1,Preventive Maintenance,78.7,Yes
DT-007363,2026-05-04,M-011,LINE-04,S2,Operator Delay,11.3,No
DT-007364,2026-05-15,M-009,LINE-03,S3,Operator Delay,4.0,No
DT-007365,2026-05-14,M-004,LINE-02,S1,Mechanical Failure,52.8,No
DT-007366,2026-02-16,M-005,LINE-02,S1,Material Shortage,87.8,No
DT-007367,2026-01-15,M-004,LINE-02,S1,Quality Hold,21.5,No
DT-007368,2026-04-24,M-012,LINE-04,S3,Cleaning,7.3,No
DT-007369,2026-05-28,M-010,LINE-04,S1,Mechanical Failure,24.0,No
DT-007370,2026-05-26,M-006,LINE-02,S1,Mechanical Failure,13.3,No
DT-007371,2026-02-03,M-001,LINE-01,S2,Operator Delay,28.7,No
DT-007372,2026-01-15,M-010,LINE-04,S1,Preventive Maintenance,16.9,Yes
DT-007373,2026-06-21,M-001,LINE-01,S3,Material Shortage,21.3,No
DT-007374,2026-02-26,M-006,LINE-02,S2,Mechanical Failure,14.1,No
DT-007375,2026-02-25,M-009,LINE-03,S1,Mechanical Failure,49.7,No
DT-007376,2026-01-21,M-012,LINE-04,S1,Changeover,86.8,Yes
DT-007377,2026-01-21,M-009,LINE-03,S1,Mechanical Failure,23.3,No
DT-007378,2026-03-14,M-010,LINE-04,S3,Electrical Failure,10.2,No
DT-007379,2026-03-21,M-005,LINE-02,S2,Material Shortage,41.9,No
DT-007380,2026-04-08,M-008,LINE-03,S3,Mechanical Failure,59.6,No
DT-007381,2026-02-06,M-009,LINE-03,S3,Mechanical Failure,18.6,No
DT-007382,2026-03-30,M-003,LINE-01,S2,Changeover,19.6,Yes
DT-007383,2026-02-14,M-011,LINE-04,S1,Changeover,61.0,Yes
DT-007384,2026-04-20,M-009,LINE-03,S2,Mechanical Failure,36.5,No
DT-007385,2026-05-11,M-005,LINE-02,S3,Mechanical Failure,30.3,No
DT-007386,2026-03-20,M-004,LINE-02,S3,Mechanical Failure,28.4,No
DT-007387,2026-03-20,M-005,LINE-02,S1,Material Shortage,5.2,No
DT-007388,2026-03-12,M-007,LINE-03,S2,Operator Delay,8.6,No
DT-007389,2026-01-19,M-003,LINE-01,S1,Preventive Maintenance,8.0,Yes
DT-007390,2026-03-13,M-009,LINE-03,S1,Material Shortage,14.9,No
DT-007391,2026-05-17,M-011,LINE-04,S1,Changeover,41.6,Yes
DT-007392,2026-03-24,M-012,LINE-04,S1,Changeover,44.5,Yes
DT-007393,2026-06-28,M-009,LINE-03,S1,Quality Hold,70.4,No
DT-007394,2026-04-26,M-002,LINE-01,S1,Mechanical Failure,10.3,No
DT-007395,2026-06-19,M-012,LINE-04,S2,Material Shortage,68.4,No
DT-007396,2026-06-05,M-010,LINE-04,S2,Mechanical Failure,26.7,No
DT-007397,2026-01-18,M-010,LINE-04,S2,Material Shortage,29.2,No
DT-007398,2026-01-13,M-012,LINE-04,S1,Electrical Failure,18.1,No
DT-007399,2026-01-21,M-001,LINE-01,S2,Mechanical Failure,31.3,No
DT-007400,2026-03-26,M-007,LINE-03,S1,Mechanical Failure,36.9,No
DT-007401,2026-02-01,M-012,LINE-04,S1,Electrical Failure,18.1,No
DT-007402,2026-01-15,M-010,LINE-04,S2,Electrical Failure,15.2,No
DT-007403,2026-03-07,M-008,LINE-03,S2,Operator Delay,3.5,No
DT-007404,2026-02-25,M-011,LINE-04,S3,Material Shortage,26.0,No
DT-007405,2026-04-21,M-012,LINE-04,S1,Mechanical Failure,115.3,No
DT-007406,2026-06-28,M-008,LINE-03,S1,Electrical Failure,49.2,No
DT-007407,2026-04-14,M-011,LINE-04,S1,Changeover,13.7,Yes
DT-007408,2026-01-22,M-008,LINE-03,S1,Mechanical Failure,24.0,No
DT-007409,2026-06-29,M-007,LINE-03,S1,Mechanical Failure,32.3,No
DT-007410,2026-02-13,M-006,LINE-02,S1,Electrical Failure,72.7,No
DT-007411,2026-04-01,M-007,LINE-03,S1,Mechanical Failure,180.0,No
DT-007412,2026-01-09,M-009,LINE-03,S1,Cleaning,31.3,No
DT-007413,2026-04-01,M-003,LINE-01,S2,Mechanical Failure,50.9,No
DT-007414,2026-06-20,M-009,LINE-03,S1,Preventive Maintenance,6.6,Yes
DT-007415,2026-02-24,M-008,LINE-03,S1,Cleaning,3.0,No
DT-007416,2026-01-30,M-010,LINE-04,S1,Electrical Failure,17.6,No
DT-007417,2026-02-22,M-006,LINE-02,S1,Quality Hold,53.2,No
DT-007418,2026-06-30,M-008,LINE-03,S2,Cleaning,8.9,No
DT-007419,2026-01-02,M-011,LINE-04,S3,Quality Hold,36.3,No
DT-007420,2026-01-02,M-011,LINE-04,S3,Mechanical Failure,21.5,No
DT-007421,2026-02-12,M-004,LINE-02,S1,Mechanical Failure,12.5,No
DT-007422,2026-04-25,M-002,LINE-01,S1,Mechanical Failure,78.6,No
DT-007423,2026-06-21,M-002,LINE-01,S2,Mechanical Failure,68.8,No
DT-007424,2026-06-22,M-009,LINE-03,S1,Preventive Maintenance,31.5,Yes
DT-007425,2026-06-01,M-008,LINE-03,S1,Electrical Failure,28.1,No
DT-007426,2026-05-19,M-004,LINE-02,S2,Changeover,3.0,Yes
DT-007427,2026-02-06,M-009,LINE-03,S2,Changeover,24.0,Yes
DT-007428,2026-06-26,M-004,LINE-02,S2,Mechanical Failure,8.5,No
DT-007429,2026-04-08,M-008,LINE-03,S1,Quality Hold,99.9,No
DT-007430,2026-04-27,M-012,LINE-04,S3,Electrical Failure,43.4,No
DT-007431,2026-01-23,M-008,LINE-03,S1,Mechanical Failure,130.7,No
DT-007432,2026-03-21,M-006,LINE-02,S2,Material Shortage,44.2,No
DT-007433,2026-04-24,M-004,LINE-02,S2,Electrical Failure,25.8,No
DT-007434,2026-04-15,M-002,LINE-01,S1,Material Shortage,42.1,No
DT-007435,2026-04-12,M-008,LINE-03,S1,Mechanical Failure,50.1,No
DT-007436,2026-03-10,M-012,LINE-04,S2,Preventive Maintenance,4.4,Yes
DT-007437,2026-06-15,M-006,LINE-02,S3,Mechanical Failure,31.7,No
DT-007438,2026-04-21,M-003,LINE-01,S1,Operator Delay,12.1,No
DT-007439,2026-01-10,M-004,LINE-02,S1,Mechanical Failure,27.5,No
DT-007440,2026-03-26,M-012,LINE-04,S1,Changeover,8.0,Yes
DT-007441,2026-04-19,M-012,LINE-04,S1,Electrical Failure,75.4,No
DT-007442,2026-04-15,M-009,LINE-03,S2,Mechanical Failure,67.9,No
DT-007443,2026-01-05,M-010,LINE-04,S2,Mechanical Failure,57.2,No
DT-007444,2026-05-31,M-008,LINE-03,S3,Material Shortage,20.1,No
DT-007445,2026-03-26,M-006,LINE-02,S2,Operator Delay,3.0,No
DT-007446,2026-04-18,M-010,LINE-04,S2,Changeover,9.8,Yes
DT-007447,2026-02-06,M-002,LINE-01,S1,Electrical Failure,42.1,No
DT-007448,2026-06-14,M-007,LINE-03,S2,Material Shortage,84.1,No
DT-007449,2026-01-02,M-008,LINE-03,S2,Changeover,4.8,Yes
DT-007450,2026-05-02,M-003,LINE-01,S2,Electrical Failure,57.9,No
DT-007451,2026-06-26,M-004,LINE-02,S3,Preventive Maintenance,52.1,Yes
DT-007452,2026-06-18,M-010,LINE-04,S1,Preventive Maintenance,5.5,Yes
DT-007453,2026-06-16,M-008,LINE-03,S3,Preventive Maintenance,23.4,Yes
DT-007454,2026-05-05,M-006,LINE-02,S2,Changeover,7.9,Yes
DT-007455,2026-03-22,M-006,LINE-02,S1,Operator Delay,19.7,No
DT-007456,2026-05-20,M-005,LINE-02,S2,Operator Delay,25.1,No
DT-007457,2026-01-19,M-003,LINE-01,S3,Mechanical Failure,46.4,No
DT-007458,2026-03-05,M-008,LINE-03,S1,Quality Hold,5.8,No
DT-007459,2026-04-07,M-012,LINE-04,S3,Cleaning,13.1,No
DT-007460,2026-01-25,M-010,LINE-04,S2,Mechanical Failure,52.2,No
DT-007461,2026-01-01,M-009,LINE-03,S2,Cleaning,12.2,No
DT-007462,2026-02-16,M-002,LINE-01,S1,Quality Hold,6.2,No
DT-007463,2026-02-18,M-008,LINE-03,S2,Mechanical Failure,106.4,No
DT-007464,2026-05-20,M-011,LINE-04,S3,Material Shortage,24.9,No
DT-007465,2026-03-17,M-010,LINE-04,S1,Electrical Failure,104.2,No
DT-007466,2026-02-16,M-004,LINE-02,S2,Material Shortage,9.9,No
DT-007467,2026-06-04,M-008,LINE-03,S1,Material Shortage,36.4,No
DT-007468,2026-06-03,M-002,LINE-01,S1,Changeover,32.9,Yes
DT-007469,2026-03-17,M-001,LINE-01,S1,Mechanical Failure,129.7,No
DT-007470,2026-01-21,M-004,LINE-02,S2,Mechanical Failure,39.3,No
DT-007471,2026-05-08,M-008,LINE-03,S3,Mechanical Failure,11.0,No
DT-007472,2026-05-05,M-002,LINE-01,S1,Material Shortage,27.9,No
DT-007473,2026-04-15,M-010,LINE-04,S2,Mechanical Failure,15.6,No
DT-007474,2026-02-19,M-006,LINE-02,S1,Material Shortage,45.4,No
DT-007475,2026-02-21,M-012,LINE-04,S2,Electrical Failure,44.0,No
DT-007476,2026-01-30,M-002,LINE-01,S2,Changeover,16.0,Yes
DT-007477,2026-01-16,M-004,LINE-02,S2,Mechanical Failure,84.1,No
DT-007478,2026-06-11,M-012,LINE-04,S1,Electrical Failure,16.7,No
DT-007479,2026-01-11,M-001,LINE-01,S3,Changeover,27.8,Yes
DT-007480,2026-06-27,M-001,LINE-01,S1,Electrical Failure,21.8,No
DT-007481,2026-01-05,M-001,LINE-01,S1,Electrical Failure,19.6,No
DT-007482,2026-06-29,M-003,LINE-01,S2,Material Shortage,16.8,No
DT-007483,2026-05-28,M-009,LINE-03,S1,Mechanical Failure,18.0,No
DT-007484,2026-02-26,M-011,LINE-04,S3,Mechanical Failure,20.1,No
DT-007485,2026-05-07,M-002,LINE-01,S2,Changeover,3.7,Yes
DT-007486,2026-03-26,M-007,LINE-03,S3,Mechanical Failure,38.9,No
DT-007487,2026-06-14,M-002,LINE-01,S1,Electrical Failure,14.8,No
DT-007488,2026-06-21,M-006,LINE-02,S2,Electrical Failure,27.1,No
DT-007489,2026-05-22,M-004,LINE-02,S2,Quality Hold,24.9,No
DT-007490,2026-01-08,M-011,LINE-04,S1,Mechanical Failure,16.5,No
DT-007491,2026-03-04,M-006,LINE-02,S3,Electrical Failure,41.2,No
DT-007492,2026-03-03,M-006,LINE-02,S3,Mechanical Failure,21.6,No
DT-007493,2026-02-25,M-006,LINE-02,S2,Quality Hold,50.0,No
DT-007494,2026-02-02,M-010,LINE-04,S1,Preventive Maintenance,3.4,Yes
DT-007495,2026-03-31,M-005,LINE-02,S2,Changeover,4.1,Yes
DT-007496,2026-01-26,M-003,LINE-01,S2,Changeover,27.0,Yes
DT-007497,2026-05-14,M-011,LINE-04,S2,Cleaning,20.3,No
DT-007498,2026-02-25,M-010,LINE-04,S1,Electrical Failure,29.4,No
DT-007499,2026-01-02,M-004,LINE-02,S2,Cleaning,57.1,No
DT-007500,2026-05-08,M-005,LINE-02,S1,Changeover,25.1,Yes
DT-007501,2026-05-08,M-005,LINE-02,S2,Preventive Maintenance,23.6,Yes
DT-007502,2026-02-14,M-011,LINE-04,S2,Mechanical Failure,17.3,No
DT-007503,2026-02-11,M-011,LINE-04,S3,Mechanical Failure,100.6,No
DT-007504,2026-06-07,M-012,LINE-04,S1,Mechanical Failure,21.8,No
DT-007505,2026-04-11,M-010,LINE-04,S1,Quality Hold,4.8,No
DT-007506,2026-03-10,M-006,LINE-02,S2,Electrical Failure,33.7,No
DT-007507,2026-02-14,M-011,LINE-04,S2,Mechanical Failure,64.5,No
DT-007508,2026-02-15,M-008,LINE-03,S2,Material Shortage,40.1,No
DT-007509,2026-05-05,M-004,LINE-02,S1,Material Shortage,22.1,No
DT-007510,2026-02-02,M-007,LINE-03,S1,Changeover,25.4,Yes
DT-007511,2026-06-21,M-008,LINE-03,S1,Mechanical Failure,21.3,No
DT-007512,2026-04-19,M-008,LINE-03,S1,Electrical Failure,16.5,No
DT-007513,2026-01-25,M-010,LINE-04,S1,Mechanical Failure,9.3,No
DT-007514,2026-02-04,M-009,LINE-03,S3,Cleaning,6.5,No
DT-007515,2026-05-24,M-008,LINE-03,S1,Mechanical Failure,9.3,No
DT-007516,2026-02-20,M-004,LINE-02,S1,Changeover,44.0,Yes
DT-007517,2026-05-16,M-007,LINE-03,S1,Mechanical Failure,79.5,No
DT-007518,2026-01-28,M-005,LINE-02,S2,Mechanical Failure,105.3,No
DT-007519,2026-05-15,M-002,LINE-01,S1,Mechanical Failure,19.8,No
DT-007520,2026-01-10,M-008,LINE-03,S1,Mechanical Failure,6.4,No
DT-007521,2026-06-20,M-005,LINE-02,S2,Material Shortage,25.4,No
DT-007522,2026-01-12,M-005,LINE-02,S1,Operator Delay,24.4,No
DT-007523,2026-03-16,M-001,LINE-01,S2,Electrical Failure,79.9,No
DT-007524,2026-02-15,M-004,LINE-02,S3,Material Shortage,43.4,No
DT-007525,2026-02-25,M-010,LINE-04,S1,Mechanical Failure,48.4,No
DT-007526,2026-05-07,M-005,LINE-02,S2,Electrical Failure,180.0,No
DT-007527,2026-02-07,M-009,LINE-03,S1,Material Shortage,51.9,No
DT-007528,2026-03-12,M-001,LINE-01,S1,Changeover,12.4,Yes
DT-007529,2026-06-25,M-002,LINE-01,S1,Cleaning,3.0,No
DT-007530,2026-06-07,M-003,LINE-01,S3,Mechanical Failure,34.2,No
DT-007531,2026-02-06,M-012,LINE-04,S3,Mechanical Failure,3.0,No
DT-007532,2026-03-19,M-009,LINE-03,S1,Preventive Maintenance,17.2,Yes
DT-007533,2026-02-17,M-007,LINE-03,S1,Mechanical Failure,37.5,No
DT-007534,2026-04-14,M-001,LINE-01,S1,Operator Delay,6.5,No
DT-007535,2026-04-24,M-005,LINE-02,S1,Changeover,56.8,Yes
DT-007536,2026-05-11,M-001,LINE-01,S3,Operator Delay,28.3,No
DT-007537,2026-05-05,M-011,LINE-04,S1,Changeover,24.1,Yes
DT-007538,2026-02-28,M-005,LINE-02,S2,Changeover,28.3,Yes
DT-007539,2026-05-18,M-003,LINE-01,S1,Material Shortage,24.4,No
DT-007540,2026-05-01,M-011,LINE-04,S1,Electrical Failure,34.6,No
DT-007541,2026-04-20,M-001,LINE-01,S2,Mechanical Failure,48.2,No
DT-007542,2026-01-15,M-007,LINE-03,S1,Mechanical Failure,60.0,No
DT-007543,2026-06-13,M-007,LINE-03,S2,Preventive Maintenance,24.4,Yes
DT-007544,2026-04-15,M-003,LINE-01,S1,Mechanical Failure,55.2,No
DT-007545,2026-04-27,M-012,LINE-04,S3,Electrical Failure,5.5,No
DT-007546,2026-03-19,M-008,LINE-03,S2,Material Shortage,16.3,No
DT-007547,2026-05-29,M-002,LINE-01,S1,Mechanical Failure,9.9,No
DT-007548,2026-05-27,M-012,LINE-04,S1,Material Shortage,24.1,No
DT-007549,2026-05-04,M-001,LINE-01,S2,Electrical Failure,78.3,No
DT-007550,2026-01-21,M-001,LINE-01,S1,Material Shortage,31.9,No
DT-007551,2026-05-04,M-006,LINE-02,S1,Mechanical Failure,7.7,No
DT-007552,2026-05-22,M-004,LINE-02,S3,Cleaning,24.8,No
DT-007553,2026-05-03,M-009,LINE-03,S2,Changeover,13.4,Yes
DT-007554,2026-03-13,M-008,LINE-03,S3,Electrical Failure,7.1,No
DT-007555,2026-06-14,M-004,LINE-02,S2,Mechanical Failure,36.7,No
DT-007556,2026-03-18,M-003,LINE-01,S3,Operator Delay,16.9,No
DT-007557,2026-04-26,M-010,LINE-04,S1,Cleaning,37.6,No
DT-007558,2026-01-30,M-002,LINE-01,S1,Preventive Maintenance,48.3,Yes
DT-007559,2026-05-08,M-008,LINE-03,S1,Electrical Failure,30.2,No
DT-007560,2026-01-18,M-004,LINE-02,S1,Operator Delay,46.2,No
DT-007561,2026-02-10,M-010,LINE-04,S2,Electrical Failure,57.0,No
DT-007562,2026-05-09,M-002,LINE-01,S1,Cleaning,9.9,No
DT-007563,2026-01-22,M-012,LINE-04,S2,Electrical Failure,43.8,No
DT-007564,2026-06-12,M-003,LINE-01,S1,Electrical Failure,6.6,No
DT-007565,2026-03-06,M-012,LINE-04,S3,Mechanical Failure,64.8,No
DT-007566,2026-04-12,M-004,LINE-02,S3,Electrical Failure,102.4,No
DT-007567,2026-02-26,M-011,LINE-04,S3,Mechanical Failure,16.4,No
DT-007568,2026-02-07,M-002,LINE-01,S2,Material Shortage,10.8,No
DT-007569,2026-03-19,M-006,LINE-02,S3,Electrical Failure,65.4,No
DT-007570,2026-06-08,M-005,LINE-02,S2,Operator Delay,9.9,No
DT-007571,2026-02-04,M-011,LINE-04,S1,Material Shortage,29.4,No
DT-007572,2026-04-24,M-005,LINE-02,S1,Changeover,28.6,Yes
DT-007573,2026-05-14,M-008,LINE-03,S2,Changeover,30.4,Yes
DT-007574,2026-01-30,M-005,LINE-02,S3,Mechanical Failure,14.2,No
DT-007575,2026-03-09,M-001,LINE-01,S2,Mechanical Failure,31.0,No
DT-007576,2026-01-15,M-007,LINE-03,S2,Preventive Maintenance,58.1,Yes
DT-007577,2026-05-25,M-010,LINE-04,S3,Mechanical Failure,109.8,No
DT-007578,2026-01-05,M-007,LINE-03,S3,Material Shortage,11.0,No
DT-007579,2026-04-19,M-004,LINE-02,S2,Preventive Maintenance,70.5,Yes
DT-007580,2026-01-20,M-012,LINE-04,S1,Cleaning,13.2,No
DT-007581,2026-03-06,M-010,LINE-04,S3,Mechanical Failure,4.8,No
DT-007582,2026-05-07,M-009,LINE-03,S3,Changeover,45.5,Yes
DT-007583,2026-02-28,M-005,LINE-02,S3,Material Shortage,15.0,No
DT-007584,2026-03-14,M-003,LINE-01,S1,Electrical Failure,11.2,No
DT-007585,2026-02-08,M-005,LINE-02,S1,Mechanical Failure,69.8,No
DT-007586,2026-04-05,M-003,LINE-01,S1,Electrical Failure,8.8,No
DT-007587,2026-06-05,M-001,LINE-01,S1,Quality Hold,71.3,No
DT-007588,2026-01-10,M-004,LINE-02,S2,Preventive Maintenance,56.6,Yes
DT-007589,2026-05-22,M-004,LINE-02,S3,Changeover,24.3,Yes
DT-007590,2026-06-02,M-002,LINE-01,S1,Mechanical Failure,42.8,No
DT-007591,2026-05-05,M-005,LINE-02,S2,Electrical Failure,107.0,No
DT-007592,2026-04-07,M-005,LINE-02,S1,Mechanical Failure,108.9,No
DT-007593,2026-05-11,M-009,LINE-03,S2,Mechanical Failure,130.2,No
DT-007594,2026-02-14,M-008,LINE-03,S1,Material Shortage,11.1,No
DT-007595,2026-01-12,M-011,LINE-04,S1,Preventive Maintenance,4.2,Yes
DT-007596,2026-06-16,M-004,LINE-02,S1,Material Shortage,39.2,No
DT-007597,2026-03-01,M-011,LINE-04,S2,Mechanical Failure,26.6,No
DT-007598,2026-04-16,M-009,LINE-03,S2,Operator Delay,43.0,No
DT-007599,2026-01-30,M-005,LINE-02,S2,Changeover,8.0,Yes
DT-007600,2026-05-13,M-003,LINE-01,S2,Mechanical Failure,18.6,No
DT-007601,2026-02-18,M-010,LINE-04,S2,Mechanical Failure,38.1,No
DT-007602,2026-02-03,M-012,LINE-04,S2,Electrical Failure,72.8,No
DT-007603,2026-01-26,M-009,LINE-03,S1,Mechanical Failure,84.7,No
DT-007604,2026-02-23,M-005,LINE-02,S1,Mechanical Failure,8.1,No
DT-007605,2026-06-27,M-004,LINE-02,S2,Mechanical Failure,20.5,No
DT-007606,2026-04-29,M-001,LINE-01,S1,Changeover,28.1,Yes
DT-007607,2026-02-22,M-005,LINE-02,S1,Mechanical Failure,51.6,No
DT-007608,2026-06-27,M-006,LINE-02,S1,Electrical Failure,12.7,No
DT-007609,2026-01-30,M-005,LINE-02,S2,Changeover,16.3,Yes
DT-007610,2026-06-20,M-008,LINE-03,S2,Material Shortage,10.3,No
DT-007611,2026-01-14,M-009,LINE-03,S3,Electrical Failure,11.1,No
DT-007612,2026-03-15,M-008,LINE-03,S2,Material Shortage,36.1,No
DT-007613,2026-04-21,M-010,LINE-04,S1,Mechanical Failure,63.8,No
DT-007614,2026-05-16,M-012,LINE-04,S1,Electrical Failure,3.0,No
DT-007615,2026-05-18,M-012,LINE-04,S3,Operator Delay,23.5,No
DT-007616,2026-03-29,M-001,LINE-01,S3,Material Shortage,7.6,No
DT-007617,2026-06-23,M-002,LINE-01,S1,Electrical Failure,43.7,No
DT-007618,2026-04-09,M-005,LINE-02,S1,Material Shortage,22.5,No
DT-007619,2026-05-20,M-011,LINE-04,S1,Mechanical Failure,69.3,No
DT-007620,2026-04-23,M-010,LINE-04,S3,Operator Delay,27.8,No
DT-007621,2026-02-23,M-003,LINE-01,S3,Quality Hold,3.0,No
DT-007622,2026-03-26,M-007,LINE-03,S2,Mechanical Failure,36.9,No
DT-007623,2026-04-06,M-011,LINE-04,S1,Operator Delay,18.2,No
DT-007624,2026-01-14,M-001,LINE-01,S1,Cleaning,6.7,No
DT-007625,2026-01-20,M-009,LINE-03,S1,Mechanical Failure,28.0,No
DT-007626,2026-02-16,M-010,LINE-04,S2,Mechanical Failure,69.5,No
DT-007627,2026-05-21,M-010,LINE-04,S3,Electrical Failure,42.1,No
DT-007628,2026-03-04,M-004,LINE-02,S2,Mechanical Failure,3.9,No
DT-007629,2026-05-05,M-006,LINE-02,S1,Mechanical Failure,20.3,No
DT-007630,2026-03-08,M-007,LINE-03,S1,Quality Hold,29.5,No
DT-007631,2026-06-05,M-005,LINE-02,S1,Material Shortage,34.4,No
DT-007632,2026-03-31,M-011,LINE-04,S3,Cleaning,17.8,No
DT-007633,2026-05-09,M-006,LINE-02,S1,Quality Hold,42.2,No
DT-007634,2026-06-22,M-004,LINE-02,S3,Electrical Failure,44.9,No
DT-007635,2026-01-14,M-009,LINE-03,S3,Electrical Failure,21.7,No
DT-007636,2026-05-14,M-008,LINE-03,S1,Material Shortage,37.6,No
DT-007637,2026-03-24,M-005,LINE-02,S1,Changeover,14.3,Yes
DT-007638,2026-03-26,M-012,LINE-04,S1,Mechanical Failure,7.4,No
DT-007639,2026-02-04,M-003,LINE-01,S2,Mechanical Failure,9.3,No
DT-007640,2026-03-20,M-010,LINE-04,S1,Changeover,14.8,Yes
DT-007641,2026-01-07,M-001,LINE-01,S1,Electrical Failure,31.6,No
DT-007642,2026-03-22,M-012,LINE-04,S3,Quality Hold,25.9,No
DT-007643,2026-06-08,M-009,LINE-03,S2,Operator Delay,4.3,No
DT-007644,2026-05-18,M-006,LINE-02,S1,Mechanical Failure,36.6,No
DT-007645,2026-05-21,M-008,LINE-03,S2,Material Shortage,39.9,No
DT-007646,2026-04-25,M-009,LINE-03,S1,Mechanical Failure,50.6,No
DT-007647,2026-05-10,M-012,LINE-04,S1,Operator Delay,35.7,No
DT-007648,2026-05-23,M-010,LINE-04,S1,Mechanical Failure,42.2,No
DT-007649,2026-04-15,M-010,LINE-04,S3,Quality Hold,50.5,No
DT-007650,2026-02-04,M-010,LINE-04,S2,Changeover,9.5,Yes
DT-007651,2026-03-16,M-012,LINE-04,S1,Mechanical Failure,26.7,No
DT-007652,2026-01-09,M-004,LINE-02,S2,Electrical Failure,59.5,No
DT-007653,2026-02-21,M-003,LINE-01,S1,Material Shortage,30.5,No
DT-007654,2026-04-21,M-001,LINE-01,S2,Material Shortage,22.6,No
DT-007655,2026-01-27,M-011,LINE-04,S1,Mechanical Failure,31.8,No
DT-007656,2026-04-18,M-006,LINE-02,S3,Changeover,44.1,Yes
DT-007657,2026-05-31,M-008,LINE-03,S3,Quality Hold,26.5,No
DT-007658,2026-03-14,M-002,LINE-01,S3,Cleaning,7.7,No
DT-007659,2026-05-16,M-001,LINE-01,S3,Changeover,16.0,Yes
DT-007660,2026-04-07,M-010,LINE-04,S2,Material Shortage,10.6,No
DT-007661,2026-06-10,M-009,LINE-03,S3,Mechanical Failure,36.8,No
DT-007662,2026-01-15,M-009,LINE-03,S2,Mechanical Failure,18.6,No
DT-007663,2026-06-07,M-001,LINE-01,S1,Mechanical Failure,47.8,No
DT-007664,2026-04-01,M-004,LINE-02,S3,Material Shortage,16.9,No
DT-007665,2026-06-04,M-002,LINE-01,S1,Quality Hold,68.0,No
DT-007666,2026-01-20,M-002,LINE-01,S1,Mechanical Failure,35.0,No
DT-007667,2026-06-11,M-008,LINE-03,S3,Material Shortage,41.7,No
DT-007668,2026-02-17,M-004,LINE-02,S1,Electrical Failure,28.0,No
DT-007669,2026-04-12,M-010,LINE-04,S3,Changeover,39.1,Yes
DT-007670,2026-05-15,M-007,LINE-03,S2,Mechanical Failure,36.0,No
DT-007671,2026-04-08,M-009,LINE-03,S3,Electrical Failure,15.4,No
DT-007672,2026-06-25,M-003,LINE-01,S1,Electrical Failure,62.1,No
DT-007673,2026-01-31,M-005,LINE-02,S2,Electrical Failure,21.9,No
DT-007674,2026-05-20,M-003,LINE-01,S2,Electrical Failure,57.7,No
DT-007675,2026-03-15,M-009,LINE-03,S1,Electrical Failure,55.5,No
DT-007676,2026-02-26,M-006,LINE-02,S3,Electrical Failure,12.4,No
DT-007677,2026-01-09,M-008,LINE-03,S2,Changeover,21.2,Yes
DT-007678,2026-02-16,M-004,LINE-02,S2,Material Shortage,16.8,No
DT-007679,2026-05-08,M-007,LINE-03,S1,Mechanical Failure,14.3,No
DT-007680,2026-01-31,M-003,LINE-01,S1,Cleaning,16.5,No
DT-007681,2026-06-16,M-003,LINE-01,S1,Electrical Failure,34.1,No
DT-007682,2026-06-14,M-003,LINE-01,S1,Electrical Failure,33.2,No
DT-007683,2026-05-04,M-007,LINE-03,S3,Mechanical Failure,16.2,No
DT-007684,2026-02-04,M-003,LINE-01,S1,Mechanical Failure,51.1,No
DT-007685,2026-02-12,M-004,LINE-02,S1,Mechanical Failure,30.9,No
DT-007686,2026-06-14,M-008,LINE-03,S3,Electrical Failure,19.2,No
DT-007687,2026-05-13,M-006,LINE-02,S3,Electrical Failure,18.1,No
DT-007688,2026-01-19,M-007,LINE-03,S2,Electrical Failure,50.2,No
DT-007689,2026-04-21,M-011,LINE-04,S2,Mechanical Failure,22.4,No
DT-007690,2026-05-01,M-009,LINE-03,S2,Mechanical Failure,15.0,No
DT-007691,2026-05-21,M-012,LINE-04,S3,Mechanical Failure,54.1,No
DT-007692,2026-03-02,M-010,LINE-04,S3,Preventive Maintenance,22.1,Yes
DT-007693,2026-03-05,M-011,LINE-04,S1,Quality Hold,7.8,No
DT-007694,2026-04-02,M-001,LINE-01,S1,Electrical Failure,73.9,No
DT-007695,2026-02-13,M-005,LINE-02,S1,Electrical Failure,44.2,No
DT-007696,2026-05-12,M-007,LINE-03,S2,Mechanical Failure,3.0,No
DT-007697,2026-01-13,M-003,LINE-01,S2,Quality Hold,28.2,No
DT-007698,2026-06-22,M-003,LINE-01,S2,Mechanical Failure,7.1,No
DT-007699,2026-06-09,M-009,LINE-03,S1,Changeover,41.8,Yes
DT-007700,2026-02-01,M-011,LINE-04,S3,Mechanical Failure,47.6,No
DT-007701,2026-01-01,M-008,LINE-03,S3,Preventive Maintenance,37.2,Yes
DT-007702,2026-05-18,M-006,LINE-02,S1,Mechanical Failure,89.2,No
DT-007703,2026-06-29,M-012,LINE-04,S1,Mechanical Failure,67.2,No
DT-007704,2026-02-22,M-004,LINE-02,S1,Mechanical Failure,31.0,No
DT-007705,2026-01-22,M-011,LINE-04,S1,Cleaning,13.6,No
DT-007706,2026-04-12,M-010,LINE-04,S2,Electrical Failure,34.9,No
DT-007707,2026-02-16,M-011,LINE-04,S3,Material Shortage,8.2,No
DT-007708,2026-05-20,M-011,LINE-04,S2,Mechanical Failure,11.1,No
DT-007709,2026-01-04,M-008,LINE-03,S1,Material Shortage,58.1,No
DT-007710,2026-06-04,M-011,LINE-04,S2,Preventive Maintenance,15.0,Yes
DT-007711,2026-01-21,M-011,LINE-04,S2,Mechanical Failure,14.7,No
DT-007712,2026-01-06,M-012,LINE-04,S2,Changeover,93.4,Yes
DT-007713,2026-06-09,M-003,LINE-01,S2,Quality Hold,12.9,No
DT-007714,2026-04-26,M-009,LINE-03,S3,Mechanical Failure,74.9,No
DT-007715,2026-06-24,M-009,LINE-03,S1,Electrical Failure,7.2,No
DT-007716,2026-02-23,M-003,LINE-01,S1,Changeover,67.0,Yes
DT-007717,2026-03-19,M-002,LINE-01,S2,Mechanical Failure,73.4,No
DT-007718,2026-03-02,M-011,LINE-04,S1,Electrical Failure,59.6,No
DT-007719,2026-05-23,M-001,LINE-01,S2,Mechanical Failure,10.6,No
DT-007720,2026-05-22,M-003,LINE-01,S1,Mechanical Failure,10.6,No
DT-007721,2026-03-05,M-012,LINE-04,S3,Operator Delay,10.4,No
DT-007722,2026-03-22,M-005,LINE-02,S2,Changeover,14.5,Yes
DT-007723,2026-03-07,M-001,LINE-01,S2,Material Shortage,30.0,No
DT-007724,2026-02-13,M-001,LINE-01,S3,Electrical Failure,52.8,No
DT-007725,2026-01-11,M-011,LINE-04,S1,Material Shortage,51.2,No
DT-007726,2026-02-17,M-009,LINE-03,S2,Material Shortage,45.8,No
DT-007727,2026-05-12,M-011,LINE-04,S3,Quality Hold,37.2,No
DT-007728,2026-03-24,M-007,LINE-03,S2,Electrical Failure,3.2,No
DT-007729,2026-05-23,M-009,LINE-03,S1,Operator Delay,21.4,No
DT-007730,2026-05-04,M-012,LINE-04,S1,Electrical Failure,51.8,No
DT-007731,2026-06-26,M-005,LINE-02,S2,Electrical Failure,53.6,No
DT-007732,2026-03-26,M-001,LINE-01,S1,Material Shortage,61.3,No
DT-007733,2026-01-22,M-007,LINE-03,S1,Mechanical Failure,29.6,No
DT-007734,2026-06-25,M-011,LINE-04,S1,Electrical Failure,86.4,No
DT-007735,2026-03-18,M-001,LINE-01,S2,Electrical Failure,98.7,No
DT-007736,2026-04-09,M-005,LINE-02,S1,Mechanical Failure,87.6,No
DT-007737,2026-06-04,M-010,LINE-04,S2,Cleaning,15.2,No
DT-007738,2026-05-30,M-008,LINE-03,S2,Electrical Failure,31.7,No
DT-007739,2026-02-05,M-006,LINE-02,S3,Electrical Failure,28.0,No
DT-007740,2026-02-14,M-008,LINE-03,S2,Quality Hold,8.6,No
DT-007741,2026-01-22,M-006,LINE-02,S1,Mechanical Failure,96.7,No
DT-007742,2026-01-19,M-001,LINE-01,S3,Mechanical Failure,36.6,No
DT-007743,2026-06-22,M-011,LINE-04,S2,Material Shortage,10.7,No
DT-007744,2026-05-01,M-004,LINE-02,S3,Changeover,47.6,Yes
DT-007745,2026-06-16,M-010,LINE-04,S1,Cleaning,15.6,No
DT-007746,2026-03-14,M-006,LINE-02,S3,Mechanical Failure,15.5,No
DT-007747,2026-04-29,M-001,LINE-01,S1,Quality Hold,8.2,No
DT-007748,2026-05-27,M-004,LINE-02,S3,Operator Delay,16.3,No
DT-007749,2026-04-11,M-008,LINE-03,S1,Operator Delay,59.5,No
DT-007750,2026-01-03,M-001,LINE-01,S2,Changeover,50.8,Yes
DT-007751,2026-01-05,M-011,LINE-04,S3,Mechanical Failure,30.8,No
DT-007752,2026-06-30,M-007,LINE-03,S1,Changeover,60.3,Yes
DT-007753,2026-05-05,M-008,LINE-03,S2,Mechanical Failure,12.8,No
DT-007754,2026-05-29,M-004,LINE-02,S3,Material Shortage,38.0,No
DT-007755,2026-03-26,M-010,LINE-04,S1,Quality Hold,13.4,No
DT-007756,2026-03-18,M-011,LINE-04,S2,Material Shortage,15.6,No
DT-007757,2026-01-01,M-012,LINE-04,S2,Mechanical Failure,27.4,No
DT-007758,2026-01-28,M-001,LINE-01,S1,Cleaning,3.0,No
DT-007759,2026-01-01,M-003,LINE-01,S3,Changeover,5.6,Yes
DT-007760,2026-01-21,M-010,LINE-04,S2,Operator Delay,7.9,No
DT-007761,2026-05-06,M-009,LINE-03,S2,Quality Hold,9.0,No
DT-007762,2026-01-18,M-010,LINE-04,S1,Changeover,23.7,Yes
DT-007763,2026-05-17,M-003,LINE-01,S1,Changeover,11.8,Yes
DT-007764,2026-05-03,M-003,LINE-01,S3,Operator Delay,21.6,No
DT-007765,2026-05-28,M-012,LINE-04,S1,Cleaning,26.5,No
DT-007766,2026-01-16,M-007,LINE-03,S2,Mechanical Failure,109.3,No
DT-007767,2026-06-26,M-009,LINE-03,S3,Cleaning,9.6,No
DT-007768,2026-01-30,M-004,LINE-02,S2,Cleaning,3.0,No
DT-007769,2026-06-22,M-009,LINE-03,S2,Mechanical Failure,63.1,No
DT-007770,2026-03-30,M-002,LINE-01,S1,Material Shortage,31.4,No
DT-007771,2026-06-09,M-003,LINE-01,S2,Electrical Failure,23.3,No
DT-007772,2026-01-21,M-005,LINE-02,S1,Changeover,16.3,Yes
DT-007773,2026-01-14,M-004,LINE-02,S1,Changeover,17.8,Yes
DT-007774,2026-01-30,M-010,LINE-04,S1,Electrical Failure,19.0,No
DT-007775,2026-06-07,M-010,LINE-04,S1,Operator Delay,23.6,No
DT-007776,2026-04-23,M-001,LINE-01,S1,Electrical Failure,28.8,No
DT-007777,2026-04-08,M-007,LINE-03,S3,Cleaning,4.0,No
DT-007778,2026-04-16,M-007,LINE-03,S3,Quality Hold,60.3,No
DT-007779,2026-02-21,M-011,LINE-04,S3,Mechanical Failure,44.6,No
DT-007780,2026-02-14,M-001,LINE-01,S3,Cleaning,48.4,No
DT-007781,2026-03-06,M-004,LINE-02,S3,Mechanical Failure,30.9,No
DT-007782,2026-01-01,M-003,LINE-01,S1,Material Shortage,26.3,No
DT-007783,2026-04-21,M-012,LINE-04,S3,Mechanical Failure,30.8,No
DT-007784,2026-05-08,M-003,LINE-01,S2,Electrical Failure,30.0,No
DT-007785,2026-04-21,M-011,LINE-04,S2,Mechanical Failure,27.4,No
DT-007786,2026-02-18,M-002,LINE-01,S2,Changeover,49.2,Yes
DT-007787,2026-03-12,M-010,LINE-04,S3,Electrical Failure,26.2,No
DT-007788,2026-01-31,M-005,LINE-02,S1,Material Shortage,11.9,No
DT-007789,2026-06-20,M-006,LINE-02,S1,Mechanical Failure,37.3,No
DT-007790,2026-06-04,M-010,LINE-04,S2,Mechanical Failure,41.6,No
DT-007791,2026-02-28,M-005,LINE-02,S1,Electrical Failure,55.7,No
DT-007792,2026-05-21,M-012,LINE-04,S1,Material Shortage,14.9,No
DT-007793,2026-02-03,M-004,LINE-02,S2,Material Shortage,41.6,No
DT-007794,2026-03-22,M-001,LINE-01,S1,Material Shortage,71.6,No
DT-007795,2026-05-17,M-006,LINE-02,S2,Mechanical Failure,7.8,No
DT-007796,2026-01-19,M-006,LINE-02,S1,Material Shortage,18.6,No
DT-007797,2026-03-31,M-011,LINE-04,S1,Changeover,58.3,Yes
DT-007798,2026-04-08,M-010,LINE-04,S1,Mechanical Failure,61.9,No
DT-007799,2026-02-07,M-004,LINE-02,S1,Mechanical Failure,9.1,No
DT-007800,2026-05-23,M-004,LINE-02,S2,Material Shortage,18.8,No
DT-007801,2026-05-12,M-006,LINE-02,S3,Mechanical Failure,63.4,No
DT-007802,2026-05-10,M-012,LINE-04,S3,Mechanical Failure,49.7,No
DT-007803,2026-04-09,M-006,LINE-02,S1,Electrical Failure,78.8,No
DT-007804,2026-02-27,M-006,LINE-02,S2,Changeover,22.6,Yes
DT-007805,2026-02-03,M-002,LINE-01,S1,Mechanical Failure,28.1,No
DT-007806,2026-02-03,M-008,LINE-03,S3,Preventive Maintenance,87.1,Yes
DT-007807,2026-02-04,M-011,LINE-04,S3,Changeover,24.2,Yes
DT-007808,2026-04-01,M-009,LINE-03,S2,Preventive Maintenance,22.9,Yes
DT-007809,2026-03-26,M-005,LINE-02,S1,Operator Delay,3.5,No
DT-007810,2026-01-08,M-005,LINE-02,S3,Electrical Failure,51.2,No
DT-007811,2026-04-19,M-011,LINE-04,S2,Mechanical Failure,55.6,No
DT-007812,2026-05-29,M-003,LINE-01,S1,Changeover,29.5,Yes
DT-007813,2026-01-06,M-002,LINE-01,S1,Changeover,39.0,Yes
DT-007814,2026-06-17,M-002,LINE-01,S3,Cleaning,11.2,No
DT-007815,2026-01-18,M-004,LINE-02,S2,Operator Delay,27.1,No
DT-007816,2026-05-15,M-012,LINE-04,S2,Mechanical Failure,66.2,No
DT-007817,2026-06-16,M-001,LINE-01,S1,Material Shortage,22.7,No
DT-007818,2026-06-18,M-007,LINE-03,S1,Quality Hold,44.6,No
DT-007819,2026-03-28,M-004,LINE-02,S3,Electrical Failure,26.8,No
DT-007820,2026-06-15,M-004,LINE-02,S2,Mechanical Failure,26.8,No
DT-007821,2026-01-20,M-004,LINE-02,S1,Mechanical Failure,50.7,No
DT-007822,2026-01-10,M-001,LINE-01,S2,Mechanical Failure,33.4,No
DT-007823,2026-01-05,M-011,LINE-04,S2,Quality Hold,17.7,No
DT-007824,2026-02-14,M-001,LINE-01,S3,Mechanical Failure,71.6,No
DT-007825,2026-03-06,M-006,LINE-02,S2,Quality Hold,17.6,No
DT-007826,2026-05-14,M-001,LINE-01,S2,Electrical Failure,15.8,No
DT-007827,2026-03-24,M-004,LINE-02,S2,Mechanical Failure,3.0,No
DT-007828,2026-06-22,M-003,LINE-01,S1,Operator Delay,10.3,No
DT-007829,2026-05-18,M-011,LINE-04,S3,Material Shortage,30.5,No
DT-007830,2026-04-24,M-001,LINE-01,S2,Mechanical Failure,32.3,No
DT-007831,2026-03-04,M-011,LINE-04,S1,Material Shortage,40.1,No
DT-007832,2026-01-25,M-011,LINE-04,S3,Mechanical Failure,27.1,No
DT-007833,2026-01-30,M-011,LINE-04,S2,Electrical Failure,4.6,No
DT-007834,2026-05-17,M-003,LINE-01,S1,Mechanical Failure,47.6,No
DT-007835,2026-06-19,M-007,LINE-03,S2,Electrical Failure,41.5,No
DT-007836,2026-05-18,M-004,LINE-02,S3,Quality Hold,38.5,No
DT-007837,2026-04-09,M-002,LINE-01,S1,Electrical Failure,35.9,No
DT-007838,2026-05-26,M-012,LINE-04,S3,Mechanical Failure,73.0,No
DT-007839,2026-04-16,M-006,LINE-02,S2,Mechanical Failure,45.8,No
DT-007840,2026-01-10,M-005,LINE-02,S1,Electrical Failure,18.7,No
DT-007841,2026-05-23,M-012,LINE-04,S3,Mechanical Failure,30.5,No
DT-007842,2026-03-27,M-008,LINE-03,S3,Electrical Failure,60.0,No
DT-007843,2026-03-15,M-005,LINE-02,S2,Mechanical Failure,27.4,No
DT-007844,2026-02-01,M-009,LINE-03,S1,Cleaning,4.0,No
DT-007845,2026-01-10,M-012,LINE-04,S2,Changeover,30.5,Yes
DT-007846,2026-03-14,M-012,LINE-04,S2,Material Shortage,30.3,No
DT-007847,2026-03-18,M-008,LINE-03,S2,Mechanical Failure,7.0,No
DT-007848,2026-04-05,M-009,LINE-03,S1,Material Shortage,32.6,No
DT-007849,2026-01-28,M-005,LINE-02,S2,Quality Hold,11.6,No
DT-007850,2026-05-02,M-010,LINE-04,S1,Cleaning,12.7,No
DT-007851,2026-06-13,M-004,LINE-02,S2,Operator Delay,9.6,No
DT-007852,2026-06-06,M-007,LINE-03,S2,Cleaning,20.0,No
DT-007853,2026-03-20,M-011,LINE-04,S3,Changeover,12.4,Yes
DT-007854,2026-04-09,M-006,LINE-02,S3,Material Shortage,17.0,No
DT-007855,2026-06-08,M-011,LINE-04,S3,Mechanical Failure,31.9,No
DT-007856,2026-06-10,M-003,LINE-01,S1,Quality Hold,7.6,No
DT-007857,2026-06-03,M-006,LINE-02,S1,Changeover,3.0,Yes
DT-007858,2026-03-20,M-001,LINE-01,S3,Operator Delay,9.1,No
DT-007859,2026-05-20,M-009,LINE-03,S3,Cleaning,16.7,No
DT-007860,2026-03-05,M-003,LINE-01,S2,Mechanical Failure,35.5,No
DT-007861,2026-03-21,M-003,LINE-01,S2,Electrical Failure,35.6,No
DT-007862,2026-06-26,M-010,LINE-04,S2,Cleaning,17.0,No
DT-007863,2026-06-24,M-005,LINE-02,S2,Electrical Failure,78.4,No
DT-007864,2026-02-17,M-002,LINE-01,S2,Mechanical Failure,5.3,No
DT-007865,2026-03-03,M-007,LINE-03,S2,Operator Delay,13.1,No
DT-007866,2026-01-18,M-002,LINE-01,S1,Material Shortage,82.6,No
DT-007867,2026-01-11,M-011,LINE-04,S2,Material Shortage,22.5,No
DT-007868,2026-02-11,M-005,LINE-02,S2,Electrical Failure,90.1,No
DT-007869,2026-04-20,M-006,LINE-02,S2,Electrical Failure,16.8,No
DT-007870,2026-06-03,M-011,LINE-04,S1,Mechanical Failure,34.6,No
DT-007871,2026-04-08,M-012,LINE-04,S1,Electrical Failure,8.4,No
DT-007872,2026-04-21,M-009,LINE-03,S1,Mechanical Failure,14.4,No
DT-007873,2026-06-04,M-004,LINE-02,S2,Electrical Failure,35.0,No
DT-007874,2026-02-08,M-012,LINE-04,S2,Electrical Failure,64.0,No
DT-007875,2026-06-09,M-003,LINE-01,S2,Cleaning,14.0,No
DT-007876,2026-02-16,M-008,LINE-03,S1,Changeover,18.7,Yes
DT-007877,2026-01-19,M-001,LINE-01,S2,Cleaning,11.1,No
DT-007878,2026-05-11,M-007,LINE-03,S3,Changeover,29.2,Yes
DT-007879,2026-05-27,M-012,LINE-04,S2,Mechanical Failure,59.1,No
DT-007880,2026-05-31,M-010,LINE-04,S1,Quality Hold,33.3,No
DT-007881,2026-06-29,M-002,LINE-01,S2,Mechanical Failure,146.6,No
DT-007882,2026-05-11,M-002,LINE-01,S1,Material Shortage,4.7,No
DT-007883,2026-06-05,M-009,LINE-03,S1,Quality Hold,26.9,No
DT-007884,2026-02-13,M-006,LINE-02,S1,Quality Hold,42.6,No
DT-007885,2026-02-28,M-003,LINE-01,S3,Cleaning,12.1,No
DT-007886,2026-01-18,M-010,LINE-04,S2,Changeover,97.2,Yes
DT-007887,2026-03-09,M-007,LINE-03,S2,Changeover,4.5,Yes
DT-007888,2026-04-04,M-002,LINE-01,S1,Electrical Failure,103.7,No
DT-007889,2026-05-11,M-012,LINE-04,S1,Electrical Failure,45.3,No
DT-007890,2026-06-20,M-011,LINE-04,S1,Preventive Maintenance,20.7,Yes
DT-007891,2026-05-28,M-007,LINE-03,S3,Mechanical Failure,17.6,No
DT-007892,2026-03-30,M-008,LINE-03,S1,Operator Delay,26.0,No
DT-007893,2026-02-11,M-007,LINE-03,S2,Mechanical Failure,16.0,No
DT-007894,2026-04-01,M-009,LINE-03,S1,Electrical Failure,96.4,No
DT-007895,2026-02-27,M-007,LINE-03,S3,Cleaning,35.6,No
DT-007896,2026-01-29,M-006,LINE-02,S2,Electrical Failure,4.1,No
DT-007897,2026-03-28,M-001,LINE-01,S2,Electrical Failure,31.5,No
DT-007898,2026-03-08,M-007,LINE-03,S1,Mechanical Failure,32.5,No
DT-007899,2026-02-16,M-003,LINE-01,S1,Electrical Failure,16.8,No
DT-007900,2026-01-10,M-009,LINE-03,S3,Operator Delay,31.4,No
DT-007901,2026-02-28,M-011,LINE-04,S2,Material Shortage,32.9,No
DT-007902,2026-02-18,M-010,LINE-04,S1,Mechanical Failure,3.2,No
DT-007903,2026-02-19,M-004,LINE-02,S1,Changeover,12.7,Yes
DT-007904,2026-02-22,M-002,LINE-01,S3,Electrical Failure,38.2,No
DT-007905,2026-06-05,M-008,LINE-03,S2,Electrical Failure,17.5,No
DT-007906,2026-01-27,M-009,LINE-03,S2,Mechanical Failure,10.1,No
DT-007907,2026-01-27,M-004,LINE-02,S2,Mechanical Failure,19.3,No
DT-007908,2026-04-09,M-005,LINE-02,S1,Material Shortage,25.4,No
DT-007909,2026-01-12,M-005,LINE-02,S1,Material Shortage,13.5,No
DT-007910,2026-06-29,M-010,LINE-04,S1,Mechanical Failure,113.8,No
DT-007911,2026-02-14,M-011,LINE-04,S2,Material Shortage,7.1,No
DT-007912,2026-01-29,M-004,LINE-02,S2,Mechanical Failure,20.1,No
DT-007913,2026-01-15,M-006,LINE-02,S1,Changeover,34.2,Yes
DT-007914,2026-03-05,M-005,LINE-02,S2,Material Shortage,77.2,No
DT-007915,2026-06-13,M-007,LINE-03,S1,Changeover,20.8,Yes
DT-007916,2026-04-02,M-004,LINE-02,S3,Changeover,31.7,Yes
DT-007917,2026-05-25,M-008,LINE-03,S1,Material Shortage,80.1,No
DT-007918,2026-03-17,M-006,LINE-02,S3,Mechanical Failure,38.4,No
DT-007919,2026-05-24,M-010,LINE-04,S2,Mechanical Failure,14.1,No
DT-007920,2026-02-18,M-011,LINE-04,S1,Material Shortage,13.3,No
DT-007921,2026-01-17,M-008,LINE-03,S2,Mechanical Failure,11.8,No
DT-007922,2026-05-27,M-010,LINE-04,S1,Electrical Failure,45.1,No
DT-007923,2026-06-28,M-003,LINE-01,S2,Changeover,29.5,Yes
DT-007924,2026-03-04,M-001,LINE-01,S1,Operator Delay,38.5,No
DT-007925,2026-01-18,M-008,LINE-03,S1,Material Shortage,28.6,No
DT-007926,2026-05-26,M-005,LINE-02,S3,Mechanical Failure,20.4,No
DT-007927,2026-05-13,M-003,LINE-01,S1,Changeover,89.2,Yes
DT-007928,2026-06-26,M-009,LINE-03,S3,Electrical Failure,17.9,No
DT-007929,2026-02-03,M-009,LINE-03,S2,Electrical Failure,13.2,No
DT-007930,2026-01-16,M-009,LINE-03,S1,Material Shortage,30.0,No
DT-007931,2026-06-10,M-011,LINE-04,S1,Electrical Failure,35.2,No
DT-007932,2026-04-18,M-001,LINE-01,S1,Electrical Failure,21.0,No
DT-007933,2026-01-28,M-006,LINE-02,S2,Electrical Failure,30.3,No
DT-007934,2026-03-04,M-001,LINE-01,S1,Mechanical Failure,39.7,No
DT-007935,2026-03-16,M-007,LINE-03,S2,Operator Delay,18.9,No
DT-007936,2026-06-02,M-006,LINE-02,S3,Mechanical Failure,30.2,No
DT-007937,2026-05-18,M-003,LINE-01,S3,Operator Delay,39.0,No
DT-007938,2026-03-24,M-009,LINE-03,S1,Changeover,7.8,Yes
DT-007939,2026-02-07,M-012,LINE-04,S1,Material Shortage,54.6,No
DT-007940,2026-03-06,M-012,LINE-04,S1,Cleaning,4.8,No
DT-007941,2026-01-15,M-011,LINE-04,S2,Changeover,7.8,Yes
DT-007942,2026-05-20,M-001,LINE-01,S2,Electrical Failure,53.8,No
DT-007943,2026-01-18,M-005,LINE-02,S1,Changeover,13.8,Yes
DT-007944,2026-05-22,M-005,LINE-02,S3,Changeover,25.6,Yes
DT-007945,2026-05-03,M-003,LINE-01,S1,Electrical Failure,10.7,No
DT-007946,2026-04-16,M-003,LINE-01,S1,Mechanical Failure,71.5,No
DT-007947,2026-05-05,M-005,LINE-02,S2,Mechanical Failure,29.4,No
DT-007948,2026-01-05,M-009,LINE-03,S2,Mechanical Failure,46.7,No
DT-007949,2026-03-23,M-003,LINE-01,S1,Mechanical Failure,14.9,No
DT-007950,2026-04-11,M-010,LINE-04,S1,Mechanical Failure,25.7,No
DT-007951,2026-01-15,M-011,LINE-04,S2,Material Shortage,3.7,No
DT-007952,2026-03-28,M-009,LINE-03,S2,Electrical Failure,51.0,No
DT-007953,2026-02-11,M-007,LINE-03,S1,Material Shortage,70.0,No
DT-007954,2026-01-05,M-007,LINE-03,S3,Quality Hold,43.3,No
DT-007955,2026-01-27,M-011,LINE-04,S3,Electrical Failure,11.0,No
DT-007956,2026-01-22,M-007,LINE-03,S1,Material Shortage,9.6,No
DT-007957,2026-02-24,M-001,LINE-01,S2,Mechanical Failure,52.2,No
DT-007958,2026-05-08,M-002,LINE-01,S2,Preventive Maintenance,63.8,Yes
DT-007959,2026-02-09,M-011,LINE-04,S1,Cleaning,17.7,No
DT-007960,2026-03-20,M-001,LINE-01,S3,Changeover,58.7,Yes
DT-007961,2026-01-29,M-008,LINE-03,S2,Electrical Failure,12.1,No
DT-007962,2026-03-11,M-010,LINE-04,S1,Material Shortage,26.7,No
DT-007963,2026-05-07,M-003,LINE-01,S1,Changeover,7.2,Yes
DT-007964,2026-02-04,M-007,LINE-03,S2,Changeover,5.9,Yes
DT-007965,2026-06-06,M-001,LINE-01,S2,Mechanical Failure,11.5,No
DT-007966,2026-03-10,M-003,LINE-01,S1,Mechanical Failure,78.4,No
DT-007967,2026-01-19,M-006,LINE-02,S1,Material Shortage,15.3,No
DT-007968,2026-03-23,M-004,LINE-02,S2,Electrical Failure,26.1,No
DT-007969,2026-05-14,M-011,LINE-04,S2,Mechanical Failure,12.9,No
DT-007970,2026-01-14,M-008,LINE-03,S3,Mechanical Failure,67.3,No
DT-007971,2026-01-22,M-005,LINE-02,S1,Electrical Failure,64.4,No
DT-007972,2026-03-09,M-003,LINE-01,S2,Preventive Maintenance,70.4,Yes
DT-007973,2026-02-28,M-011,LINE-04,S3,Electrical Failure,3.4,No
DT-007974,2026-04-14,M-004,LINE-02,S1,Material Shortage,45.9,No
DT-007975,2026-06-01,M-012,LINE-04,S3,Electrical Failure,54.3,No
DT-007976,2026-04-12,M-002,LINE-01,S3,Material Shortage,58.9,No
DT-007977,2026-06-07,M-012,LINE-04,S1,Material Shortage,26.4,No
DT-007978,2026-06-14,M-010,LINE-04,S1,Preventive Maintenance,31.4,Yes
DT-007979,2026-05-13,M-009,LINE-03,S1,Mechanical Failure,30.6,No
DT-007980,2026-02-18,M-009,LINE-03,S3,Electrical Failure,10.7,No
DT-007981,2026-06-21,M-003,LINE-01,S3,Cleaning,20.7,No
DT-007982,2026-02-14,M-004,LINE-02,S1,Electrical Failure,58.3,No
DT-007983,2026-03-16,M-010,LINE-04,S2,Mechanical Failure,14.2,No
DT-007984,2026-01-05,M-008,LINE-03,S1,Quality Hold,31.6,No
DT-007985,2026-05-18,M-002,LINE-01,S1,Operator Delay,29.6,No
DT-007986,2026-06-11,M-006,LINE-02,S2,Electrical Failure,82.8,No
DT-007987,2026-06-10,M-001,LINE-01,S2,Material Shortage,8.5,No
DT-007988,2026-03-21,M-003,LINE-01,S2,Operator Delay,14.4,No
DT-007989,2026-04-03,M-002,LINE-01,S1,Mechanical Failure,33.1,No
DT-007990,2026-06-16,M-012,LINE-04,S3,Mechanical Failure,122.2,No
DT-007991,2026-05-06,M-007,LINE-03,S2,Electrical Failure,48.4,No
DT-007992,2026-05-27,M-012,LINE-04,S1,Cleaning,8.0,No
DT-007993,2026-01-30,M-012,LINE-04,S2,Material Shortage,26.7,No
DT-007994,2026-01-27,M-012,LINE-04,S2,Changeover,23.5,Yes
DT-007995,2026-03-07,M-001,LINE-01,S2,Operator Delay,20.2,No
DT-007996,2026-03-05,M-008,LINE-03,S2,Mechanical Failure,10.2,No
DT-007997,2026-06-04,M-002,LINE-01,S2,Quality Hold,10.1,No
DT-007998,2026-05-15,M-009,LINE-03,S2,Cleaning,67.0,No
DT-007999,2026-01-30,M-010,LINE-04,S3,Mechanical Failure,135.4,No
DT-008000,2026-03-31,M-006,LINE-02,S1,Mechanical Failure,22.7,No
